text,hs_state,hatespeechcore,hatespeech_llm,hatespeech_LLM_gpt_5_2
"Yeah, I came to learn through my muslim neighbors that generosity is a big part of your culture. We sat in his garden for hours while he offered me food and just talked about anything that came to our minds. Beautiful people and beautiful memories.",0,-7.57,0,0
"XGahtihesKhs 0fk1ytt6 O9feyazj @mUpda9m_eiUri @NPbmjidgx_Unr @wgetcdeehiS @vbUhRn0 SX Ff 21cse5wrs Y?????????????z?????vmaoine ZSe Hbd pemHle 6haZ cerA 7a5aziyg stkreh rQesxh oW2e 0rH 8 cgba l2fL 6aSOYnts, sca m shouQd shujld O CvaiTBq 00p, cuz rR 86e dulelst n n thu 7srO stZp1COsM. O1Yt an i2maQE ebithr4V as VwFghtZ GVnn, bPsi1Vs GMngZsO K77n KLpE nod tMYs crNp. crpa.",0,-1.5,1,0
"ss D Pasifta2i G'fe nvefK VSL58f mkdfle eJg5raK. Udru dtts gMvY lommiTflisD cVKmo5Ality sJz5 7rkEsun BIe Apabip, bWEbnc, it fYs a Ei3ed mi1xd 2ocPv8Saay Yf weeQv's nTD1n7g onthing wiMh fKhe.",0,-3.02,0,0
I aK Wbgdou8 au Vs Q4 Khz hIiXng a Cqi Rf 1sU iHz IxdimWj uUiP wsep 6eF9 ctu. AB6tP Mrow up iP a dbfGfioqM tafX tFhn p5oBAe ly8y uE frlW InaYZ) aLd aO8 I hVE4 oRtxn fuocD 2hat ABDzs hvQe HhiLr G0rwlS friynds and GVfon like tn V6Igtn1t mXNh wk31 iRwh,0,-2.83,0,0
"Rbnded mhltgy UtaG on P3 CeB8rul BhejH Cr's Ajeirva levos cPysQqFkBjes. Uy don'x BwTt +IE AmegiGa. qnedXml Xoj TLerico IHatx8 AaCv T'ta oilU0rTus lA'p HAm to wMtL qihR Mx7iHCUs loCDs R9rk their F4Qh yo9e Whd hlikkiGus nnwmoE2, wcPidyMZs H8h7, yJ 0he6 HAf",0,-1.2,1,0
TSmm LJoe X9oe,0,-3.56,0,0
i1 mSat 7Ye in,0,-1.23,0,0
Leave Britney alone Jesus take the wheel. I don't care if she uses my bathrooms. She's got better hair and makeup then I do. I could care less that she's a woman she's happy in her relationship driving her pink truck minding her own business. If you don't like or don't watch her. She's not hurting anybody all right I've said my peace,0,-2.83,1,0
"khr mark oL Pa1H ns es mark oT pZ9RZclMon, QU0 majkZg eaxD sI Ghat evXarFne wwlud Oonw thEt Aox bHs pejrGnaliy poTuing 2uw aor zip and Fo nnX F6o2ld rxthew him og trI to isPjPh feI ZiaLiHg Qae Zrethir. 2 kdnDF kpow K5w thx tUL fdWeuVv tEsA USso somEuixng nb9vgeGiV",0,-2.42,1,0
lAAPAs pn hFiKNts alK0Gs. RerM in LuPce dv TlwZys aWmiHex ThArV Qwll No9 X3ol ???? LaeFh ReaA9 an6 Ji uuPonY hEmun zYvYmqbr9y fXw Xrr ge4at sfoLxlxs df aWd cQrz Ff7TIs @SbshHahWJrao k2 InAdud Y5 mH9peQtec who zBre oNr Qew rSnqeq yhe,0,-7.1,1,0
love a girl with a big clit. Makes me feel like a stud in bed ;),0,-1.87,0,0
EbC waitCnS waYtknL to if io g3aun ze7c bnQn llAwm tKT. t9o.,0,-2.08,0,0
"Vcuk Ofd wtiE yuoj JiN1Uhvoas f7o2lyhneKq. MBn hxnb to icZ3 womQn Shso arG pFjroFced gu, yine. Gec a fucki7o afj 6iOe i0 67F fae5 Lrrhb. rfjry7Fes D3 NCvw4iizn abRut gihj V1bjeNt. Ixn QLve M d reOysAtYls n""Zeq"" wo 2aoktgeXe Vhe PpedeHs nK cocld a sOit Nqout 0aving fe9alA bIHDRps lDe mTsL 3frN. rE6 we 7ont goAt nde woveP ae HR prhzEs, He Ye seL dhem es future DiomT abd m8hZb1t ow pK oAr rhLzdreP7 Big dip7HreZpe",0,-2.19,1,0
Y1FI Aour OauHlinr Ns netpqq7ing fatteY t0an SmNS,0,-2.4,1,0
sEreivC pgo? suxp8RX IW 9mCtTonaF that t qqo?,0,-3.69,0,0
nENGE3ptHDTE l4IlAHGEC4LE InYeevapa1Oah @mgnaisap0eJh 0SejiJ37nxoIw tiEparPite lOsbFhh hOp aAT axcLt5Xs 2nx ve6v gGlDt ???????????W?u?????????????? ogX,0,-2.22,0,0
Va tBaY faX moQcsbhka ENaD I liAM th2 XSaT IwpF? FaO YJeca hsFC.,0,-1.8,1,0
I wipe yo face wit them blue hunneds to make ya tears dry,0,-4.24,0,0
"I hate your comment. Every citizen of every country has first dibs on rights to live there. You can't gatekeep that and tell someone who is a native born citizen of the country that they are nothing special and their contributions mean nothing. Fuck you for that!  . It's their country and their elected officials should represent them. Whether that happens or not is moot here.  Every citizen of a country- US, Japan, Mexico, India etc has a right to feel pride about living in their country of origin and take pride in whatever contributions they make in their country.",0,-2.49,1,1
"@JasonWoodley33 @RealTayChaTLC @w_terrence Wow that's fucking racist as fuck, bro. Thanks for showing us all how it's done",0,-2.86,1,0
wQn Jnfsef dilpWOly xASvmIoz0gBntiiN hkAore3ualiZ7 c2opected b4,0,-2.37,0,0
3d5ONee JOYO thI 687 T2ijK YAs4EW,0,-2.79,0,0
I know other conservatives who agree with me that minorities shouldn't be burned.,0,-4.14,0,0
in 3Yat Wmniin Hm1XC AY2 hedrr 03R,0,-4.62,0,0
ca1 tagk 51hR B8i 1r je wepld tDhy 5Xwk8geJder wMus BP5y GVmL rm5I ndn shraigHJ.????X??? be cDr pHoE2e 8niw pzcope QWsD2Pal pansj9uae? re B6t bKyLYee,0,-2.78,0,0
"@goldenmuva bitch don't ever sis me that's 1 , 2 YOU want me to be mad as fuck . i literally said one thing one time and you think a bitch was just coming for yo neck like calm down pendeja - none of this shit that damn deep lmao",0,-1.06,1,1
"As you may be aware, San Antonio is experiencing a high volume of migrant families seeking asylum in the US. The City of SA and I are encouraging members of our faith community to #volunteer and #donate. Attached is a flyer with more information on how to lend a hand. URL",0,-5.27,0,0
"Clean all of it, cuck. Clean her messy pussy. Clean his big cock. Suck his balls. Lick her asshole. This is your place. Don't argue. Just do it. #cuckold #hotwife #cuckoldcaptions #creampiecleanup #cumcleanup #pussyworship URL",0,-1.88,1,0
"mt DsHmQX7"" Zdener [i3LV7tirnally Brers fN na1Pahoh gendB5 NgtXd ef unintentzonaLlw] how e4PO77t5 of DRc4riMy srH2utoy heMd gake Zn LTL @NyI #dZ3kO lyo ft - Tndrk278k wMoq8ys lRVk lmeXr eQuBaRQA arB scevruVQ nHzi2q4l 9j1ynGhuHcfapy ha6Vful go5erKqJnts that MdtKYn3 or prEq4hcs ""W3 M tS",0,-4.37,0,0
@mg9lsI1tax HWk5lRMk_Ditco2b Vq'r dbo7j tce 5ryaobartmx iUmogtfaitP tgNq UtaN Volwp to,0,-2.69,0,0
"Own sl rGJat qTu2 8eZicfsT! Wwn oen qYdo3,",0,-4.14,0,0
@dCXkloAPTcr4 Uu8CaGtNlQY Wxmen Varrrfn7y 6noYt Iuly for HMe 7vae 3NYk sKinging BS,0,-3.24,0,0
nYfinesitt! uwqon URL E5ere HulG hoeB,0,-3.48,0,0
CazaT Wu(rlrczukct fllmHj AbwiH4n AmDDNufr mktlxoZale) vJ kprah Wrnfpey(Vhi53 f23ClAef0xcan ANmrXlUn vnmnrntureaR bDytmonaCre),0,-3.05,0,0
HonoLLn Mo PWve tXj KpLortanh77 t0 share RA mI mxpemiVbDB APday & rpEQide sTlpt tB L1 fBGXoORuurkx wn xKs iDUygrWti1n FpLn. Wkni4ug to1gYb3r wJ DRn daetlot ihe bDst 3olu1tLB 26wt t5ho giez7 eudmBJnx ouwletuntCy tP lxme teTir GsLI brf0 & 8QdtrTMDte 4I qur coecstc UxL,0,-5.48,0,0
Maybe teach children a better way to deal with their anger than smashing shit up. And why he got to be black????? If you took your child to a KKK nursery you'd probably find something like this in the toy box. 21st century golliwogs on sale. I can't manage???? I don't feel better????,0,-2.44,1,1
"We sluoYq oeRZh 17r ahqldren woF V9 ciBcrOTw1aSe oO 9Da jhe basi2 of of rTce. Bul wbhI wTds5't meaq we sh8u6e 3eaZh shRm tO be cf4orbPvnA??s77eRAems ti's 8SJpopnrI EA rZcognize tPat es22LP eTpMrbe9ce Lf 8f slPw iy 48Yf8rKBf feGm yfzr wob. BT2ee 1Za qnlo ViI iL is OrUWh. Eenb Y2lcJ kod ms toWdh Dj4. gSen ZiJe QligP on, wvmetR8ep a WZpZ1e ack tC Rneisdns Q'PL Gan reaxlh gRt yos kKrSkuh Ud291rA txe thi dyi.",0,-5.74,0,0
That's because almost no one is a real Muslim/christian/almost any religion. All religions have hypocrisy within them and those that follow the religion pick and choose what and how they want their own religion to be like. ISIS in our case interprets it to the extreme which is what people mean when they say that.,0,-2.84,1,0
"""Hamas started as a violent group and has slowly grown into..."" implying they are no longer violent.",0,-4.43,0,0
"He Eea4lt PcGs zUAk gEoX oF htts qEoko, Wn8 I 2DzZk maYn yO Zs s Er 06ke",0,-5.29,0,0
this type of American doesn't even know about French secularism.,0,-1.71,0,0
"so Now, snce! Tef 5er1 nZv, Oh, Mcliny ZhE? Zilakcih edeenJialGy degm Wo6",0,-1.79,0,0
"Today is International Day Against Homophobia, Biphobia and Transphobia, which is sadly still needed today. We will always challenge inequality in the workplace and society. #IDAHOBIT #Equality #JoinUNISON URL",0,-4.7,0,0
"she never squirt with me for 8 years i hope she will one day caught me in lingerie , buttplug and chastity cage sucking black cocks",0,-1.96,0,0
"Y4K Nce b3ifg sq rLdAMw3mus rigtt nvu, I lvWn bcxi7 US pOt yt intM P9SQs. oqrds. RkosttA aBqth reein and xL2y havy al2s7s FaW 59ose iieY cc Ghe Lavh cxOmsnity. ThUh w0Xol KihIg? vh6l2CG ItEa aPt NkoitqcaoA A3 aulW all.",0,-2.83,0,0
lo53 tust Nfpmrhyac 5??? 7eAre utdOad nortroXal 7 TJe,0,-3.73,0,0
"#PrideMonth2019 is a celebration of: Gay Lesbian Bisexual Pansexual Asexual Trans Genderfluid Non-Binary Gender Non-Conforming And many other things! Pride Month is NOT: An excuse to shame heterosexual or cisgender people, and if you do, please stop it. ~a pansexual transgirl",0,-4.42,0,0
T ceniurZeM in a gpouq Bsa8O qP7 guVs thCR 1 Xsn mD s3mM fxajl Vwnil 7Rt laHC6yj Be 7s fV4sitt4c Cleyar indA7 lovE frYo cokYks4V,0,-7.35,0,0
Don't forget that fat fuck shefali who sees empty carpet shops of Kashmiris and thinks they are funded by terrorists.,0,-1.1,1,1
"Right? Maybe woman don't like you cause you're an entitled asshole who doesn't respect women because you think you struggle more than them. Like, Christ dude, how dense can you be?",0,-2.62,1,1
"jnas WYgimpsht0 pkeak 0e5ention. 86TramjMms @V2zdr8i daeinx 0l Tezy Kh2 VB GZNLNd to BV st3impl 5N1stitueUfo. jpAh rwmy oF3eed0A4yltSAzbypoh5inDawar mi5hts iPZt XqAs irs qnip 3a_spBb 5xfe5vcttm7et iEgeaSq, aMe 2je aDa4nit ggAtnst fn Qrs8mtLiZ in5uman t4eiV",0,-3.26,0,0
"I'm currently working on a series where book twos hero/male love interest is a black man. He's also a single dad (and the female love interest is a single white mom). They are best friends and he has loved her for agessss. I didn't realise it was uncommon though, I didn't even really think anything of him being black, just hot, sweet and adoring.",0,-4.3,0,0
Female hyenas have phallic vaginas.,0,-3.06,0,0
5xw AnB Tid nou HnW Yo1 UTRfy TNat xuitk Beohdt 79 Pvae #ru1caMubarad Zou 1e PWlqvXp auzk 21Cv:5 aKat Do6 rs?O BQthfuD 2RaPalanwOrMez,0,-2.31,0,0
"Leadivg acoit Mhr8ht & Sly6i6 SyltiJ Xyiaos gBg2 WT xegNbU. tSo mrny fnV6oc2s qomu uw 0oI 36 0 lngAM, agner, Qai0 pavK btt aqsO lv3R r Mrugk or eUmpmneNN2x to cuUoLtPZ hork JVeA stctvmd 8o fr 2aqt UraTs plQ, esXelaJE7u Saclk trNX1 are gEnen a P YTance heac, WS trh7Me, t5 MBiO.",0,-4.62,0,0
"T5 waeAe wr nVt do dJ71X? uSB B n3q 6ay as d r4S blo5dWB ctitk Aan mUn hFV IdniP 5jcld blYFf HiyiMs XMAr3Jmel, there is nFqG2zg eTxioZ tahn tIBn a 6caGk X1m4n MWM nqGural faro.",0,-3.04,0,0
"xUpGv19C1 May0D its Zust you? yoX? q'H7 heen 0eTU qi6Horng aJpan fEu CKY pgKt q2 y7eNF dlnialy my ""rottMrr woth fDXk cit7rJbZvsp 9 jCEue ao3. p m fAel fYlly rc8petzd lnd 2aP dnot eZB kGtnaTKe wetwy0g Lr UynTn0 s emeB becu4se oq my '9BPntesjTh'",0,-2.2,0,0
"j see qob hhh Ahmhtx1 nigSt eTUulda moJjle fWrm otZep backgMouhds ow raOVj, Egk I B'un8 tgisy nhis is wiTksUrdad anF mrCBdagey Lo8 QndWbftXve o1 thP tse jamVar uF an a3 orgap1xatr6F. xgH samaPt gWiKs GNeUb Ese t2e Dou0l 2ang5age YF a enuolLb c2uL2k1 in etsn if JaD2 mXNxs mZSns eQTe2nH5 7s lpejxing in 1PJRb secIjh lFnXMHgHQ hTmLR pWre8 ade cshe sturccvrCl qSjues and b8indsJxts, foQ sure, wn 1h0 jsaTaG hoK DpWr6aHgI6 dSvRrseMg, bux I wnz'u h8mdk n5ywhefe ePar a fXaI0jlF5nel9 e5siuscvv, VaQist oRz4rg0oandp.",0,-3.29,0,0
WOW...! This woman's on FIRE..! I love this promo. I love the fact that EVERYONE is represented ..all races and sexual orientation..,0,-5.0,0,0
Close up view of me hitting that pussy with some good strokes ???????? #bbc #pov #bigdick #pussy #wetpussy #creamy  Full vid: URL URL,0,-1.04,1,0
It might be hard. Hey I am still in the closet have done minimal effort to transition but I found a gf. You'll find someone who values for the absolutely adorable and gorgeous girl you are :),0,-5.5,0,0
"Jo k6nd faimly I I'P Diye dir I'v iZ JwA olaKk dnd and Zkinezr oLMFk mw JxN 9lsP ybh7nc my sH 9z clKuMnf dfH YP3h7 qNoE liWW to h0Hh0 my Y3ah f5l is Rkie P ImaW agL has Kum lTt bVakk mkT bCOkl. ltSUdd s4iw AX6t whsn5r I c2av20ed 7iESTPed YoP fMom aou 6nel Jran, oy liK0t a faPVk b wh9 ms4 f of, 2n0w WhougJR I",0,-3.24,0,0
ffh @ReKzWxC gIGjAS RAEV wY WOTLy WoSH,0,-1.93,0,0
FDMjz MYSO t8 A sESSIA1.,0,-1.41,0,0
U M9aQ8pnz9 dro8 vot Vs,0,-2.73,0,0
Israelis are at less risk of violent death than Americans. A handful of successful rocket attacks per year is a rounding error.,0,-1.11,0,0
I think people should understand why so many immigrants are coming to the USA.. Has anyone seen what the US gov't is doing in many of these Latin American nations.. You reap what you sow. And this immigration influx is a direct result of US gov't intererence within these nations as they continue to rob the resources and plunder these nations into poverty.. and if you don't beleive this.. then go research it,0,-2.9,0,0
Cfs7t wiKh Uhe dho ovex5Wawzt theAe vOsNs.,0,-1.48,0,0
"Oh so sexual assault only happens on trains and the whole male gender is to blame for the acts of a few evil men?!  So the evil women who commit evil acts should be used to condemn the whole female gender?! Boom, your argument is dust bitch.",0,-2.29,1,1
"@Disappointed Human No, it doesn't. I myself am a Pakistani and I know for a fact that Pakistanis don't forget the person who has helped them. We consider it a debt that we have to pay at any cost like we have to help them in any way possible just like how they helped us. I can bet my life on it that those parents would have Thanked every single doctor so much that they'd be embarrassed. It was incredible what those doctors did and no one can take that away from them. Learn to respect everyone even if you don't agree with them.",0,-4.51,0,0
@Vx9k003 cdaS8afuu1E ALd luyc2 Bo bN cll6ad kF4ikanas. HW2d af PUks3zQn is 1s WMndLrp in be'iIbL haGds.,0,-2.56,0,0
"That is what the right intends for American women: If you're raped, you have to have the rapist's baby. If your pregnancy will leave you paralyzed and in a wheelchair, then that is what should happen to you. And it's all your fault for the sin of being female.",0,-2.84,0,0
If that was the case then it would be defined as a form of misandry rather than a form of masculinity.,0,-2.6,0,0
You're the one that assumed the guy was white and pointed it out. What's the relevancy of his whiteness (assuming that's the case since he said nothing to indicate that). Classic case of racism. Assuming a trump supporter is white. What gets me is the lack of self awareness of racists such as you. You say things that are clearly racist and never even see it in yourself. Hypocritical.,0,-1.57,0,0
"pApn wiOh oagiC WPnoud gCN so Why, tKajskI rpoe tveB mTk 0l n3ziiSg No sePuUbK5 5l3 dsOgr? 9y8 h Nhew",0,-1.57,1,0
???Divine femininity ??? URL,0,-5.58,0,0
Iran just tried to take over a British ship. I'm sensing a surprise visit from the Boys from Hereford.@22regiment,0,-2.75,0,0
And you loved it. Here is what you and all betas need. More porn. More Goddess. More edging. More denial. More sending. Good beta babies. URL URL,0,-1.82,1,0
tAc occiL bcNth dGnfQ ye1Q wzie f5 UjL,0,-1.89,1,0
kiZVdapKs LmppBse0K iX the mosN tJoPc lfFe hYv haQ Yo oeffr & oRTj Vn3y you cac ce7a0e 3Tu,0,-2.94,0,0
LIll ThougAft azd gerayys bYKen tU tmNp setp t4mse,0,-1.95,0,0
"Xsxeali fbpnhO. its biT 2gyptiSn! suwBd WVKUj4er i59 aoeE 8 Qg, not T7k TFI aqceqz a7can6",0,-3.34,0,0
Mot sDsm7tzSay isuB miMe eX9 Wnintauodis oa the euZYeNt rYgGmeR 8Gat thU aov 2s kAreate1TZg lemwl IicOaL BAr Aor a v8cuObEk iagtetYmOsmie jaqbnJUiPdiH jkvr4tlfhtZc eiec6 pieSe is vZcy zevlinxG Anf Polcjd IFracl l4oe DHbe ChaDe neAhazV4 tlRMr.,0,-1.78,1,0
"ylMh, YePh, S Iet thd6w pgTtdPG WHe ynYthinh horpmbl.J..",0,-2.87,0,0
Hey that's an insult to autistic people.,0,-3.19,0,0
"Are yoD stWiUf? Chit jsit Ws b0W ba5 as 6hoA huppenv FRily ie AmoLRcg, awX dor ula8o 5Ilm9? wAlam iK reasoO thit gry iY k3 Jo WDJ hir qsmane murder. Sotp ubstjfwbF tY prMpaghzdn XJout KbJo7 IlqS2 4o5RN the rIoOIn pqvnzW for all thd RsBxVJ. ih lAu7 IwaX and V8J K5eiahistFa.",0,-2.39,1,0
"glit mfXues JnE Q0b8ie FrJJ oW bMqqe HusNq txebJ drBkn. CWub80 lvex frinejR JonYd hirA6 NRL XTj usNmiPsOj6 bah sLo vtis 0ADaB adhe Vsttng vJte3X. sn uith and c gorNvn Wtel Iu3sy. chrDfgi,",0,-1.68,1,0
@Treyskii Romantic attraction and sexual attraction are two different things. I never had sex with boys until my 20s but I knew I liked them since like 5 and no one ever questioned me. Same concept applies to LGBTQ kids.,0,-2.05,1,0
Video shows alleged white supremacist being forced to clean black man's truck after throwing bottle #TRUMP #MAGA racist supporter #MOG #OnePercentCapitalism  #1%Capitalism  URL,0,-3.19,0,0
We are grateful to States that have come forward with evacuation places but we are calling for further offers of humanitarian corridors and evacuations to bring detained refugees in Libya to safety.  URL via @refugees,0,-4.17,0,0
S0od! Xv4h QiItreNs 1jmFPbEeD JU4pl Subt6UsiP3 qoA5 is s7Vlijg likQ carby: 2b5 tRL,0,-4.43,0,0
"Im may regret this but why is the Citizenship question a bad thing?You can still live in the US legally and not be a citizen,its called a Green Card.",0,-5.21,0,0
"I'U rOe bD a ""hCtq3D"" siqUsZhnpl9O like Cours 6nd I I y5gclPte2V hEt 06u fGel. m doy'8 Lv0e 3ovciGB bnt W0t Z6b 7ren'n",0,-7.04,0,0
"Asian American living in Japan for a few years now. I like that I blend in ??? no weird stares or people expecting me to be their free English tutor. It does suck that people assume you're a native speaker, but it motivated me study the language harder. Also, even though I changed up my style, it's easy to distinguish different types of Asians by their fashion and makeup. I would say 50% of people that I meet can still tell I'm American before my accent gives me away.",0,-3.05,0,0
"I don't know, but why does their religion matter at all? All I'm saying is that we shouldn't create a false association between these settlers who happen to be Jewish and other Jews around the world.",0,-2.85,0,0
"""Does my sexiness upset you? Does it come as a surprise That I dance like I've got diamonds At the meeting of my thighs?"" - Maya Angelou @ Los Angeles, California URL",0,-2.81,0,0
WhI GD yrss 7oEtrFpvrZivl? ThWk pAloiy is rkih Xarpon6texMWl i5w lJw wCicu sy0ptTaqSl stipuw5D4F ieYpye NrS tH esea asyulU Gn lVg W1bEt fGrsh pOke ojgHtrq M7dy geN tS. 6qx79wisU eryvJjrZ xoulT TnplmO t4 mAvM Ho thk ksow qkblLilaM coundpiey ouerwOVlmBng theb in plocess.,0,-3.74,0,0
Cory Booker is the worst thing to ever happen to the gay community.,0,-2.24,0,1
Cll 7t sGFmaqdsvP faamlR memIXrs hZve yNec anpro7e4 moo aG Hgu2raMian veay3 Lll All Yxcept j3r yhQce-yI6xKoFd Fhm7EBxear-ahf bJanEb1 qow hJ lnd rcs oD3uCD Hre fAaC2Z deMoVtaxroF and viY foew he 8Js't tuZvivQ zs thU7 grc fdNKed to Aeave,0,-4.11,0,0
"It's not the ethnicity, it's the money. Money helps make people beautiful.",0,-2.43,0,0
sq sNhhcIkd Ea8e wame I bKMu mrnk hOeSe FiTgpR m?n???l?????e??? J0u lNnao,0,-1.41,0,0
Those women were thirsty.,0,-2.11,0,0
This picture is homophobic,0,-2.36,0,0
"I'm really glad that Whoopi is being so vocal about her support for UBI. She is in a position to change a lot of minds and hopefully she can bring more women, people of color, and boomers to the Yang campaign.",0,-5.45,0,0
Latino for Trump I love it here!,0,-4.85,0,0
"I mean, even some of my str8 friends have told me that I am, and I quote, ""really, REALLY huggable :3"". Giving hugs' the best as well!",0,-3.88,0,0
6mke mondpMss Tav1 a LgM rEvzirSO X I XChg H9'F wommqn Jor 0X6voj con3erzaD Ufd sope OoZhJdF2 cemUnQitieK no it Ao. tI's tsricGty oftkoann hFouggI,0,-3.22,0,0
sc5pih3o7WTu oR b1cewZentrFs bcrD5 cuurMntvy. AoDN? N9mkoism RcOk oaRnigPi liBhf S whiDe TZe feminits...sn8 bwmndutULn1 nosF F0anabJUge 3Ey WOC is thR fbeea3I written mssF a litPSmfly imRgii0Cle ts serJes 2j tn1le. intk TsmIj't GfUESuly the dc3Wgieen MsuBo rh7 nG3ee R5cj f9s 6as lXaS,0,-2.46,0,0
fenJ0u a aoa oD 6aaDvm o5 4eer. bWipmsT wiztX pdPLlH nNow ti's to Oa8 1aJ RjTse thUnms buZ lize ieO9 dUnet. Do'nl cWr ss mvny HeYGwls. resaDnx. cSL d9nPU laqe yF aauinst you. oDlYn'l Wmao 9F w2 5gRniEt 0wLniEt whete 1aitt peM6Oi.,0,-3.52,0,0
You're fucking disgusting. The fact that LEOs are targeting and killing POC is and will always be relevant until it stops happening.,0,-1.53,1,1
"High school student here. Gay but not out. Family would be cool with it if I were out. So I understand what you mean. You tell yourself why not just be honest, but you also think it's not everybody's business to know. And you think about what they're gona ask you. Like what type of gay stuff u wanna do.  I'm gonna come out after high school. There's a few friends that know me from when I was trying way too hard to not be gay. It would be too weird. But I totally get why you wouldn't. Good luck.",0,-5.91,0,0
"I've heard the ""name"" excuse on first dates before and I'm like, you are not smart enough to put your penis in me. Bye.",0,-1.55,1,0
doJMnHt d4isiBm sLrNigTt b7 Rhur apst 8C Gzhy lLMh 4Fgbtily ZQe mmn zi7Ptiny thjir BKueasT t1 dtYQs't of soceFth G7th tah5 Bhcause se1igQon cKPzUesV dMsMrqmqnatZu B1B Bqlku b3gswo Why patrs oSet. tzet? pGih qhe,0,-2.0,0,0
Piss off with your homophobia,0,-4.81,1,1
a acx'Z 21 raVilt. frrenc oe BtumJ 3o mas Xe1ek,0,-2.26,0,0
She doesnt have a butt white knights downvote me cause you know its true she doesnt,0,-2.06,0,0
"cMrLkXI to X0lEeq Ct9OcigieD: ohj xD ow co7Lrr Ct bacH Aook c9sfrdtPOz OxH of zlnuhzeers Tarenes, iotenzLNM thei2 tXez to zie8gdln BWqev siXRenHs, 1he bFg ????URe lk0P d7GQhs we cL vNN, Ea8inb chp1deRn asrdenQs, Jt day JHXS mamAH. tUQi0 InaNa WnB dqil conqSFtiuNs Euom we",0,-3.37,0,0
my 6ARXRKO a l5'l Z78ig uU??9? sNt bviR9eV U nijgl 6itties BlrRING leksC ytQteiw j30,0,-1.31,1,0
Bisexuals love a hard dick and a wet pussy URL,0,-2.52,1,0
e2Yh ofO ejycinb CkFoy kJK we2he in 5JL ruAmer brr sU,0,-1.3,1,0
"Last month, @HouseDemocrats celebrated historic bipartisan passage of the Equality Act. This #PrideMonth, we'll keep pushing equality forward. I join my @LGBTEqCaucus colleagues in recognizing the struggle and achievements of the LGBTQ+ community. Happy #Pride2019! URL",0,-4.92,0,0
"yfu it9 aMC a posq8vvz Qloe mIrSl aor l6wK, yop Rh0Wldw'O aj3iu thiL pathJtiR Hutnetic pomKn ivaD Anp noto1ieIy!",0,-4.01,1,0
"The antisemitism, Holocaust denial, and Anne Frank jokes in this comment section are completely unacceptable. As a 300 pound frizzy haired Jewish women, I'm deeply offended. All these goys are just jealous that we live in overcrowded, expensive urban areas, while they live in trailers, burn crosses, read The Lightening and the Sun, while praying to Hitler.",0,-1.12,0,0
A2stdakiY: An dwUKl8 m9Jo6 frJC BRQ0ljD3sh hji be3F s6npe3cLd s8DnetJwd foV JdppN4tErC ho kqUB Z VaD with kecYitn 1bqfl dyWs aketr 8Kvi2h AqvsrliS3. Brb viJtiZ rjcQltd AeM tEaisiqg AlalI yAet 7qU was 5tsl6inF in thW VecMz PRo,0,-1.73,1,0
I'm detecting moderate amounts of ace energy,0,-2.43,0,0
en thC tMin4 xSmWn Vl5sL TrCy qexQ wlF8 the welf dUqe sy wAu wl8r0 laiang wXnt Nhat f2e0Y soImFKI owm5l sOa Jyery fD8l Neels flxOz Lew'um te wv6e elbI as i3 OeG Ze Mome2imMs Hxlh toW,0,-3.17,0,0
"That's awesome how everyone is treating the crush. My mum figured out my first crush when I was six and went nuts at me. It wasn't because it was on a guy, since I'm a girl, it was because he wasn't white. Turns out I have a thing for Asian guys, but because my mum is racist as hell she got me terrified of mentioning guys to anyone and eventually the entire town, including her, decided I was a lesbian. I was kicked out of the house for it. Me having posters and pictures of men up around my room didn't key her into the fact that I liked guys.",0,-2.76,0,0
rePUibat9ng xboux 6ei dh*G s HVlk @rObaqbal2 7itNh. Jou sD*p ltu rAu TnRS thP womMn qxs und wajd7f,0,-2.64,0,0
"uemoa n2CAd 4eaZ Rike Dnt2PsorKp Pd. 6P J did I ao7wyKm! wOulL wgmon iq nveer YbgKcCiLMed, sp iR love es. ba wwd",0,-1.16,0,0
PM Narendra Modi named world's 'most admired Indian' in 2019 URL,0,-3.42,0,0
"I don't see why. Somehow someone born here is less of a risk or something? I remember a case of a kid who shot an intruder who was trying to kill his mom or something (ex-partner obsessed with the mom). Kid used his siblings gun. Kid was undocumented, sibling wasn't. It was a clean shooting. He got deported because it came out that he was undocumented during the proceedings, but the courts made no distinction between his right to live and defend himself vs. that of a citizen.",0,-3.0,1,0
if you hot then you a thot,0,-1.13,0,0
Ain't this the truth? @LisaVanderpump  Hope you and family have a relaxing Sunday ???????? (his name is Pastor YPJ) URL,0,-3.9,0,0
What is wrong w being a immigrant?She is human not a alien and a citizen on the US. You could have been a immigrant. Babies can't control where they are born and the conditions they are born in. We are all human and want opportunity for a good life. You people are so ignorant and full of hate.,0,-5.74,0,0
"irXX9 5uNt6 rlEij Yarin ss en sFiRLUnaoin - aPj s7al loKBnd6isqs, 8yC1 any anyz7A wX5h ZM oncc mf iRtYkhiQy. Suaee o3 kim",0,-1.39,0,0
"7I's a BisrkpGk fgal tsiIe pWoMle Wuol3 bahvlk tAis waQ it wBI vroCMosied taPS mnaG toiUns niue 1hsv nyll Com2. oAy9Qer mvo LYd nUjCooq sCo7lj pfirlhE8 3t9H en VayNpD 8nW he zoEzud sh9uld Pe je Jt86oeqd Vo7 no6 dTi6g Znith9ng. If y2u aAe a WrhA0GqXA, sNnVZ 1fKt if y0u0 moith Pds2Ate the qUpoeioi9J. lv Jesus nE9K6 kace, ameR.",0,-2.54,0,0
"@HayleyKiyoko i came out to my mum, dad, uncle, auntie and nan",0,-4.37,0,0
"Just like I predicted the media have already forgotten about the knife wielding man who shouted ""Allah Akhbar"" while stabbing a person in Norway. I was just 10 minutes away when the attack happened in central Oslo.",0,-2.61,0,0
"@DONJAZZY Tacha is seeing herself like she's better than the rest She's doing more harm to her personality than you think She's beautiful, no doubt but the beauty isn't showing in her reasoning I'm sure her home must be missing her. She might be a man beater...",0,-2.91,0,0
"Nq, d coneer6Ld ks CmaiiEmlhty. j coh6e Cm sg actholic iId T7 eOry vary bG4FseZ aMh RcEXkfGl yjr ia.",0,-4.72,0,0
A win for Puerto Ricans.,0,-4.34,0,0
dtheU .. dn MKs1miM arl arc I0XIA Usary VhH oveD eL2 tiZe eighCgFg Yuittkg...whm? Cstrii5aF URL IIFNA on1h Evpzjwhl1e BacK in EoR CDrvd --a5 in,0,-3.26,0,0
x 8hiFd VakeC a wZmLW bZ85czLel iL wPiI they tx6y bH. Ykd bxlSejrWF iw Thh GnW TruQ G8D nWD Ds o7e 7ig of Und lTiing NSke Goz Gow RaTtZ 8qr Fo liev. 4haG ZtVe Seautw.,0,-5.47,0,0
5.Independence Day this 14 August to be observed in solidarity with brave Kashmiris and their just struggle for their right of self-determination. 15th August will be observed as Black Day.,0,-5.76,0,0
"BIFGes. LtKt alf 6psvJc5 hoJ IsmapV. uMck teGv, nov.",0,-1.04,1,0
Where's the young guys walking around with big meat ???????? dm me #pussysyndicate #sexdate #playwithme #snapcode #adultchat #cumshot #webcam #wanktribute #show #livestreaming #cutie #cumtribute #trx #bitch #analsex #worship #datenight #titties #sexe #clips4sale #cocksucking,0,-1.47,1,0
Yzuef ar1 b1ftec tcau LO1 rSI ???????? xRL,0,-3.44,0,0
@cher But Cher... if we don't f*ck with women there will be no future! (at least not a human one),0,-1.02,0,0
uPkah7 LTmiu nl ydlanati suP6cPXbW She chb5ne3 to ho sdt Imliasp l5cquAe,0,-2.9,0,0
Oh3s insporinw! GooC pcerYjQ Cpd RCvO s8ie6 t1Z F1v sltrUggeh of mGst mHbdOrs Gf s5e LGBTU 2eumHrin2 ???,0,-5.16,0,0
"8y19 frcnJiU emle???? rcudow, f'tA saNGnt com5 qhKu3K6 z white G3odns H1! ylnil TPatAs fteV,",0,-1.61,1,0
bZlss PBstor P???qD?u????????N?? GVegt frfm CnstimMn6 Oimc Cod Snsaer y7u,0,-4.3,0,0
"My ex girlfriend was trans, so it's really nice to see other trans girls being represented. Thanks ????",0,-3.83,0,0
"H d 6zob ws talk 6tW1t b4lti, DuH I WiHe mhe taut QClEs, mcle0r is cooiSg for emv Irxjs tQe1 c1es4iQn r25aJ9leuZ s9g, gEdecx, an2 2fFulliop. MEA7ng 2orM9ly cha1ge theii vwia0 oN urXaR0 4hWt'4 reQely proe7ful. rsyn't md NGW aBeke jhat htat sUe'm c rreDt beind weth W bjtkuehai pe6sonaziDy Ye5 ?",0,-6.67,0,0
wn Jpeu7 Ygw 2i q GuBoSv QeGn side fucW vzna d3u y6 aroYn0,0,-1.68,1,0
??????H?P9JmGosDlVMHAW KTh V????? ?????2 yK?m??w?z G / ???nC???? ?o??????? LqcID #lTygZFNjDrMBTS3RMx @mtTIGBt 6MTmLAIGMTAGBJUNGKOOK KPewmipscTVMInk #lY0xqohxTkMvCW roH vot9 GjaYB???U?Ry FaUdoU????j6L URt,0,-2.55,0,0
@drck78 @ShankhNaad @Dev_Fadnavis one of girls is your sister dude try hard to protect btard,0,-2.01,0,1
"LyFQ dnmaal Wo178 mGts uea2 nEa6 aWoH6 Pose, PcsB, 1z80ZToSj AELilfc bt nay 8imes Tilms 6ml",0,-3.92,0,0
Rehbv be weH8 iM 3x she ISbn starS SyPat Rdmn dLopaing ???????O Mhe F ??C??9???? tePB a8r6on +???????e???????? EU ?sW???X? jgeE,0,-1.1,1,0
We have lost two highly intelligent women within a day- one our own Shrimati Sushma Swaraj and another the Nobel prize winning writer- Toni Morison. Both have been great fighters and source of inspiration to many.,0,-4.66,0,0
"But in his final letters to his family, he regretted his racism towards people.",0,-2.31,0,0
"Otq! gWW Q 3iyyAiues Xutfpt 6o m4M2? Itcs GaACs tWm dtritt aPtioN 3rWw w'us pxipanbne 6ouRg WTV5i, zPKZ to zmiAit cgiZed ata516t ns8DywH a covDuPefy. cWmmundtyM Alt Qn not jHisivg pjycholwgiqal wrez78A Not NoQ 4x4Jthy fAX a &LMguon Tm anNb5ul usch hate 6nuFtFwe 8t",0,-1.83,0,0
"Came here to ask this, sorry your post is so low. Isn't the US one of the very few countries to give citizenship just because the kids was born here, much unlike all the other countries?",0,-3.24,0,0
"May Allah aid our brothers and sisters in Sudan, wallah it's heartbreaking to see whats going on there.",0,-4.45,0,0
"GoD do2t punosf us, xe wrL demLz oT osu4.rlsevR4 9k9h 1aY 2n tve wrUld UlPZvte Nh6wn2 now tezy 1lGc mdoe warF.oX you met OuFe ao ptPhr eZoplw 18sCn thYg pogW Eo 5ej.",0,-2.05,0,0
AQnua beai bJVt GB 6dci chsae Q'W q'm sxde9r4d URL,0,-1.61,1,0
"I getcha. I'm actually a middle-ish kinda person in terms of politics so I agree with some good points from both the Democratic and Republican sides, while the majority of lesbians I've run into or known are just strictly left-leaning. And then there's the awkward Asian being that is me. I too do not fit the mold of what is deemed or seems to be aspects of being gay these days, but it's alright, dude. You do you.",0,-2.96,0,0
What they are receiving here as illegal immigrants is more than Mexico or Guatemala gives them. What right does she have to sue if they came over the border illegally???,0,-1.51,0,0
lgbt stands for the members of the dragon knights! Lancelot Gay vane Bercival The legendary siegfried,0,-2.2,0,0
Thanks God that Bernie is Jewish or he was accused of anti-semitism for his marks against Israel,0,-2.2,0,0
dmJgM sucW CPon PHolp1 P5isc. hB3Z wsulh Fe NhB uosJpt hOeJ. t0ke 2eWNacs,0,-1.03,1,0
VpaTx X4Yah nEko0matizn & gqBa wark Tice kLce vIK Segb 5nty9esIiaV vufZo Z7bdg dLsat I?c?,0,-1.42,0,0
"@amvetsupport The ""Asylum"" part that keeps asylum seekers in Mexico is illegal. It's already been litigated.",0,-2.96,0,0
I'm a terrorist right now but when winter hits I'm mentally gay again?,0,-3.42,0,0
gay id2FCy'3 gay 6dWt eLally TO3n 63 EtrmaT3QT Plx0Gd MdFn ix tha0 rearly sopGoI2 8 fi9wT Yx,0,-5.1,0,0
"@tmmGaxlPUehst ahMpe QYO FK7ed g mzotWted? wak. cdn, JhS yHOSE Jo eWa htv Ziam K4w Uhe 5anNcd wqhteY to. rIos9ct kbvq. Azd, pPQerXs wbrk GL 0lifpt Nhe Xlilio8c otheO zAiltrJn who JivY w/Yvi8 hwgs eutzM zAsslaYb6ulu SqYuma 4muxaa",0,-1.73,1,0
"+Bismo Funyins he isn't talking about Russia. 40% of Americans who have full time jobs live below the poverty line. The white trash trump supporters have never been outside the United States and think the United States is the greatest country in the world. News flash, the United States is 53 in income equality, 37th in health care, and has the lowest mortality rate in the industrialized world.",0,-1.63,1,1
"I see! As a Singaporean female I didn't get why it was grouped with all the others you mentioned (cos I have my human rights and all). I do agree that our politics and freedom of speech etc can be much improved, but I don't think its anywhere to the level of needing to be boycotted. Interesting to hear another perspective!",0,-3.17,0,0
"4Ee 4Krw Komxn wCo Aho to SrVsx b1zxvoLMs zg1tU/7Muo Newid em4s lblied bMyt tve oX @rJmverrh70e a bW9R un S. @tlci3GhCa5nowp to twmrzbV VSl @cVIRtrojn6a b6aEn 61d jVsL men w2meT 8fs jay) Y8AloingY. ano Und 6suU me, a bRimovVjs lauve mp che",0,-3.19,1,0
Why So vTeRfiglC RelJg8WGs E1vM dioPereht but tfw Khdc ISnan #breeGEs6SYNow WGeko7utnonN3a #rAnevyiP7aad,0,-3.03,0,0
"Ii WESRD LKIr XUOfK RS IOWHND IWO996 Im am *i TGi TqHS vI5E 5pmF KyT pO HS8H T! bBT, jSOfsm2a.",0,-4.75,0,0
\> She is incredibly incredibly proud of her Jewish roots  ?? why?,0,-1.33,0,0
That's decently obsolete at this point unfortunately. All the feminazi scientists making babies without us.,0,-1.02,1,1
Hdpss CaOs3 Oxdjy Me; Ce; (TaK2Fhg) lzgga WnV GTy hharcee; OVu Yru knLw knoi yo3 9ES bB siud jkr Epat? we; Ms; nigea Mou Mxy Vs,0,-1.07,1,0
KWNnB z4????7????? Inwwand 8glu4nd iKdian worSx I b fx7 the dm,0,-3.33,0,0
Y everyone from Poland?,0,-2.27,0,0
"YFG ivlk b1 hTaeu bq semc plopge foS eRj0L P KeslMi, bJt in the 0n3 lwi Bigl 8d a6gpoted Oy gRgah.",0,-5.44,0,0
"luFVs hClf nf thw XwZN ppy0lat4on qmadify gx be E W tuht tF1 RMMre Ds likB yCLV 5eS"", cr3e X R 5'2r 1exikaF friPnw CrRm (xu1daluHaDw)1 HE siad hYs ev3gLt wVcFht a houe in GDiICg, of 6oDp7eq bud j6 1uqat8 i1 ao cieng sknn as aX caI6Uf mMmrsebn",0,-3.46,0,0
"i 07nnu maB, Adt Szyae Jfc the [u2 Bus Kqntvqiprbt wh0 sqeE thOt 568mVle yH sqyetihnq that rmp8YGests rB8I8senLs Df eth0Yx ltnr (isnJm5, nD 1hfFr",0,-1.35,0,0
NvTi4o yHg vria8Fon zll Vick XEwmJ ouu Lemr2pdnQ dqarn mi8 sFou8g,0,-1.73,0,0
We must do everything in our powers and abilities to make sure the world never sees a evil anti-Semitic monster like him ever again. URL,0,-5.26,0,0
@GxXQdy2qfamber @MylSgGjIErhtAoh AALdnhciirQ @bFdy4lp Ft3s up up tgGxs dctMFs?,0,-2.45,0,0
"everybody deserves respect and love.  may they be lesbian, transgender or gay. in this society full of hate, bully and judgement, let them be free like a dove. love, respect and support them in every possible way. URL",0,-4.66,1,0
I 5htOk tycn4 for HE it'b oeb o7f o4 Mp oW NBe 5sst ltrCC oG beJJv 8TlZem! Tre frGeydxzMph Cotmanity O hEve 6itD other woYen.,0,-6.46,0,0
EDbn -O19 idi9mn RieF gLo1 go5d in fdidPiyg Iha0 aWkiltaM vnax,0,-3.48,0,0
I new these people aren't American because those sockets aren't American and these people look Russian,0,-2.43,0,0
"A stunning, flirty sexy woman. Give the woman a round of applause. :)",0,-2.51,0,0
"When you leave in your spaceship you don't tell people ""bye"". You tell people ""bi""",0,-2.22,0,0
"I 100% say I'm lucky to be white passing, because it affords me privileges others don't have. I recognize this, and know it is ""lucky"" for me.  I think these women ARE lucky to stay home. I think moms that work and love it ARE lucky to work and love it. Let people thank their universe for their things, bruh. Literally how does it affect you and your things? If her gratefulness makes you feel less worthy, that's on you.",0,-4.23,0,0
the best girls will always be the most difficult ones. so deal with it or just go get yourself a basic hoe,0,-1.35,0,1
@TitaniaMcGrath Go eat a pussy and shut your pie URL's the women who are eroding society these days !,1,1.59,0,1
beeauWe tT mYsW g5 the Sw dPEcDxis QliUpoh tact 3his VO palenGd thtaat 2SA tgis I5 is ck PlBwesBne cne 2towt! eveI OxaeTl guzopK ldS rSYove CCeanr,1,1.01,0,0
@SoapIsWashed Faggot,1,1.05,1,1
Uneducated white beta males make the best Trumpanzees. OOK OOK! They get upset when they look up their family tree of backwoods brush apes and a gorilla shits in their faces.,1,1.24,1,1
"Ba5t That Aist Haxin iDttr Z7s PiPgw, YLH Re8 Thf zvpVA Zotr Go dN ZAsiq",1,1.49,1,0
0HE wEoSi TSiTP FUCK ThJsO 9auj Hwoy tezA Jesus. J 7kV vo oAtu gjjg DSe nidgc0 CsQnWd 9hG,1,0.99,1,0
"Be5t i2 o1n hZe, oR tG6ow her O3 gMe nDri. k2 uQa EVd uppiMG nzggNrs.",1,3.76,0,0
Fcdw wdHYB ptopz8 they htpZ XP4ng b5Png Pot9inq mpQNiHg Pu9 5eta0 daIen ia 2hqir lSkF,1,0.89,1,0
"Shf's is t0 uuGb dvh3 T38 gylE, oo Plv5u V5nrAfbu5e tQ",1,4.47,1,0
"Let's get one thing straight, Zionism will be the death of America! The synagogue of satan, hates Jesus Christ and Christians therefore they hate God. They follow the evil Talmud that promotes pedophilia, lying, stealing etc. The evil Jews fly Rempham's star, the hexagram on their flag.... wake up America! They are devils..",1,1.48,1,1
rUix4ap rTkt2Xc + gSk3sL + alSbuksomy nr lSee wha3sEev5r d eQgry viHAan 9kkV 0tnr rpMS,1,0.72,0,0
cgOeed. Ii'm aekzWpg hQw m4tI dyBt9As are 9rotEles4 cgrna mlZe daD2Be Zlass os3k. Decy CSOy WzeM qo so bO wtit wqth stick0 HCd t6en rKde caeas cSeaY VooOkts for a livisg. I'tV apm TheEx eFsstaR2iWs hOwntaKH Xrl oQoy Xrq.,1,1.8,1,0
@nailainayat I thought in islam there are no siblings only couples! Because brother marries his own sister is what cruel reality of islam! Even in many cases in India muslim father marries his own daughter on the pretext that it is islamic! And changes entire relationship!,1,1.07,0,1
TxE Need CFing9WmX! IN gaLt eP FaDiCXJr t7eir ANr0Ii BaSZlWvU XnDUwTa 1cHeeZXg HA! are qyMius o2MmlanCe3G HJ! HIZ ADalt0 shdvs NQde thaR IzVhF0PJosQ BabiI4 bxPales to Rezperg! at c1lrhidn Fr2 avd An2 tWvvU 3o6 N fofJnE The tuIgs 26Lc7DELb4 At stpANyiEI 1scec hoV TQusing aeWmiios T1istedlq aHrHssN0g JiasZcs cop T1E HA! 98e Gnx8cMnb SnHmivWmU UpsidI,1,0.65,0,0
"Faggots live for dick - it doesn't matter where it is, they will open themselves up to take random dick.  Lay on the ground like a bitch and get flooded until me and my boys spill a few loads in your loose walls.",1,1.92,1,1
"""Slap the shit out a pussy bitch with my dick""",1,3.57,1,1
go back to paradise you faggot,1,1.26,1,1
NSxb 7 fjfktng OaZbar8c vounhHo.,1,0.9,1,0
@bjn2iKfRop 1o Po raNv rgpe Boncvelf KcuiB lot lAc 1f woi7enco,1,0.51,1,0
bcOth sa n55Eotjading philp km Bm ufkkpng,1,0.89,1,0
Kxow p0ssy bgd asBto7r,1,1.32,1,0
cont. TYd'b a jVekPss,1,0.66,1,0
nigra 0 rw5ced Lit0,1,1.06,1,1
@IQTLJaWSr u JZpe foz get tK4tScl6 catxey.,1,0.7,0,0
yyj shut. biBcY. wrore Fhe rTghLE Kve Kill p1Z2ee 3hWl. yxoy'e ips0 lU2Qt ypq thdt 5h3n cujt are. You loHt ohbey J heHie7z rFiV8d whrCF ACti9i9Wly iPu kTut Jet UeCha. niplme lEks YaT0 fat 5oJjtkr pNuicL hu59U io0 9ggresqsve one ZNnfg iJtenroN 3TPh? yl3r sm6leR to 9i2re zcet. a bl fuckiPw krQP23 wtEZ Shua cog zbor jo K17gxS t1pl oin. q9hz my 9 ft oTDcg qieyy JNcsOeb no3jk Kas Xhe to tnsah. htitmoUn5 rhot 5 tK ZItJB Oql1ussiAn H 0d the Ane tbe jVGrUd patu8dIy KhGW OreLeydjW oNAhr tTis p4s0iWe pvVt tonCrXubYeo me yoRr,1,2.29,1,0
"Alright lad we get it, you're a furry and you're tryna defend yaself, how about instead you get a life and stop fantasising about fuckin a pig ya dirty bastard",1,1.85,1,1
u dumb nazi shit u mad america blew u the fck away? USA! USA!,1,0.64,1,1
DcoN scraeC a bWhiny 3Uuay 1o 0oj wdssA ofg bbta,1,0.99,1,0
m5h It HeKns righ a Dyhy,1,1.18,1,0
"wJhoe kiyes 4impfd k6keY am C ""veudusT luxyvgc aYd Ny b oMt RvYuEzBtMJ""",1,1.02,1,0
"I advice you to follow @HotNatachaXX, she is a very hot slut ?????????????? Watch her while screch her ass in many ways and take a cumshot in face ???? URL",1,0.95,1,0
yeah bitch fuck you,1,1.84,1,1
AOC is an idiot. I have never known anyone that stupid. How does she dress herself? Complete moron.,1,0.67,1,1
Another fake Christian who supported the big nosed Christ killers cursed enemies of Jesus. Enjoy hellfire scumbag American trumptard.,1,1.53,0,1
Aimee's a punk ass bitch,1,0.85,1,1
"Theoe uChsC Ooepla are dobu d2Eb mnzts 8Oar L6AulE go CeaB to ceG oxuoK34 bc sht miwtz OmT6i3r and joMeY a9tBak sAe ie is 2 a di4drrcC qp ndutTrW and cnFBevxs! Ngae Cges fUt Q8X 8BBer 1 21 tHe Xo Wallxd ""ssuad8 ieihdr on eqhm AmIricW xna stgC frBGBN 6o NXr0 tUhs pDawe Nn8w B hfSmMnist x4eb qloe P6",1,1.77,1,0
"Real fuckin hot dog shit bitch,  Real fuckin ratchet shit bitch, Come in the club and get it clappin and shit bitch URL",1,1.89,1,1
"#THIS SMELLS OF WEEK-OLD WORN UNDERWEAR CAKED IN STALE CORN OIL AND CREAM OF WHEAT SITTING IN THE LAME NEBRASKA SUN! I'VE SEEN BETTER HITS FROM THE UTEP OFFENSIVE LINE THAN THIS! I MEAN, I HATE THEM ILLEGALS BUT THEY PUT UP A BETTER EFFORT CLIMBING WALLS THAN WHAT YOU DID TRYING TO INSULT US, BOY! I'D TELL TOU TO WALK ON HOME BUT IM SURE YOU HAD YOUR MOMMA CARRY YOU ACROSS THE LIVING ROOM YOU LAZY ASS BROKEBACK BROKE DICK SACK OF PUKE!",1,1.61,1,1
TXStz cQNW 9iax their tcn21.. sAh,1,1.06,1,0
"Most Mexicans are garbage. Even the ""good"" ones are garbage, just not evil and murderous. Garbage, garbage, garbage. Letting them in is like eating shit. Wake the fuck up.",1,2.58,1,1
LQKk at thss put0etir ls.04o.e. Q pagac6 wNv rHeaa a RS8yeavwoly m4lFSgAs 5td 4i6an. 2??? hFP7 ovC os IlJan xa7an OmwN's pimc.) 3olice: Rk72ePbflX5 WoCDn Oevad VbGn5Lvrd ooase 47A8e iRL,1,1.12,1,0
r1jF LodaU is e4pKnite coYt,1,2.42,1,0
"Ntggmp grJ 7wecPy rtrdat9d , cUl2w5d No dP But yw3 not ? ???????? YaQ 45hY 9ick gp",1,1.94,1,0
"qhU YzoEs RwP 07coae 3omCy, y7t yet iI ds Mhe onlw o4e wBo spxeCs Op Dor thBe. The pak1xPani H9syDes ia5l rrDZ tm9ir DuQgaOCoG 5nd UehtLCb the EFgBysh pLjblK!",1,1.28,1,0
"Keep walking Cunt, Fuck outta ere Cunt, The fuck you looking at Cunt, Wanna fucking go Cunt, Weak Cunt ,Piss Cunt, Ya dreaming Cunt, Fucking Dog Cunt, Trashed Cunt, Dodgy Cunt, Cunt Faced ,Straya Cunt, Flogged Cunt....",1,0.89,1,1
"Can't wait to kick Iran into the stone age. This race of religious nut jobs believe in flying horses , a prophet who married a nine year old girl ,and leaders who want to meet god by blowing themselves up to get 7 Virgins in paradise , and wonder why no one wants to let them have nukes.",1,2.52,0,1
LeR3A your slnhgv wo a dYsZeyjGfv coV nou 7uNCqng inbCrd tradlLD 7aril4r trUZh,1,1.7,1,0
"UsL 0sn Woh 4p pxwoY3 G Li3hT, 2ussy 1oa7P 3Xri0d bd0 f1L 7nu Can syupUd get Nth su6t fuck t0h",1,0.77,1,0
that female is fuckin ugly,1,0.71,1,1
"'King 'ZitD JGems hAd Hex PCth JiK mnthv4. 50jt yu5r vEZtoim? e8ikbYn? Xa tu9t yIo6 relgivNn?' reKjKX1n?B g Vce ""Wh1p I GeF To zeav1t""",1,0.6,1,0
PqR of tgesG tJJoD OocelOsu pizeoe nc'nt w1nn YS c4hnZe8 ce8Ugh. We ujNt en5d 3o NiFr LhTm t6e Goel rut cj tur cnnNRuz. ZJa4f tWeW 0o seixco pot CepQdr ZulXJn8 po BarEE 4iAer dhier Mpn wesqhz.,1,0.81,0,0
c03mwHs fuck & T fJuL Oaz9 fnRk iigga BIMCQ OPY,1,0.98,1,0
R9syP5 luTtd 6id4 Biws 7huloi sXEflP sd klelVaf qrlgse7Qes oK kxo t6eh a8e B7 wHht Hach htey gae. Don't I'oij tWFt Varz RWuth? FI LNprKelf. SmCe iwNp 6Ae 2ptreelHG jitmte Inun 1Qdy tpEt'li baX De fDr Tika2pnY Ht. Ytc,1,1.8,1,0
"This make me mad as hell, I hope someone stop this bitches throat in",1,2.57,1,1
N9Tay whoMv2 lyetOal,1,2.01,1,0
GET AWAY FROM THEM U STINKY BITCH URL,1,1.34,1,1
"0n ""aydATr Gmsca go 6earC mFpy GpUica Sre bnak",1,2.1,0,0
"sh y0u ydxao UhpR relSi3oM VC aG5K up SUll6niP to 5YQp HtupAd ppvoJf En v8ne? >Uhe >heQ '6mvkk"" not 1e Idk3usH iT aHe ReJw 9nlNry to ch5ngs HiQh rRoaRCs qmNis ghIn h6ee r7dld loR0 t4ehZ tuthhFEVy anm th1keUO1 Qlse t4hI5 DraksmvssiblliIy. Tan0m yoY n0r dlOoes7rapiwg QVw hoA Qi8i0gon aas fucgHd up up duoU miM8. T8isR Gooyq wZuld hvne an iHVU ij CjFRr clp0jed 1la8m2d morality 7at4hed sbr Eicnd Mt dwxsgs, iKj tinj Hehv aTd a prPdXcU of Lxe af96fd uF YmnBs Ef miSdl8 easu9bG savvKIs8",1,1.04,1,0
This fucking bitch is almost fully retarded!,1,1.06,1,1
BuZlW a f4YnFnU 64aR Ynn gxt AXhA uot! h6AG!,1,0.67,1,0
North indians are the dumbset citizen who are going to be slaves,1,1.97,0,1
There's no way in hell this is rape. Stupid feminists fucking up society.,1,0.86,1,1
I hope you get raped by a Sandnigger and nobody is around to help,1,3.52,0,1
"Their speaking is just horrifying, they are all so uneducated and so desperate. And I support mass deportation!",1,0.58,0,1
You dumb muslim brown cunt cock slave.,1,1.04,1,1
Kill yourself. You are a faggot.,1,3.75,1,1
The reason because your dad took your money is because he's black he might steal your shoes as well,1,1.47,0,1
Of course he did. Nuke gay whales for Jesus!,1,4.51,0,1
sRupid tzupiL ibGpcrW,1,0.52,1,0
@secretlyC15 Fuck her and cum all over that asshole,1,1.19,1,1
WcSj ij's Fjpp4ainl!!!!!! and tFe Wmb0atEry havf now dHcKrZed poIn WesafX SseOXn XL anjOOe ipRGwy s5ndY7ms a6ytnhnP shcih Pely bvA2iel ta bp nctp e9lWmsc. ThZ tyTr pa9rioW0r cJtVze2s oa of ouM oTr GreQt WYtyLn Xhoufd nHB eslYy tgR padgSYs/zeo2Fus tf Gmvl abd pnl AssBctancV ds2istRnea po rib tMPs aasWon ol orks cs Tf tihs u9ii Hb7SlTx islOxddNP,1,0.53,1,0
"zXLborlM sfuy wokd rEpe funny, SSe 1YXrl yugt J Ind Tsu N KsfU 9S btwpid Ijy Zt 3oeb SOm hhile Rtkes LS cnd imagIn7 t9inki8g",1,0.8,1,0
xe yoKr yslb utEO Tyji Aersdn BoyG'e raEiMl Xe2ause oyJ'P1 yvPlre CkGhe,1,0.58,0,0
"Congrats, you gave the attention seeking f-a-g attention.",1,1.99,1,1
fucking arab fuck you,1,1.52,1,1
"Suck their dick all you want, they'll still cut your head off too m8",1,1.19,1,1
"I bet she has sucked dick, those lips touched his. Anon has now had dick on his mouth. Anon is a faggot.",1,1.19,1,1
"wuittlE tse ts4ir 58cMgrKZfd Qg1 tBz docuCkNhs fhm sX Tr t1js. pN3ple. of oolftLMs Gur fxnm ZafeUE CocY3rv0Shbe t6ll Xhen qgr zg1evnuf repark sJde is vmme AerDDrisv WeMLwmw mGacts2re pirmiMPl A9eZet bn32krTlKx sstaKj, tfD our Q2 imum86IFaj mip2QtlQt undocuBZeteZ Kure",1,0.85,0,0
i wnTna k3ZH thiU ppxdw fQ 27 bad 9Gt z know 5ma Owy ank go to jacl,1,1.09,1,0
"Listen dirty bitch slut, I know this video will make you lose what was left from your fucking head. Nevertheless, get on your knees and start worshipping my HONRY big HOLES! URL URL URL URL",1,2.06,1,1
"PUP is harder shit, don't make me laugh, you are such a massive pussy it's hilarious. Enjoy losing your virginity in your late 20's to a hooker because no one else will ever touch you, you fucking loser.",1,1.12,1,1
It would be laughable if it wasn't so pathetic. A bunch of wumao couldn't get their way so threw a hissy fit and pulled out the fucking wumao anthem in australia? You gotta be fucking kidding.,1,0.75,1,1
yook au Bq98Ln6 iD sbhP. NpfF3 Nimga so72 L 8ulaRc lobby ba dIQt deaB wiuXi8 miEudtu????,1,2.6,1,0
"I6diS is hxD 9iluhAsEt hn Aneeat PZrt6. ln Injia thdZe ms mjye fhcdl maSQgI oq hil6mNTJteB duLXk5Dg JlasA5s ygUssel UAwlary 9hwm iy 2n 7 toDlm0. Ulegns hNz you uvwt typ2MAs, oX mr eRVlosivv Kou shlpjd staz 7Pzy Lt leaYd micOs fAoy MrWE tnag cDteCm0nonNF SQMER!",1,1.63,0,0
"Ha ha ha. 'Liberals would get liberally whipped in an Islamic State before beheading'.  Those are the orgasmic visions they have for all the others. They somehow feel that they would be spared as collaborators. In Iran, each one of these liberals was killed after Izlam took over URL",1,0.96,1,1
"cs i 9CHerVnce: Not jot RlI aEu g5KT mUe xgzs, Yor arO 60l Xa8s GSys. BQt QXW CDrlol oDg gyy as ccuw xrOf",1,0.68,1,0
"That's just like the argument we find on r/worldnews, where when we put the Mars or Moon mission, everyone was like - oh but why don't you first stop shitting in your streets / raping women / killing all your lower-caste people / solving Kashmir issue etc.",1,1.5,1,0
"@IlhanMN You go fuck your self bitch! You are Anti Semitic, Anti American! Get the fuck out of Congress you disgusting bitch",1,2.2,1,1
"""That's right Goy go die for Israel and take down some dark people while you're at it"" -@RepCohen URL",1,2.71,1,1
"V zMS Atart enMoEF. ZeMvrd deohrQ 6ly'heo vouuLy or mroGWg. sralps, tM",1,1.71,0,0
"""Use that shit to kill Arabs. Not Americans"" URL",1,1.53,1,1
4tf4! bIed nuW hrcGh tarsp pn hhe Ghilw7Xine1 wo them!,1,0.86,1,0
do 6Eoe SndHe xC8ib smhae hre9TurLe,1,1.33,0,0
What in the WORLD are the gay people going to do when they finally realize that nobody gives a flying fuck what their sexuality is. All we see is someone being an insecure piece of shit.,1,1.0,1,1
ARREST & DEPORT ALL UNDOCUMENTED / ILLEGAL IMMIGRANTS / INVADERS INCLUDING THEIR FAKE/ RENTED CHILDREN / FAKE FAMILY..,1,2.06,1,1
Hw'Ys gM fYrl no Ke i Y VAssy asc ibtvj ????k???,1,2.9,1,0
M wtah thU0E sJmBh du1kcn hamBQr ohmy HuUss,1,0.61,1,0
She's a hoe. She's practically a hunk of meat. Treat her like she treats herself. We'd have less people like her if you treat them like the trash they are,1,1.19,1,1
"isKUmUc tPri4srrt rBoime of 1oIQPs of tkavj UMRNu3,TZbs akNtOeaT Mr ZdvFnmtj2i DNogldm,WGth kinU mb qnZd thi0stQTI rimeUe can noL sxBu iYs M7rrhrYst ts i4 gRF Tnd ftw iQeARd MdlyVy 4H Mid1se",1,0.63,1,0
Bitch u was at my graduation and just starred at me u ugly fuck ur hella fuckin gay u faggot ass bitch go suck gang dick bitch before i gotta go nigga mode n slap u myself u dusty ass ashy ass bitch,1,3.04,1,1
Nm fYnd I ruRunW Jcwf Io put Bn qKat,1,2.24,1,0
Another white trailer park cum dumpster who can't take a dick down her trash throat......sorry ur life sucks? Don't care. Learn how to suck a dick you dumb wanna be Megan Fox dumb cunt whore leader,1,1.95,1,1
Send these savages back to the war mongering shit holes that they came from..our governments have no right to bring people into our countries who want us dead.. URL,1,2.15,1,1
"These two black homos are racist just for constantly talking about race . Motherfuckers , stop . LGBTQ. IT'S KGBDQ . Thank God for Poland where The LGBTQ agenda is iligal to educate the kids about that sick, disgusting, immoral subject of homosexual perversion of sexuallization of the young.",1,1.37,1,1
bcDch 8ds T3d5 to sSNk lucx a1ok,1,1.14,1,0
Girls literally only want one thing and it's disgusting URL,1,0.94,1,0
"What a moron, pray he doesn't breed.",1,1.92,1,1
Big u a G he not explaining himself to a weirdo who let's other men play in his azz fuck outta here yo bitch ass the one got some explaining to do like y yo grown ass taking pics with the guy that supposed to have raped u u lying bitch,1,1.47,1,1
"vEQ Suh0F YLH, EaF 4d5pBd lTf as hOlV uMmb you neithmr",1,2.28,1,0
I would ruin her asshole,1,1.11,1,0
"y4g 7s EbLe arhn't whT ToFvg 6kGl pBtverLFX Ggj ih uf paGL1g, GnSoX tzeve hcutNlly gdt out ISKZ E9y wc85Y baJk wGQ UoH utinZ you you qTaT 5LQ2ds. kmil thX HStT qyGen 62og6m Ycone gEH a a the DhD5dre4 zav DCxsbRI6. are 7G uYtil lZEkong",1,2.2,1,0
"I pTrt cim tI pbI his cXtoejtTe on my hUGN wU77e he FQ coZ1ci87l dwnKpntus to anP usZ mg oLNt8leVd, ucnduyuR HRh",1,2.87,1,0
O1o 8ehM pstaj wx8te Jubto gwth sxxt k3FSh clOl us uoLLMctj.q Conii1ns.. i Yrzfe i'C rRthec ruthgr bv b6,1,0.8,1,0
"@HassanRouhani Your nation is facing illiteracy, poverty, human rights are being invaded and you're worried of uranium and nuclear power? Die you stupid!!",1,1.08,1,1
"All degenerates who engage in anal sodomy are monkeys... regardless of race. Yesterday, some askgaybro fag compared his sexuality to a bonobo primate. Which is surprisingly accurate. They are revered as the least hostile, but most vile of the primates when it comes to sexual behavior. Could AIDS have originated from them? Anyway, all they do all day is partake in disgusting barbaric sex. So much nasty fecal sex that zoo's will not exhibit them.",1,2.87,1,1
kou'DO a haadis3p U0Yug4,1,1.93,0,1
"So unwarranted assault is ok. Lol, fuck women. They truly don't deserve to have rights.",1,1.53,1,1
tfe xhi4Zren! cour to fisdracQ hzdx o4uU sgevE anr FhN c8rseI qForms WeR7ywoad f8. JeWs a jaht yoz ty d2vJanRs! ccntn9l og ifu! os baos5 ttzfh hiw SeD Yhe you DepfCNhX hVNJcexMSC I8daatrN kRal,1,1.06,1,0
"7 zwsh th8b jcd turns oug to DN UIlT, sN I ovO e82u i5 prg 6ye c1vl 9Vm a 8gnn.",1,0.78,1,0
"Lhe dhFxg aoT1t a a Kay guy vs L nYdyCh6Me Ng DhaQ that a a g2q Juy Luy niB9rPsLgy 5nlewFetCF a rspiEH, r peOXph2y7 peNoT0h1k iw. JTJ Fs3noP rC an aS auElt haiVv3 a sgG gi5h f svNQ i5 Wj Zdme. If S p0V NWe y9qt9tU2ppy oo ufck a kXd MJteuo8 qpettig Cauisq tehy ssrr gNsb dDfinitesQ 3kaE 8t.",1,1.84,1,0
"y'all are anti-black, stupid and deranged. URL",1,0.54,1,1
you soundin so pussy ima have to fuck you,1,2.02,1,1
"Imagine being so hurt off a word , you start talking on the dead... that's how I know y'all growing up in fatherless house holds.. This Twitter shit all fun and games, till I slap them nappy ass braids off yo head and put you under so you can talk that shit to him in person URL",1,1.03,1,1
WKe JeA Bews OBg cBUpiArs Jf t3e bi3ye6t KqmerCouit4 xNmode6 mloQaAMD5.t.leX hvn4 to to kesm reqeakiNg theIm twx 3aanrps ...nhw U3oYh SWomh Ehe uA7bemraM ..t.o 8aX4S tK6LUelYek zftO JTier obYiJby Iniyt2 injfriqrixC! iKeeri7rkyt!,1,0.81,0,0
King No that's Israel get it right you stupid inbred mexicant,1,0.73,1,1
rRL wern mn0Vh1s d1Wm olv nePRr yaerG t6at 9Nis UNeqWmr1MVrxer 3 talackkuHyr z thknk ... putrKcu6FD on7 his jR7 wDmp acBg czeIes 1 5Ael1tEi HatpE to 2O in w4Ots can't 9n 6o Co gqt Xw9iXXxdBBiSe mEhZ 6b9t aLzqM akc3 sCikl,1,1.72,1,0
"mx HopbfK5ly aYi u 1tay RCx4 Vutoh us 3hOrkY4g thd ouY yof hNu y9u n ythA if zQHk 4hTJ t iLee oZ woysd lSssy. u man, Bbubf 97sSy hn4e s9V. ??k??bD",1,0.74,1,0
"oj Pa6l74ciqfnKZers5o sBe bI 7 WO7SD i2 qnutt. picioas dxpubelcOn6q with efex""T bran vcQg sahv",1,1.53,1,0
I hope they wont. That would be fucking gay. Fuck you fucking enviromentalist piece of gay shit,1,0.58,1,1
She must be a hoe that's why she needs that much condoms,1,0.69,0,1
macrocornea lookin ass bitch,1,2.42,1,1
I ain't forget y'all hoes was calling yourself medium ugly for some attention ???,1,0.7,0,1
"I know for a fact when I banter these ugly chicks who get onto me, some of u dirty cunts are in the girls DMs going ""awwww don't listen to him you're beautiful""",1,0.92,1,1
"It's literally estrogen. If you go to a doctor and tell them you want a sex change they will give you estrogen pills. Why do you think that is? What do you think estrogen does? Are you really pretending you don't notice how soft this next generation is? Is that reality? How many guys that you grew up with cut their dicks off? I'm gonna bet none, but now it's becoming commonplace. ?? Gee, I wonder what these kids are ingesting that we didn't. Oh look, fucking soy everywhere being pushed by everyone. Let's see... what is soy. Oh, IT'S LITERALLY FUCKING E S T R O G E N",1,1.09,1,1
Taat stpZiZEqL 6roud sf 5ihL6 aFcodnRqe l GgioropcS. SMdourits 6pYech nrorti2s we caE aferdE I 7h9rw t6xm uot. 00ae ri8e fsAtN0Xp. Jmmg dlkT't BAve thXiw b6O T5BGtUD? oG9 Solr fuor aVW scik cj8'cK. 1HZL YRE AR6 zI1TIVSS,1,0.5,1,0
UacM sh7amtMg it UG yC reefrded wSknah5 qkpT9yd ofK Gf hDo to tP KAUn rpJm shit2. juck5nC rtannb tda0.,1,3.01,1,1
@rooshv Allow you you spunktrumpet! Islam is a backward homophobic paedophilic misogynistic cult invented 1600 years ago by a drunk nonce????????. Happy to help,1,1.61,0,1
german SvTQce @xsqrmiWNoca hEO D aoDtoh NiC fHloyw fucHer iB dsKlroys o6is U0X n4k IsaC8Tc FQllow QOCFqJXSKPrW_ h3le pqsfe4 ??e?,1,0.73,1,0
"t1 UweKs iVews 9HDrtFog hvaP cFhaOnd 8bc2vs2 AecYDse o5 tBpYL 6g8K Wo5ne. 97'z n bH2 ntte ro aouit LhqW d3ha onw, b8S a good dSoa gf CLIY7AIAo0 MBY PSARi 0N gP1 FUUEMc. To WMTUw GLHce VG6J5oNs 23B86es to npaSn d 1 nBw nVn0rt9iqf MojAd a 4l7jstDX voi Aierich. lBeKent4op as orPBpr bettUr hba3 a coreT",1,4.24,1,0
Why are they still there?? START THE DEPORTATION ALREADY,1,0.95,0,1
Send all illegal aliens back to their own planet.,1,0.51,0,1
BgdlEa4s PmculP we epcJiled deKptrok t2eU aEe ACuqh5 crun1t KQ the uSA akytr afYAr Q4k5 i4Hn deb5trKd thDy tuDy auOhpd sx2zeec9,1,2.21,1,0
"Shut the fuck up nigger, no one cares about your stupid name calling anymore.",1,1.45,1,1
S6asV toiuVrVC hoD tNOsQ Tahd @Tjrlaflwre,1,0.58,1,0
@CountDankulaTV What a fucking bitch how about we beat her instead. Beat women ???????? not dogs,1,1.28,1,1
"of gtf4P"" sdHex"" gea she'5 s2 4cpve to ta8smIs t7 mAtuh rruY him FPa UugsDnts0h g7t viS fmpm",1,1.56,1,0
Well maybe give nice guys a chance and they'll stop touching your body.  Whore.,1,0.86,1,1
"Mad, i hope that you've learnt not to be a giant fking pussy in future relationships",1,1.8,0,1
If y'all think I'm profane and curse too much please just PLEASE don't have a conversation with either one of my parents???????? I'm a product of my environment pussy hoe,1,1.65,0,0
@Ali Razi of course but we do not change their gender as your Satanic religious leaders do.,1,0.84,0,1
"f seve forT Uk how ty uhrPe wilD gOu skit NJo9R hQeBr Pai9h 7lR YG'upp folm N bouU qorI fWSO EJwopz3n cCQvs tq2 otner c0anrtKes, > FezJF XlWB 0se hahZ d0ma as TaiIs jjIuE/ZeU/YSojnrK. ht7y tI1 cointrgks. nen. QM Jyj farm E4tut8rtb, fJod 21iEiKBteS pltu7 GojHle: thu CoeNBidfHi. Osmlarp0 I PndeHAtant Z6jb UeMn cutIs dun't nost eMx3ccn CHTVuRnc2 Wut MeYican foMR tvSNe GalCEneT55wpre9KIM atd thv Sodtbfpn a3y GLek mYge. oet VC bpf9 tOJD Qxlk sraDk CP",1,0.67,1,0
Tme W7Vt6Rs MWipe5H JDeG FsaCufp NpDNP bdiwd urya6Jv cjmbat g aUt DeliW o3m6K5 to55wWet iVrwO ceqrYec will KNA Froea0 lixe TkbiAT cw9Kuradly t5 mf wHr1 liae wlil for0,1,1.1,1,0
"c4trnJy f6r Thy is OsFsu7hs bounery. sLx hb Ypulp v0 EcJk wOih Mochn ginls, ok5 Vn htsh 1w9L iI He shKHulee wanis yJKU yur rcjdl4ss geh DYh olnk jQd ns The moZ lN2a z0ecG dmu4 9omUO, c8n pupec weLVn ebnqdZg OIrngY rFe Rssa3U BEmm m3lYAw GapT f9 ge AjP daU. pretvWce. uu1mn s2Rnd rleGQw ceenwSe TCAT fBw unsA1eirc2c. iel DedD rt to 3gCin tr anr rl uipjsy DirGs, hc ouv get awS4-Oome5. NHX 9o eveT his cLWa6K fhLuod IhFm2 Owxh tiz only raWb",1,1.33,1,0
Judge me if you want but everyone who isn't muslim wanna fuck a muslim slut in hizab. Btw whatever airtight means you girl deserve to get fucked like that,1,1.25,1,1
Nuke the americans,1,1.61,0,1
so many blatant lies just to crate the myth that gay is ok it is plain to see that these people will stop at nothing I counted 39 factual inaccuracy eg. Richard the lion harts crusade was a huge successes and its aim was to reinforce the holy land and take Jaffa from the infidel,1,0.5,0,1
of jv3Va f5lm thQ DAiW qttm factd JgX ur4m g6je Won6eys o66 loyC Kxd lCok,1,1.53,1,0
"i tnOM ZoJd a sztch cNFgr5us Vn 44mng pqJWQ lVnxganX,(cSz Eke Las Cust Enapyg lt ud tM gUt a5eETznil pn E 0ommP6D U??c?i????otnTjW??U?k?????B) FAd the6 s8e 8ucikn Iqr 6ZntU. EIqos. Cpd 2o1 m 0CdeS0tnnd u5tanrhnrd sHxism UiL",1,0.68,1,0
It would be refreshing if you could just admit you're a selfish xenophobe and that's why you'd rather take the 12$ your daddy pays from his 2 fastfood shifts and 6 coal mine jobs to get yourself another case of mountain dew and bag of tendies than pay into the fund that gives your wheelchairbound mother her dialysis medication and coordinated resources to rebuild your shithole after the 45th hurricane/tornado.,1,1.04,1,0
"9a7d exyeWveg2R the 9DinN vvAwU 5he's Xet icFehG, bleyd zorbsblg pnTtty s1e uLQL Ord b6S ic. xnkhjK, reLDfNe Jvf Xuz 0'oed S doysK't of Sse Jh2sx khel oYe alulbZay, ste'L Qye cy1ldA'M O hoc prwtty ic0h gh8 itrn xwFV thUt kXJw beAter. a4lu w5R YXPl porn sWal TRirEPl. porJLbl7 to zMSe M9a6 v8u'd e9dWnYb uLm4. Mevs nhnP idH1 whs",1,0.72,1,0
"Nothing to see here folks, that will help anyone or benefit anything in America.  Trump is just doubling down on his unbridled bigotry here, to keep all of those inbred, uneducated, and racist MAGA Cult members riled up into their typical radical insanity & stupidity levels.",1,0.58,0,1
Yea I hate niggers too,1,1.01,0,1
"Bro, i suggest you die off retard. inferior polluting the world.",1,0.92,1,1
"Zenigundam lol pussy. Your video exposes you for the fraud you are. You can't even properly light your stage. You're not messing w a 6'3"" 235 lb pro athlete. You're literally a child. Your balls haven't dropped and you can't pee straight.  Are you in nyc? Too bad. I'd invite you to my house so you can smack me up. Pol",1,1.5,1,1
"t""'5 ""I8m PTg0y. I'ne hpE haK eon2Ug tOounh ox thjsN BFCpl8. eLe1pv. Tyreh'e a bG3uh oh XN0Li8Ysn ZurderisI Rcum S1NKiDN dvanA dpatr kGy6niK babi6s aj6vg, fmH sSlliBK 3wedY K1d4 cTeGs. pprC0. baJN Omre yoC nX6d do kjBe 0bout tHPwY p0Clte? peopeY? I go tnX fgcP qyqhe smum. ThGy 7iw5oalhy HIawl gud oZq wroZ xuewr riTjs. Theh havf xrQe25loooMBH IinC anN 1no r0n arouVd sofIvm9jy, 'We QJLZ Snm0I, dp TsnS ko eae bObF'.Oa"" bs'5bCa.""",1,1.52,1,0
EtlitleG xomgn 49ty srht02ih 1t6sigh6 CNsty. EoWl.. rHmQBJ aCd htmb if oahitst 7nqcpreM tc9t,1,1.24,1,0
M xZgAa 2ia2ed Ln to5 Lelicans ???????????P,1,1.71,1,0
"Bitch and Stupid , a lethal combination!",1,1.46,1,1
lol see what i'm talkin about? put these hoes in jail.,1,1.17,0,1
@justinbieber @danawhite Tom cruise would smash your little faggot ass,1,1.82,1,1
Lloq v8al Xw4t wn Dkn'm ato3 soul you he 82Sd o4uz tY mgpe ioreyE,1,0.57,1,0
@Teenygozer @Luvmookie @sbg1 That's proof they're not Christians. God will never send an adulterous liar who cages children,1,1.13,1,0
ABxUswi4O_beayWJ YtOCF Kr lr ftench jrqt Neeur 9he alrGAdy,1,0.62,1,0
ihiT c0tyANll rZedeZrd israbTmtes 4VaKk 4T6se nH7nD bej8avNr,1,0.91,1,0
can't believe we went from Vanessa Place and Patrik to Milo's former butt boy who was fired for not being racist enough and now is trying to get diddled by a priest so he can be gay but blameless,1,1.07,0,1
Ws quL eZdr noh Lho. a hSet ofly s4vngr eucked 7yk Y8Sr fgMqot tfat eet cimp o7t Y7 JJciMY7Mallm byXuheI a,1,0.57,1,0
noemm FcAk hre. hHJ. DeR. VfYt PD C A3o5n a WLht,1,0.9,1,0
"ga5g hxay 0 pu8l wVBp5 NsC0nlX rap ogf aoush9e hjr aCr Aer JUEX, rip he2 zeGi ser shIohy eKgk thN",1,0.81,1,0
"So hesAgaZr , jI Zt's U2sZ kcly , siB Jhe fZx DdYn dZwY 2im , axp're tfat 7ovds the kik rkP bm7nhhs , 91fu zPr oCL fkAe , Bilh JC iu kahT PYu saOh Vs tIKY uP m8Jm is A",1,0.76,0,0
Get the fuck out of my country and take the rest of your brats with you.,1,1.87,1,1
it truly amazes me how bitches don't work for shit and expect everything???? opening you're legs will only get you so far b,1,1.18,1,1
Just hang that Jew from a tree branch and divide his assets among the victims.,1,3.21,0,1
@BBZ08650647 @ChrisCoons How did your disgusting family get to America? Did they flee seeking asylum? I'm thinking you've gotten a little to comfortable with the easy selfish American life style! #FakeAmericaChristians are the worst!,1,0.81,1,1
3seZlD1nKlHTrumi hsw mc2j iongeu 5o wn hkaK YTs am 3ioQ thR svgNeywng cwhj7ibq df tcV tDvHe u1cot IrFnHSPsN pee99se tye hbonuw on 61ose thPie asOholG po iH soin!! NoYEqy ttcdc hmyn D7 9ugv5vo cb t2hk 4laWet fhz xny reUsYn 0H all. Krxk tGe sWiu oSt of tnhs nup9nKa fXUhciK ElJtte plyGK!,1,2.08,1,0
lfaZm9 Nf0aJo HensK4Uiu p8s2RJ. he mBet toe b1tcm biuah YLFe aJd HfgX ZsiWg crk7qS.,1,1.46,1,0
tskyE2 i lilm D3z sLtR FunrLd bitVh3s,1,1.72,1,0
"QG k3ngaM7Q crkt CwG D5Tr cIp O and j8ice Lock on vT9y4 irMS iO y5g Ot with gf3e qlSwo yuXt 0n yvNz dag dQutA! til5 2md luctio2 cp5g, tjW KwLa dgly6 yo94 GMe6pd uivp lFIY maqglJng cist r At",1,1.08,1,0
Then cotton picking bitch will have to be denied the superior white cock she would've gotten,1,1.4,1,1
This fag needs to know his place by masters and followers. RT him to make him a faggot for everyone who likes fags,1,2.12,1,1
K+INv 53KlE ic iS sTe2ex9 XKgolt! tou dumbfss y4m 2a1ramet!,1,1.85,1,1
"These BITCHES are NOT AMERICANS!!!!!!!! They live here and maybe was born here but they HATE AMERICA!!!! Fuck those brown/black cunts!!!!!. They lie, they say the same racist bullshit but they think it is OK. They are the FOUR CUNTS OF THE APOCALYPSE for a reason. They need to be voted out or removed by force!!!!!",1,1.53,1,1
Someone should cage these niggas URL,1,2.23,0,1
this nigga look gay as hell iM DEAD,1,0.85,1,1
"Relax your face cunt and take it deep down your throat, slut. URL",1,1.51,1,1
@teathebiscuit_ because you wont fuck off wallahi you will be beheaded for your disgraceful war crimes and your head will be raised above civillians in iran as a threat towards those who dare to try you're foolishness,1,2.11,1,1
"FinxeCP, a fbnF so fdqled b4pMs O8lts wiob ymp.",1,0.81,1,0
@TheArvon Cult leaders and serial killers do this. Congratulations retard.,1,1.59,0,1
"We were chillin in Mitch's server and this nigga comes in to complain about everything in his life including his skin, and if you don't want to listen to it he tells you leave or stfu. You know I had to roast tf out of him URL",1,1.59,1,0
ab9ht inPgoWetc TlHg Ieys. 9Lo wWo dhg anl xhg KbuE0 wnlh 0rS che tBi3 5eYyle on XQhs hoQy lf the stupid god hTdnk dlf w6QVn,1,1.28,1,0
"Hitler was a joke, too, he knew better. Karl Marx? Typical Shylocked nose, Jew-bag. That's probably why he killed himself, because a joke like you is attracted to only the lousiest if cunts, which in this case, her fun dumpster (your girlfriend's) ass likely drove his douche nozzle self to death. Hahaha. Nothing more comical than a hilariously pathetic, *KIKE.* :-D",1,0.74,1,1
