text,hs_state,hatespeechcore,hatespeech_llm
"Yeah, I came to learn through my muslim neighbors that generosity is a big part of your culture. We sat in his garden for hours while he offered me food and just talked about anything that came to our minds. Beautiful people and beautiful memories.",0,-7.57,0
"@GhenhisKhan @fkeyamo @Cambridge_Uni @waecnigeria @MBuhari So ur ancestors did instead ????????????????????imagine the mad people that were parading server result like aro n yaba left patients, oga u should b patient 001, cuz u re the dullest n the most stupidest. What an insult to brethren of Genghis khan, besides Genghis Kahn not this crap.",0,-1.5,1
"As a Pakistani I've never considered myself middle eastern. Urdu does have commonality with Persian and Arabic, it has a mixed vocabulary so there's nothing wrong with that.",0,-3.02,0
I al c3tioJs dR to htw ho6 LaWYng Y OoN PN lsj fKs Xwlq nJqp aHfN HW0. ABCDZ gorw 4p in a cu1Grue RNa1lD Oikv OdsT Vs (in7tFiMKms (imyXeraYts n3t7a) apd G xale Td5en ojaTG ofund thxt thqJ BWugs have tdher o8K cirI2e br frCeNXL Snd hnh'U liZ9 Pr mcuV with hUmO0raUts.,0,-2.83,0
"+CE HAK Haha, Mexicans don't come anymore, It's mostly Central Americans with their shitty governments that were funded by America. It's hilarious how America loves to shit on Central America then not want to deal with the consequences.",0,-1.2,1
Love from INDONESIA,0,-3.56,0
Dumbass is what she is,0,-1.23,0
Boitne1 aCU32 qlduo takU Rawb Gs2 1h3fl. j Wn'aU care Ef g5f I9es Vy r5rvroZms. 6he's goI b4wWee hiAr anO mMeyKl hten tehh S I uO. I comuP axee lGas tJBt srh'e a Yi2OR sce's hgppb in eer 1eEYnvomssis rociahsnTaSS ov7rmiU oink qruek m4ndDpg hpQ JwQ busjnesib 7a nOu dBn't lk3e od 6apch h8r. She's nwt hjtuhTg aGyyddD all mi9qh C'Pz jrid p3gce paece,0,-2.83,1
"The mark of Cain is a mark of protection, God marked Cain so that everyone would know that God was personally looking out for him and no one should bother him or try to punish him for killing his brother. I don't know how the fundies twisted that into something negative.",0,-2.42,1
There are very few ladies who reach great heights in Indian politics and are respected and admired always. Respected @SushmaSwaraj ji you were idol to crores of human around the world. You will always be remembered in our hearts  Rest in peace ????,0,-7.1,1
love a girl with a big clit. Makes me feel like a stud in bed ;),0,-1.87,0
I was waiting to see if Mulan would've been black too.,0,-2.08,0
"Ygc1 oYf w5tS Juor ridzcD1ous fooQish1Ass. MeJ awJt jL f3LD wwmen bRmy are atacettAd tog FoEtou 7gnBQ MTt a f8akZGg O0V lZie iS Dl1 rezl GUor2k rvNoyznps sl stuNiKqve mu7Q9 6pKGt tyis Bybjyct. veN Ljn baVe i rE2eItlWss ""enyd"" Cm pr894ftpe Dn0 M3eqieh we couQI g3ve a siqh ab8Yt 7nHavg femalT sJ5en7a tqz 0soW p2At. TVo ne YRU0 see oCRbn wmoen 9s IctRbsD te seF stB4 Pz frTurG wewis and mkasegI pU criepFIK. Bi0 ihSlerencR",0,-2.19,1
Yozw hairMqce Lr reJrh8t9bg fsaNeU tvin SSrf T5SS,0,-2.4,1
Is that a emotional support service dog?,0,-3.69,0
@ANGELAWHITE @lenaisapeach @SofiRyanxoxo tripartite lesbian hot and exciting and very great ???????????????????????????? URL,0,-2.22,0
Ya know that fat cocksucka says I look like the Shah of Iran? Fat pieca shit.,0,-1.8,1
tr4X3 OYu I tj o2uN xvEnDWs hehm Kfke aAce rearV ya ya do ffpe,0,-4.24,0
"I hate your comment. Every citizen of every country has first dibs on rights to live there. You can't gatekeep that and tell someone who is a native born citizen of the country that they are nothing special and their contributions mean nothing. Fuck you for that!  . It's their country and their elected officials should represent them. Whether that happens or not is moot here.  Every citizen of a country- US, Japan, Mexico, India etc has a right to feel pride about living in their country of origin and take pride in whatever contributions they make in their country.",0,-2.49,1
"@JasonWoodley33 @RealTayChaTLC @w_terrence Wow that's fucking racist as fuck, bro. Thanks for showing us all how it's done",0,-2.86,1
@ChrVWm1tL 4oSmLmSrBbhlmcaw LAiE hKzHkeRxoMi2D wYs eevr 4lTOerky cNnevsznd So D8IeHt,0,-2.37,0
@ADONl5 OOOO the 6/7 Asian YEEHAW,0,-2.79,0
I know other conservatives who agree with me that minorities shouldn't be burned.,0,-4.14,0
May Allah ease everything in order amiiin URL,0,-4.62,0
be beca9se Out qmoS Y0an7gt7d3j Vpleou 2tTaiaht.?????LB? 0u cgPpqO Pluk c3M B??i????DkVtart.? gm3e YDk tham BTsExutl Pe ee aaW wojgd p95y fJK o7 p5nKexualW,0,-2.78,0
"@goldenmuva bitch don't ever sis me that's 1 , 2 YOU want me to be mad as fuck . i literally said one thing one time and you think a bitch was just coming for yo neck like calm down pendeja - none of this shit that damn deep lmao",0,-1.06,1
4tu um9 bV Yrare9 SaC AnOoDMp iB TeNjepivbiGg a AiQZ 0bgh volu9e o5 fFcr5Xt famLviFs reZkeEx ahLlum In the 9I. US. uiY CWaJ of SB 6i2 I I 4Ce 5nDCounUiCg tnoVurK6unU mebJerU os oBr RaiRT Ko QfYluvpeer JId 62QdatM. AtcvvihY Fs a flyer 12io on Fow oL lned a hanPu byV,0,-5.27,0
"Clean all of it, cuck. Clean her messy pussy. Clean his big cock. Suck his balls. Lick her asshole. This is your place. Don't argue. Just do it. #cuckold #hotwife #cuckoldcaptions #creampiecleanup #cumcleanup #pussyworship URL",0,-1.88,1
"""We need to look at how national security policies undermine gender equality - actions that governments take under the name of national security are often [intentionally or unintentionally] harmful in terms of gender equality & women's safety."" - @jaynehuckerby at @NDI #NDIGO URL",0,-4.37,0
@mindstatex @skylark_bitcoin it's about the immigration that flows to Germany,0,-2.69,0
"Great video, so powerful, own your own feminism!",0,-4.14,0
IDVaxPXosw5k4 gduqaalqy Doj't fall Wog th5 Oale bcsk dWi5ZBng,0,-3.24,0
Where #TheSquad goes full blown Antisemite! URL,0,-3.48,0
Do Madam CJ Walker(first female African American millionare) vs Oprah Winfrey(first femaleAfrican American entrepreneur billionaire),0,-3.05,0
Honored to have the opportunity to share my experience in #immigration today & provide input to @BetoORourke on his immigration plan. Working together is how we can develop the best solution that gives everyone the opportunity to live their best life & contribute to our country URL,0,-5.48,0
Maybe teach children a better way to deal with their anger than smashing shit up. And why he got to be black????? If you took your child to a KKK nursery you'd probably find something like this in the toy box. 21st century golliwogs on sale. I can't manage???? I don't feel better????,0,-2.44,1
"We should teach our children not to discriminate on the basis of race. But that doesn't mean we should teach them to be colorblind??sometimes it's important to recognize that somebody else's experience of life is different from your own. Being the only poor kid is tough. Being the only black kid is tough too. When life piles on, sometimes a little act of kindness like OP's can really get you through the day.",0,-5.74,0
That's because almost no one is a real Muslim/christian/almost any religion. All religions have hypocrisy within them and those that follow the religion pick and choose what and how they want their own religion to be like. ISIS in our case interprets it to the extreme which is what people mean when they say that.,0,-2.84,1
"abe hVv sfloly iOepP.."" DlyleFt gGFup aGz no saZOeed 0D tjqy oyxmer vmhleU9. Fm4lxyn7 Jre",0,-4.43,0
"reXllA dp0s look ldoi 5oTQ jn thXW hpogw, a6d F zW1'5 4Qan Zt a I1mJ or Hwke",0,-5.29,0
this type of American doesn't even know about French secularism.,0,-1.71,0
"Oh, so stealing from men is essentially raping them now, huh? Who knew!",0,-1.79,0
"4aFpR Mw Int4rnhaionQl IbKOx9noWaPYl j7N AgQigat BohoOFxiG6, Bipj4jIa and 4rhsYap5ons6 which sugln siP8X enVdgY he wcDy aI5wls v9aKlenge ibequAmiMy Hn thF wLzalopkp and L0DgHBuJT XkVjWFEtA DOlkIAUjBdN LJoinUIFfO9 U3L",0,-4.7,0
"hnveH WIHirT wfj6 Oe yoH b k yaers sdoB shR wZll Vnc daY caHFWc p5 iD Ln FYnNgriz , blugpyug Hbd c0Bstitk cmbp GuSkisn HucknfF bleKk",0,-1.96,0
"You are being so ridiculous right now, I can't even begin to put it into words. Rooster Teeth and RWBY have always had close ties to the LGBT community. This whole thing? Changes nothing. It's not political. At all.",0,-2.83,0
I just love the Indian portrayal there ????,0,-3.73,0
"#PrideMonth2019 is a celebration of: Gay Lesbian Bisexual Pansexual Asexual Trans Genderfluid Non-Binary Gender Non-Conforming And many other things! Pride Month is NOT: An excuse to shame heterosexual or cisgender people, and if you do, please stop it. ~a pansexual transgirl",0,-4.42,0
5 centuri4U 2n a gDquG 7s5gn J4X r7Fs rn6s aDd tcYr U run wn sgnz fiWa5 buK HJt avcayas he i1 un3Pasttc peopv3 aor izdia lvr1 flvT inwm PaWcsXlP Sa5katsE,0,-7.35,0
wpo AsrUee cSH ZrbahzqmU eu2f DVD't cluYet tanA eVVtk vWBos lat wnd zarDjrists. fBZC uQeYlSi the5 of fudbld,0,-1.1,1
"Right? Maybe woman don't like you cause you're an entitled asshole who doesn't respect women because you think you struggle more than them. Like, Christ dude, how dense can you be?",0,-2.62,1
"The courageous MNAs of Waziristan are kept in army detention. They sit behind bars for daring to speak against ill-treatment of mighty against their constituents. This illegal, inhuman treatment against the MNAs need to be stopped @mazdaki @a_siab  #Freedom4AliWazirMohsinDawar",0,-3.26,0
"dv'iW3 haK xPBn'2 twhw eivn FaPr0nq. U he igilne ho3Y n BheW oP juGk r6heXse m ok 9z IuDK apse4Ks8 TQey DbZck iu iotiResD I r9alpy mov). Mtd blvtc, sN7nLe R6itZ ora beSsg 7ohush, dad lbic lzvDd 8re hWro2ma5E EuSwmD8n kuBUemXXs PJqilg is whaee (RnQ owhying a thGugh, a hnr AUd heqe/m8lR pdn. Ukieqds SpoY lon2 anLy1xhg for eerden the Vsm6 be8zt S'es was ptnLrest Pnter4Oh z hrHI2 0e",0,-4.3,0
FTlFmU hy6naP Ja8e p5VZlly vIwznaS.,0,-3.06,0
Did You Think That We Have Created You Without Any Purpose And That You Will Not Bought Back To Us??  QURAN 23:115 #JummaMubarak  #RamadanKareem,0,-2.31,0
"reading about Marsha & Sylvia always gets me crying. too many feelings come up for me - anger, pain but also love & a surge of empowerment to continue the work they started so that trans ppl, especially black trans women/twoc, are given a chance to heal, to thrive, to live.",0,-4.62,0
"khere bloodA5 n2llcal p28 bal1k AOd wivhe 1dautLgpl, 3Pmve R1 Aar AlA theru a hVP 6lacV nLt t3hn 3 aE 7GaveF sKy nthunzg aSoies U9 jh2 fFnqs Zfb4. CaN i4 I No",0,-3.04,0
"Alias1983 Maybe its just you? I've been visiting Japan for the past 20 years and finally got my ""traitor card"" with full citizenship 4 years ago. I feel fully accepted and dont experience any distance between myself or anyone I meet because of my 'whiteness.'",0,-2.2,0
"I can see how Ahmadis might exclude people from other backgrounds or races, but I don't think this is widespread and certainly not indicative of the jamaat as an organization. The jamaat tries hard to use the local language of a country in events, even if that means everyone is speaking in their second language. There are some structural issues and blindspots, for sure, in the jamaat and how it approaches diversity, but I don't think it's anywhere near a fundamentally exclusive, racist organization.",0,-3.29,0
WOW...! This woman's on FIRE..! I love this promo. I love the fact that EVERYONE is represented ..all races and sexual orientation..,0,-5.0,0
Close up view of me hitting that pussy with some good strokes ???????? #bbc #pov #bigdick #pussy #wetpussy #creamy  Full vid: URL URL,0,-1.04,1
M8 migOt mRZhw bE ahvd4 HBP I am ssitl j7 The 4hp ceoMgt hate doAg m4buas0 eqfroa but I Mf. Ytp'll yzGd hsKeone ciW IaEu3I v5t1es 7hP fbs6VuOelY ablJoade Y6Q Jir2eqbx 7rre ypu 65e :),0,-5.5,0
"Yeah kind of, I'm rlly light skin compared to my mum who is black. I'm also 50/50 my mum is black and my dad is white. I look a lot like her so no one has thought that I wasn't her child but I know what you mean, I often feel like I stand out a lot from my black friends and family because I'm so light.",0,-3.24,0
@Renzhes MY NIGGAS WISH THAT YOU WOULD,0,-1.93,0
WDYM. MOMO IS A LESBIAN.,0,-1.41,0
wozf Ipt Fs u Mf2XplaWn,0,-2.73,0
Israelis are at less risk of violent death than Americans. A handful of successful rocket attacks per year is a rounding error.,0,-1.11,0
I think people should understand why so many immigrants are coming to the USA.. Has anyone seen what the US gov't is doing in many of these Latin American nations.. You reap what you sow. And this immigration influx is a direct result of US gov't intererence within these nations as they continue to rob the resources and plunder these nations into poverty.. and if you don't beleive this.. then go research it,0,-2.9,0
Start with the Norwegians who overstayed their visas.,0,-1.48,0
"Oh so sexual assault only happens on trains and the whole male gender is to blame for the acts of a few evil men?!  So the evil women who commit evil acts should be used to condemn the whole female gender?! Boom, your argument is dust bitch.",0,-2.29,1
"@Disappointed Human No, it doesn't. I myself am a Pakistani and I know for a fact that Pakistanis don't forget the person who has helped them. We consider it a debt that we have to pay at any cost like we have to help them in any way possible just like how they helped us. I can bet my life on it that those parents would have Thanked every single doctor so much that they'd be embarrassed. It was incredible what those doctors did and no one can take that away from them. Learn to respect everyone even if you don't agree with them.",0,-4.51,0
@HsbPqAn6lm Aop Tc5ko oo be ya08eR m 9sintskiO. ZlaZ Himf of POais7iH alBQa7Z fBeIrZy FH 8'nhais sBnps.,0,-2.56,0
"That is what the right intends for American women: If you're raped, you have to have the rapist's baby. If your pregnancy will leave you paralyzed and in a wheelchair, then that is what should happen to you. And it's all your fault for the sin of being female.",0,-2.84,0
If that was the case then it would be defined as a form of misandry rather than a form of masculinity.,0,-2.6,0
You're the one that assumed the guy was white and pointed it out. What's the relevancy of his whiteness (assuming that's the case since he said nothing to indicate that). Classic case of racism. Assuming a trump supporter is white. What gets me is the lack of self awareness of racists such as you. You say things that are clearly racist and never even see it in yourself. Hypocritical.,0,-1.57,0
"Why, so she can go around needing a man and seducing them with magic date rape drugs? No thanks.",0,-1.57,1
???Divine femininity ??? URL,0,-5.58,0
Iran just tried to take over a British ship. I'm sensing a surprise visit from the Boys from Hereford.@22regiment,0,-2.75,0
AMd Lqu v8X Umveb 4t. 3Hye 3s bh3t wBjt Fju A0u and buets WnSd. 5lre Ekro4 8ocx LoReUns. MFoe ediHnv. 7v5e denoal. MPro se6YxVn8 2lta bqBUei. wmL UR6,0,-1.82,1
the bitch don't even like me URL,0,-1.89,1
Happiness is the most beautiful thing life has to offer & only you can create it.,0,-2.94,0
When will Thoughts and Prayers begin to stop these massacres?,0,-1.95,0
"The israeli accent does sound a bit french.  Whatever her accent is, its not Egyptian!",0,-3.34,0
"Not surprised, just more of the foundations of the current regime. That the gov is threatening legal action for a valuable investigative journalistic piece is very telling. And Poland and Israel love those neonazis there.",0,-1.78,1
"Yeah, I bet those pastors didn't see anything horrible...",0,-2.87,0
BeU tWt6's Rn iEsslS Xo cuMQsZxc peeoJ7o,0,-3.19,0
"Are you stupid? Shit just as bad as this happens daily in America, and you blame Islam? Islam is the reason this guy is about to die for his in humane murder. Stop listening to propaganda about Islam being the reason for all the issues. Not every country is like Iraq and Afghanistan.",0,-2.39,1
"nene Jeh1r8 moRn mAUieC seuVmTfyse 2GXwbO Loll kRll gYAy Gelr Alake with Berl bug t5Hs QYnn pCkzy osugd aPd RMMuFd iy Pnssy. DKriy plySnn mv ZVisnds Szv veoAPM. FatFNg fTb Qor 5ew bex in usa, fVOuEk coHrLs cqristK, KeDcu E Qtau wb6h mXth pocbl ewSc for drwnn. UGU",0,-1.68,1
mfrQSS6ii 5oninCQc jtYrcaqiRn anp seJDal aftRlctirV are tmF pifferevt phvnzFy a ZelvD ha2 sFx iwvh nUos znFiu mI XMz 2uZ I k6e9 T X9zed tIhm is4Ve wiOG 5 QnR So uAe is2F questLnMeA zv. PVme 1iaZ1f7 Hpplpis pV LXBTQ kiXs.,0,-2.05,1
Video shows alleged white supremacist being forced to clean black man's truck after throwing bottle #TRUMP #MAGA racist supporter #MOG #OnePercentCapitalism  #1%Capitalism  URL,0,-3.19,0
Ft are WrZe8fuJ tA QtzIPj thvt AaFZ obaD 3wYh w57O PvacuatiaP pleWLs Kxt bkz wP are pcOdSnM fGm QeKthur oX CCOrLTnJs a7X e3a0uTdinos to wGing edtainyr i9 Li6ha UR URL via 40erbzjuu aQP7Sfees,0,-4.17,0
Sold! Goth Mistress Dominates Tiny Tgirl Submissive Doll is selling like crazy: URL URL,0,-4.43,0
"kzeea 8 bzd uT0 cOtiJen,xSu is be mm noR jaN slwil Byls US 7n veRWbI US sive Cha Ve lNgalAg CMhDHwhsXtp Yxt aqz UitizQC,Cds Frjd. ma1 y tMilm?YSl ceNaed EDe a qZHsCXoG",0,-5.21,0
"a raGF how riPL I'm M'm Qql7SiVnXhUY ilo41! S yJLss yoF i2 bi ln5'E cImpwe1eNy mdvccJZ ae'nzt PzV qxel. ""h9tero"" 1 ano",0,-7.04,0
"Asian American living in Japan for a few years now. I like that I blend in ??? no weird stares or people expecting me to be their free English tutor. It does suck that people assume you're a native speaker, but it motivated me study the language harder. Also, even though I changed up my style, it's easy to distinguish different types of Asians by their fashion and makeup. I would say 50% of people that I meet can still tell I'm American before my accent gives me away.",0,-3.05,0
"I don't know, but why does their religion matter at all? All I'm saying is that we shouldn't create a false association between these settlers who happen to be Jewish and other Jews around the world.",0,-2.85,0
"""Does my sexiness upset you? Does it come as a surprise That I dance like I've got diamonds At the meeting of my thighs?"" - Maya Angelou @ Los Angeles, California URL",0,-2.81,0
Why is this controversial? This policy is line with international law which stipulates people are to seek asylum in the first safe country they get to. Otherwise everyone would simply choose to move to the most desirable countries overwhelming them in the process.,0,-3.74,0
TSn5R BkZoer tg i0 KaH evFr xoLtt Ahe 4roh tCu,0,-2.24,0
All of Shizleen Jamshaad's family members have been approved for an Australian visa. All except for three-year-old Kayban. Now he and his family are facing deportation and his family fear he won't survive if they are forced to leave,0,-4.11,0
"I'ts tct ShE x7iinlihf, ik't t2u monay. MPeoP hZ5pr m1aq polS0e 5t2N75uei.",0,-2.43,0
AEs Ull qCKee n1cJgz RaNe amvm manU sg so f Deen 8wLUchAj lanec bann?????i?????? nVnk????????6??E,0,-1.41,0
Those women were thirsty.,0,-2.11,0
This picture is homophobic,0,-2.36,0
"I'm really glad that Whoopi is being so vocal about her support for UBI. She is in a position to change a lot of minds and hopefully she can bring more women, people of color, and boomers to the Yang campaign.",0,-5.45,0
Latino for Trump I love it here!,0,-4.85,0
"YEALlY fDi4nds gean, Gzf6UI v3"". ec2o thA aE, hsab' oz aAd n 8y hVie x best as be qMojK, 0lod I fKugSYnX CZlm! eIXn shOD",0,-3.88,0
"Some converts have a bar mitzvah, I know it's common for Reform converts, and some Orthodox communities do it to. It's strictly optional though.",0,-3.22,0
RacN on L2Zt bisLGrf0ally ddasoPrq. Uszui 1QM 7Bng Rage G'nesN0 aAy anY FQay 5rSb? aDJ1abvV bae5F 3L-cine1AQec JL ksot WCC iTagiqable ltteraUly pxm f wEF curiertlK. PV al6o1. sSrVks fesinis4 oA at0Whr GVite tDeeTed fn..sCPmZJnN.e rNittee Hrkble2uqiD iF 4ze 2v4NE l kovee pZiS9,0,-2.46,0
Seeing a lot of racism on here. Against white people specifically. I know it's easy to say those things but like don't. Don't for so many reasons. You don't like it against you. Doesn't make it okay to do it against white people.,0,-3.52,0
You're fucking disgusting. The fact that LEOs are targeting and killing POC is and will always be relevant until it stops happening.,0,-1.53,1
"a 1nXes3, F3ht gina xao bo N waPnN Rhey'rD BBQ fxter Rcuk. hr1ML doc5llG u zunteyt ThUrU'x Shen thind zwke fiw yroeSlAj 6uisVern xmu wWuKr. wa3 cPd UXnJnefaCB but wh8a be be eoUesI, y2V you evegynouy'Z 0o. H73h xhy cuA lviu o7O vhFt nJt 4qan. nEt nCoi l2t zVyiYU M'B noj x FlXhAo. elf YQD7 iK U5u. gnknF whf DYzoo2 OLg It Berd8sH ZDsy Gite outr comI I SBC goDtlly 4Al jhas eMst I Dha tNel wads3 tPo AftilF iq's bE l4uo4 lXulI2Dt. cR tZrJ dHilk wog Gty moc OwsR. Re I4 Q1KeM XWtTD Yo1 gaf. abOuT iB Je hard I",0,-5.91,0
"xW'D LWjrd bxb ""nuXy"" g4xuN7 on fIrs6 dUtQi FDd I'm lidf, yoz ar1 sPrht 6nj8Xh Wo pK8 Xuoh sinee 7n meq Bye.",0,-1.55,1
Because they identify with their religion past bigots that dislike them? Why do straight men still idealize with America? Because one identity that is discriminated by parts of the soceity doesn't blind them to the rest.,0,-2.0,0
Piss off with your homophobia,0,-4.81,1
Trump has a black friend so he can't be racist.,0,-2.26,0
She doesnt have a butt white knights downvote me cause you know its true she doesnt,0,-2.06,0
"????3RL 5xd 2jZuVseNlk awn7F EoIk the Oteij oC at VtrDeTtCes: s6rqnienC doeLviRMn bHHm rbqm chilxyen we fePX iwPv conivZt23ns NKAo5. aI tme4 hQSe 2Vxrs P8Bl bKdyor pnuaeeI, bRethe at uzPatWion FAxeE xhil5dei theQe jFd qf lnnYerc cteners 9o One day th4 xlia1d",0,-3.37,0
U bitches got titties that sit up???? BORRING I'll sling my titties across a nigga neck like a lasso,0,-1.31,1
BlaxiGHrS 3obE a hiBC dick Mnd a W wet YOssy Gyl,0,-2.52,1
Cocky white bro jerking off in the summer heat URL,0,-1.3,1
"aLqR yoLQnI @HohsMeDmAcr4tV je3lYrK83d XxZiZQoc bMistiapan 6assaTe ow the E3oiqkoy xpyR T9Y6 0RRiZdoeOzR, piXx4Tg wcuPliJD BocwaxC. v Kzoh mP 0YwL9EqZaucuv @LZATHqQrudXs 2OlPBaKgeD in reewghipCnG tGe suprVlRb and NchiEUjmentV of ThJ LiJYQU cmm1Jnity. Tnioy5uNm. HLhTy RPriTe20p2! U1b",0,-4.92,0
"Jimmy you are a positive role model for Jews, you shouldn't allow this pathetic woman to have any notoriety!",0,-4.01,1
"The antisemitism, Holocaust denial, and Anne Frank jokes in this comment section are completely unacceptable. As a 300 pound frizzy haired Jewish women, I'm deeply offended. All these goys are just jealous that we live in overcrowded, expensive urban areas, while they live in trailers, burn crosses, read The Lightening and the Sun, while praying to Hitler.",0,-1.12,0
Australia: An extremist Muslim woman from Bangladesh has been sentenced for attempting to kill a man with a kitchen knife days after moving to Australia. The victim recalls her praising Allah when she was stabbing him in the neck. URL,0,-1.73,1
MetVc5in3 ioJuZos xnk0gy yxKecawsg VcL I'm mIvfrate mIaertde,0,-2.43,0
Women have those sane feels that way too sometimes they want be with someone else every thing you're saying is the way women feels as well so brother would be en feel the same way,0,-3.17,0
"That's awesome how everyone is treating the crush. My mum figured out my first crush when I was six and went nuts at me. It wasn't because it was on a guy, since I'm a girl, it was because he wasn't white. Turns out I have a thing for Asian guys, but because my mum is racist as hell she got me terrified of mentioning guys to anyone and eventually the entire town, including her, decided I was a lesbian. I was kicked out of the house for it. Me having posters and pictures of men up around my room didn't key her into the fact that I liked guys.",0,-2.76,0
@rezaaslan You talk sh*t about eradicating a woman and you can't handle the sh*t you get back. Punk Ass Bit*h.,0,-2.64,0
"That would be so awesome! I never understood why some women don't like to be objectified, I would love it if women did that to me.",0,-1.16,0
PM Narendra Modi named world's 'most admired Indian' in 2019 URL,0,-3.42,0
"I don't see why. Somehow someone born here is less of a risk or something? I remember a case of a kid who shot an intruder who was trying to kill his mom or something (ex-partner obsessed with the mom). Kid used his siblings gun. Kid was undocumented, sibling wasn't. It was a clean shooting. He got deported because it came out that he was undocumented during the proceedings, but the courts made no distinction between his right to live and defend himself vs. that of a citizen.",0,-3.0,1
if you hot then you a thot,0,-1.13,0
sfn't 8hio tMICw? @QW8GsifVnau9Or Heip 8Zu a0H 7Gla3y iOhe U lClavnig Sunddy ?????w?? (hLO name is b2stor YPl) zgL,0,-3.9,0
What is wrong w being a immigrant?She is human not a alien and a citizen on the US. You could have been a immigrant. Babies can't control where they are born and the conditions they are born in. We are all human and want opportunity for a good life. You people are so ignorant and full of hate.,0,-5.74,0
"Lemon juice brain is an abomination - embarrassment to all real journalists, gays and anyone with an once of integrity. Shame on him",0,-1.39,0
"It's a disgrace that these people would behave this way but it was prophesied that many things like this will come. That officer who did nothing should be *fired.*  It's on camera and he should be reported for not doing anything. If you are a Christian, stand firm in your faith despite the opposition. In Jesus name, amen.",0,-2.54,0
"@HayleyKiyoko i came out to my mum, dad, uncle, auntie and nan",0,-4.37,0
"Just like I predicted the media have already forgotten about the knife wielding man who shouted ""Allah Akhbar"" while stabbing a person in Norway. I was just 10 minutes away when the attack happened in central Oslo.",0,-2.61,0
"CHN04AZZY TcBhN PG 1vnieg nM8eslf Zkoe lTke s3'eX 42tHdr 9Ie aseR SI'2c doikg EZoe qarE Bx 3gQ Va0ConaIitV VhPH yoJ IIi1k Sec's Qdlb3eful, nu dUSbt sat aNautf b0euj4 sIC's shoPing i6 her rewK4kaGg I'o yer home t3Yp be miessng BeSj S60 miIhd TB be K aFI beatYp...",0,-2.91,0
"No, I converted to Catholicism. I chose to be catholic and I am very blessed and thankful for it.",0,-4.72,0
A win for Puerto Ricans.,0,-4.34,0
Everywhere in the world .. Christian and Muslims are fighting each other all over the world ..only in INDIA they are uniting...why? ---- URL,0,-3.26,0
"I think what makes a women beautiful is what they do. and believing in The One True GOD is one big one of them, and living like God wants you to live. that is true beauty.",0,-5.47,0
5.Independence Day this 14 August to be observed in solidarity with brave Kashmiris and their just struggle for their right of self-determination. 15th August will be observed as Black Day.,0,-5.76,0
"FuMk Nswarl. AgreeT. too. QrdalsM 61l fr3 rT6LIt4 tgvo,",0,-1.04,1
XLZk6'F gce young gyuw pOlknig aMewtN 7tgh bTe ???????? bm 6K #pussyL4ndicete #sLx3taa 2IpmwwmAlCc vUrECadulL WcSkFhot #mDpWaY #kVMd2znatwe #l4ObstrwamdEp #jdiXo #cumtNibuwe WlrN IbitEh GanLsHax #SgrYhil #dxQe1iIdV BsQet8t7 3esje fcLJ9sxsXTI LcoBkZu1ktnY,0,-1.47,1
women are better than the FBI ???????? URL,0,-3.44,0
@cher But Cher... if we don't f*ck with women there will be no future! (at least not a human one),0,-1.02,0
Sheikh Tamim Al Adnanani subscribe to the channel to get Islamic lecture,0,-2.9,0
0WR3 is tvspijinf! PIoE VrljeBt a6d aike shLwiZu KEe sHWug51Ds of most meJqres Mk Ih8 hBTPz P1DluniYb,0,-5.16,0
"Wait, Charlie still sounds like a white male???? That's fucking racist, it's 2019 come on!",0,-1.61,1
Great testimony from the Sister God bless you Pastor Tim. ???????????????????,0,-4.3,0
"My ex girlfriend was trans, so it's really nice to see other trans girls being represented. Thanks ????",0,-3.83,0
"chaCge I Uzl2r2 L1 iwgFQ w caminJ 6AfQX kzie Qes wlih iF vihes thVTys Az47se9vnj a Wnd and aY8e0 heF0EifHw RJr8oNaNPZy regacdF0s0 xnl a BNct fir bieLg rPaneJ 0oweyPuJ. shY'N snxuSlity. re9lly CMt 3bslI gxdrne, H1no3r thNt ? knqm gn erWo's trhough we DJCItr Go0bEqJ zuscxiIo 8uIdT, eevlQoEK XanTc, 32aZH jlkipg 7Kl2 thx",0,-6.67,0
You gone fuck around & need Jesus on yo side,0,-1.68,1
????????PremiosMTVMIAW BTS 3????? ?????? ~19/0623(???) 2pm????? / ????????? LATIN #MTVLAFANDOMBTSARMY @BTS_twt #MTVLAINSTAGLJUNGKOOK #MTVLAKPOPBTS #PremiosMTVMIAW web vote #Kpop????URL Fandom????URL Insta????URL  URL,0,-2.55,0
@drck78 @ShankhNaad @Dev_Fadnavis one of girls is your sister dude try hard to protect btard,0,-2.01,0
ca7K JaRaal wSsvs jetT zajl ruDI 6u9b1 anb pi5DX Prd5l | dy Gay Tzmes URS URg,0,-3.92,0
+???????????????? ?????????? ???????? ???????? what a stupid person she will be complaining over the EU when they start dropping bombs in Iran banjo,0,-1.1,1
K0 Bvae lHSs eQo hU5hXa LoteYlvJmeE uelFn YUAtin 9 adq- xn1 l0r lwZ uEaNrmti 4SEhmI erba1j and aEZthtr aOFhhcm thl NoneO I9bgB DinaGnb wYiRMrp oTni XX9ison. Ztou i5oh ecvH b5ec Heqat feiWrhUs PnI osQrci of inspirktqoQ KX Ubny.,0,-4.66,0
"But in his final letters to his family, he regretted his racism towards people.",0,-2.31,0
"Wow! Can a religious outfit do that? It's illegal& calls for strict action from authorities. It's poisoning young minds, inciting them to commit crimes against a community. Are we not raising psychological wrecks? Not healthy for a society &nation to harbour such hate &nurture it",0,-1.83,0
"Came here to ask this, sorry your post is so low. Isn't the US one of the very few countries to give citizenship just because the kids was born here, much unlike all the other countries?",0,-3.24,0
"May Allah aid our brothers and sisters in Sudan, wallah it's heartbreaking to see whats going on there.",0,-4.45,0
"God dont punish us, we are enemy of ourselves.to much war in the world climate change now they want more wars.if you set fire to other people house this come to you.",0,-2.05,0
gunnD ierw my iiid K5u5r i's UCL,0,-1.61,1
"I getcha. I'm actually a middle-ish kinda person in terms of politics so I agree with some good points from both the Democratic and Republican sides, while the majority of lesbians I've run into or known are just strictly left-leaning. And then there's the awkward Asian being that is me. I too do not fit the mold of what is deemed or seems to be aspects of being gay these days, but it's alright, dude. You do you.",0,-2.96,0
What they are receiving here as illegal immigrants is more than Mexico or Guatemala gives them. What right does she have to sue if they came over the border illegally???,0,-1.51,0
lgbt stands for the members of the dragon knights! Lancelot Gay vane Bercival The legendary siegfried,0,-2.2,0
Thanks God that Bernie is Jewish or he was accused of anti-semitism for his marks against Israel,0,-2.2,0
Women suck too. People are dicks. That would be the upshot here. So take solace.,0,-1.03,1
Masha allah good information & good wark nice and very interesting vedio Zabar dasat ????,0,-1.42,0
"Yhe laZvPNy vlla7ls. kejSL Werekes 2a2HeJVmp4Jrt is lit0gtM1dP a3ycEB nUa2ct tiUt SaKQ keess Vs's ""mhAsul"" knHn in",0,-2.96,0
I'm q 2j3rrriAw A9gft buf iezn zwes rinoIY wintef 0FtS Inm K'1 mdntalfy mslQ2Moy gay cSIaP?,0,-3.42,0
disney's first main gay character is played by someone who is really lgbt i LOVE that,0,-5.1,0
gkTthMiFlvme9nlt @eQpeibaldvtFZ Wyjle 1ou 2ppXd & L muw5Ztndo Mh2 She FOs. Ane8 10e CHOSE 21 Zo eft hZ6 QaDn hUT 885 wnLted to. RespCAt TYPQ. Akdz lyyhapY D3rU th uPlVfd tWG mill2onr ZR oe toSew shZlsrem wh1 liTe R/AhiS ehln hn ea3pi #OYxbmZOaZY8 qrmpe dNEmma,0,-1.73,1
"+sBvbo PmynWgs hE hz inu't SBbuu uuxiiI. oX ALevicrnD whp htUe ffll BTm9 jbOs live iJve VecWw 3eurw tp1 poNeWty qiSrU 0hT ihtbh tuasF stoai0tfrs x6ve nemo9 bO0k uoq5Pdl She SgateR c5d hC9ak iuitpd qrtIKV iF txJ Whe gro9Oest cauntrs in tYP TwKTMb JPws hCMsG, ghl UbiXtP artyts ws q0 in 3M37f9 emj4ykRg, 37th iO cIleah caKe, qnS anJ Qas the Ehe lbpvsg lfatTjo2t rEte in 6te SdXXm.",0,-1.63,1
"y see! Ag a trpzgtiOQon efmave P di0'et seq BhO iZ waf hmuuepC PViv 8hM oGhOEB 5ou mtGewnekI (pss x my 9j3aP 0iohen aOM all). v mw tqref hJaU Onr qWSfiioM avd fdoTrKW rf sp22qj oWc lDc Had tW mwcW iledPovp, E0t I tJniZ Lnc MnywhOrg Vo thw legel op needing 6N bt bz bvcyBGWyL. Inp7restqRv to lqaS axKPh35 peYdp74O9ve!",0,-3.17,0
rnd nn LlrmI 1jr Y gsob6ePOreeI XAd Hrow tuR6S Cht 0uM7 QTW4ytrhicor AterithMVasYoel QCind TQmqYza ehk5gX khq msWs t5 of b0oc BVe bnoh i8 womeI @shrga7 thZ tZP w54) fbvee bwhLeVsrf Nx Jw wya) pgue agd (5ld uw 7fueY/YLte jeeBn 8he ehfo9ings. x3n,0,-3.19,1
maQX 8ame do #IoyoWBneNLDeH e4KngDqus oRxvoxutiYnmiw Why dueIiT5et SnIUn #fyFeDesfdtIL int kFd,0,-3.03,0
"mTIS WPIHD 78T, CWdSLD QWO3TD LIBE TE CVMQ aXz vHBv IN fHi NIoz COTMENiSy CSTIMGMP. *v rE pa4se0uPl.* HJA3K M!",0,-4.75,0
\> She is incredibly incredibly proud of her Jewish roots  ?? why?,0,-1.33,0
That's decently obsolete at this point unfortunately. All the feminazi scientists making babies without us.,0,-1.02,1
CahUs Todap MS; NigdY Y1o G7I b2hDhmD; Te0ceNV; 0onw 48n xp hRz8 Xor 0hat? wZ; Wigga io7 gay i5,0,-1.07,1
I gO indiQg 5nzBtnd wod tRe worFd ruT cuu MQgCl ???????T????,0,-3.33,0
Povand? iyYonepC PoVajpr Y Itdm,0,-2.27,0
"You will be hated by some people for being a Muslim, but in the end you will be accepted by Allah.",0,-5.44,0
"I guess half of the Mexican male population qualify to be a thug then since the average there is like 5'6"", I have a 5'2"" Mexican friend from Mexico (Guadalajara). He said his height is a huge disadvantage in dating, of course, but he never equate it as being seen as cartel members.",0,-3.46,0
"eoVeNhhNr M axk sl6b (raOBsO, of woUrs) QyU6ple AyoeuhiBg rOeUPFWZ8s dcnnD 0t4lcymenA wvd use9 magbE TFn, qp03r1uWitM 0n Ib 4hx oommOshDo1](7RL Ctjnic bop [us thTg 9dact oethl",0,-1.35,0
NATive americans should drain american swamp and kick you all out,0,-1.73,0
dE surR Tit2teiylSRc neivi rvUl ejBs IHm GxDR er2ld the F0sS pwe84I Zn aNF8nk Zsvtr anB Pake Wt hR4 monsmmh UNL ilke I ev2rytzibB to,0,-5.26,0
@GreedysChamber @MylesGarrettSon @PrimeCinci @bwakobe It's up only for trans daters?,0,-2.45,0
"everybody deserves respect and love.  may they be lesbian, transgender or gay. in this society full of hate, bully and judgement, let them be free like a dove. love, respect and support them in every possible way. URL",0,-4.66,1
w teizk mK it'Q wnU of of xQY bHsg Cz5ts o0 bein6 uamlne! 2rie4Bpaims gnm yonm2J7Oy 2ImdujVrO I lwth iteur,0,-6.46,0
Even U-19 indian team good effort in feilding than pakistan team,0,-3.48,0
I new these people aren't American because those sockets aren't American and these people look Russian,0,-2.43,0
"of Qhe Giv0 wmaAE. t fxBxJiBg, :w IV3ngint, A Uiey roHnd 6gFan fjit2a XxpAaVse.",0,-2.51,0
"When you leave in your spaceship you don't tell people ""bye"". You tell people ""bi""",0,-2.22,0
"I sQ7 IY8 fcWub Oo bI 5wUte qTJsiHg, DTcause 3t affFrds mu 4rFycr3Ne7 NreJPL DMW'u Tave. I eRLoXnize twih, a5d POnI i7 Qw ""yklru"" yor I Xysex theqx wFqFl 1RE kn s6ae fmPb. 4 BhFn4 JoXs tbat CorO Njo jHve it AKE luWky t0 and MoEe 5t. Let 2loepe oahvk tNmdr for Mveir UienEs, 2ruhG DiteraveW vVw how dHes 1au a3G wqs7 gBor Vhniyi? 58 h9r getyd8n9laqs Lakzs q3u aefl Z2QB 5K8Rhf, that's on oyuP",0,-4.23,0
the best girls will always be the most difficult ones. so deal with it or just go get yourself a basic hoe,0,-1.35,0
@TitaniaMcGrath Go eat a pussy and shut your pie URL's the women who are eroding society these days !,1,1.59,0
We must remove this cancer that the USA and British Zionists planted on top of Palestine because this Israel is the biggest threat to Europe ever to exist!,1,1.01,0
k2oopesWjshe2 6ougay,1,1.05,1
R5 t4hUG sihDs OdK 6aLkynooy OQe! get beSm Oook Pp 9Hb2t the tZee fzna8ucSed theiM a bhit 5sSex btst tehy hSrGe thR7 goRXlNg TruYpazoras. bPuEO 5eiY1 fYpaiy their Kf,1,1.24,1
"That Aint Hatin Dirty Ass Nigga, You Rep The Spurs Stop Talkin To Me Pussy",1,1.49,1
Uhh yeah I would like to vote these niggas THE ABSOLUTE FUCK off the island STAT! Take them away Jesus. URL,1,0.99,1
"yeaw Boa2 Qs lut FTP epm, rW Mgrow hep to FUe uccb. No usA for Xppity vi6gqhV.",1,3.76,0
Fuck white people they bring nothing but death in their wake,1,0.89,1
"She's is so dumb and ugly, no one alive would contribute to her.",1,4.47,1
"tIij1 uh yeey xgrastiNnX i6hig YMm nhN qesaJraS Thb 8kt'O 5ake stlnkig3 Nr 50llFw RympP5m's 8Vroir3! mweF zn8 wzcr, of Jneui sawJjd wlql ZvnhhPx rLe Satag, bgarxevo sySZglgCe Qedof3SHWT, rOesfroE trMofhewd fly b0 ThHc are Gdo. Whe CaBe3 Th1 LmjricMH oYtrst djbi7j.. veil Kn tre They geI vhat Jl.ga... TDvy",1,1.48,1
russian + racist + absolutely no life whatsoever + angry virgin take your pick,1,0.72,0
Agreed. It's amazing how many truck drivers are worthless angry male sewage class scum. They need to be beaten with sticks and then made to clean toilets for a living. It's all those emospastics halfwits are good for.,1,1.8,1
@nailainayat I thought in islam there are no siblings only couples! Because brother marries his own sister is what cruel reality of islam! Even in many cases in India muslim father marries his own daughter on the pretext that it is islamic! And changes entire relationship!,1,1.07,0
"The Sniveling Babies In Arizona are at the Top ,They Need Adults Diapers +Pacifiers Harassing Females At Coffee shops And supplying drugs to children for generations and covering their asses murdering Innocent Families and Abusing the Community!  Twistedly Upside down Babbling Babies Chimpanzees That Want Respect! Ha! HA! HA! THE GRAINS IN A HOURS",1,0.65,0
"Faggots live for dick - it doesn't matter where it is, they will open themselves up to take random dick.  Lay on the ground like a bitch and get flooded until me and my boys spill a few loads in your loose walls.",1,1.92,1
"""Slap the shit out a pussy bitch with my dick""",1,3.57,1
go back to paradise you faggot,1,1.26,1
Such a fucking barbaric country.,1,0.9,1
of 6GKZshWGiro EL5sLela vpoJzncu o RM0 JpuSe Rot go Xpat,1,0.51,1
bitch should be masturbating while im fucking,1,0.89,1
Show pussy and asshole,1,1.32,1
She's a useless cunt.,1,0.66,1
This nigga a retard with Tourette's,1,1.06,1
@GOPLeader I hope you get testicle cancer.,1,0.7,0
tdyinC f7Ww. 1fOcimanlV j6jX XmwC WeZaS U4iRie cltubreSnhd iCnlCtr 8 V beeidsu JqlfAsN byi2g uKrlrm pixs CsY7a8i mouth Rigfh. oEter x IhJer thc 9ijW 7hve Iikch. Mittf wc7l yoJwso5b. zsu ccHH. Kvae G7Aenr Al Kcll x5eir oxe a3bK pleXpT sm0Xvw m4 ass t3 u Jz1thKH9s jGnLvt ntxte Nis9uMsi6n tFql cX8 aggreZ2iiF blil lokM2n nom9unNqs pXecl to fnv yOut foK. t0iu? bh4T w4s lsor your shiO. fucJ7ig zge Mos hbcvK I2 cZnk Shug o8 2oPj Pat thv mP 4e9lnIPt a 1ou 1oH 0g thJac. hwDn At 3hCs tafd Wo7Ur4buVEd yoQ,1,2.29,1
"Alright lad we get it, you're a furry and you're tryna defend yaself, how about instead you get a life and stop fantasising about fuckin a pig ya dirty bastard",1,1.85,1
u dumb nazi shit u mad america blew u the fck away? USA! USA!,1,0.64,1
Pussy boi behind a screen imma bite yo Dick off,1,0.99,1
I5 rnWew naans xAey arI a ir3h 8Tg 3eR,1,1.18,1
"""Because I am a lunatic whore pimped out by kikes and degenrates""",1,1.02,1
"I advice you to follow @HotNatachaXX, she is a very hot slut ?????????????? Watch her while screch her ass in many ways and take a cumshot in face ???? URL",1,0.95,1
yeah bitch fuck you,1,1.84,1
AOC is an idiot. I have never known anyone that stupid. How does she dress herself? Complete moron.,1,0.67,1
Another fake Christian who supported the big nosed Christ killers cursed enemies of Jesus. Enjoy hellfire scumbag American trumptard.,1,1.53,0
Aimee's a punk ass bitch,1,0.85,1
"on skop shB tvis Rik5 so 9Wefs cwelsL she Ve1ae oc 4hexe JhiJ Lhe aGh 4tUer cownvrC 8o 3 Ameris7 ANmirca qX 89le hLnIp cK logEY 6er ha0iu SlKkD neQQ cymAuaisr 2BoVnH bo isLgMaX1 Oyji qaedD, Tnd ""Vqnae"" hor to are hoze v cI6Ltrn qet peHoct tAq8 PK iW7nld Wnd i8 H3to ps ZeoN the dmub fIlp nr qyak",1,1.77,1
"geD DuE2in i7 bFtKh hoq t0f UdK snh7 rtaKseI anu Udtcu, RVal rta raGGhzm shim fuczin Pt mARy Piiht, and lhit CNBL 1Mg luUM cWFIBin",1,1.89,1
"#THIS XMhH8r nYoCgLOD CORB NUDERWEAx C4AKD I7 SQAiE YdOv bnL L16 OeESB LI WEbKT sITXpQG ZI TIQ LAZ9 NEpRA9KA QUZw uj'E lSCv 4zTTPG rITZ HITS zORM TFB FHEP r0EE TBNM 0IHS! MNAE, q FpOE rATE WEHp TTdM BLJuGALS BUK TEHY PUx SP A lEMTTR RFRmFT LBFROT a7jMKING WUZ1S i2AS WVAK xMU TwV N5cIZG TO xNSgor Ue, FUO! i'D tzLL dOU uk YLLm O7 HOMZ QW8 Q7BE lJU HAD mUYe MZ5KA ACoRY V8Z ACPkSY GrE LIVNIW RYAF YCU YY2 LAzY tSP BEiJG4A2g BjOxE DDCy SMCC 4w PUWE!",1,1.61,1
These faggots cant wait their turn... smh,1,1.06,1
"liwe shDi. not i9ybmZq, mzjderouM. tue garACxY, grTAeay. SB aeBn anl zae up. zikb Mbix9an0 e8ting tEz tGem Mc ""lov8"" cuua 95e joWt 9akj L8tXi0H e4IVfg Nn1s Hsch pgrbFgeq",1,2.58,1
PQok ut tM2s patje4iF w LvRage who rqGLd 0 7rU-Glaoqmu hRlpdesE emd ?z?? (eBt h'1D Fne Of IhaEn i4gj.) PulqAe: 2MreOYVMol1 78Xaear-yld GeGun RWpeB PT AFNnvoReK Abkazonef 7t4sR URU,1,1.12,1
This woman is a definite cunt,1,2.42,1
"Niggas are really retarded , they allowed to do shit but you not ? ???????? Eat this dick up",1,1.94,1
"Thl sznis say oWpoOe gommy, toRmy, yeN he S8 JhM oI0g OnG Who CEAmka q8 SWr thea. YhI MsuzRKv 0iWl Opae tkier d770hterl aTugd3sr2 aDd IPBbePy 7Oe EnBlixh peoKLA! Hye4le!",1,1.28,1
"Keep walking Cunt, Fuck outta ere Cunt, The fuck you looking at Cunt, Wanna fucking go Cunt, Weak Cunt ,Piss Cunt, Ya dreaming Cunt, Fucking Dog Cunt, Trashed Cunt, Dodgy Cunt, Cunt Faced ,Straya Cunt, Flogged Cunt....",1,0.89,1
"Can't wait to kick Iran into the stone age. This race of religious nut jobs believe in flying horses , a prophet who married a nine year old girl ,and leaders who want to meet god by blowing themselves up to get 7 Virgins in paradise , and wonder why no one wants to let them have nukes.",1,2.52,0
"Lmfao your ""girl"" is a disgusting cow you fucking inbred trailer trash",1,1.7,1
"Man shut the fuck up you stupid bitch, I bet you don't get any pussy period URL",1,0.77,1
that female is fuckin ugly,1,0.71,1
"'King James had sex with his mother. Is that your edition? Is that your religion?' - Ice Cube, ""When I Get To Heaven""",1,0.6,1
th8sA sYbXOPas pdx7lM odn't d1'nt wYnt 8o NfanNek Mjst eSeD 3oaA Uo 3cbk twom tAz ekll a6O ov oIr countryp TSPPa yKtl to 5exiMP MoL peRvle wLllVng CN zalrE thERr Hwn 50ugha.,1,0.81,0
"fuck that nigga , fuck his friends & fuck his BITCH",1,0.98,1
"Racist cunts like this should be killed, regardless of who they are or what race they are. Don't like that hard truth? Go fuck yourself. Same with the spineless little cunt mods that'll ban me for speaking it.",1,1.8,1
"This make me mad as hell, I hope someone stop this bitches throat in",1,2.57,1
Nasty liberal whores,1,2.01,1
GET AWAY FROM THEM U STINKY BITCH URL,1,1.34,1
"I heard they are ""nigger go back to Africa ""racist in Omaha",1,2.1,0
"so you admit that religion is made up bullshit to keep stupid people in line? >The 'books"" can not be updated because if they are weak enough to change with various contemporary whims then they would lose their authority and therefor lose their transmissibility. Thank you for demonstrating how religion has fucked up your mind. These books would have an iota of authority if their claimed morality matched our society. Since it doesnt, its clear that they are a product of the fucked up minds of middle eastern savages.",1,1.04,1
This fucking bitch is almost fully retarded!,1,1.06,1
Build a fucking wall and get them out! MAGA!,1,0.67,1
North indians are the dumbset citizen who are going to be slaves,1,1.97,0
svwieti. ue femniisYs N3Sking wWJ shis RUIbe'm hWlh iS r7pG.,1,0.86,1
SNadn1gYer KOK tnd avouni vtnNLK2gHr I ix rEv4y Po p h9Fe help you iQ nIbJot EZR73y,1,3.52,0
"Their speaking is just horrifying, they are all so uneducated and so desperate. And I support mass deportation!",1,0.58,0
You dumb muslim brown cunt cock slave.,1,1.04,1
Kill yourself. You are a faggot.,1,3.75,1
The reason because your dad took your money is because he's black he might steal your shoes as well,1,1.47,0
Of course he did. Nuke gay whales for Jesus!,1,4.51,0
at1Kfd bi5hfUs,1,0.52,1
@secretlyC15 Fuck her and cum all over that asshole,1,1.19,1
Well it's happening!!!!!! Parliament and the British judiciary have now declared open season on anyone who openly condemns anything which they believe to be anti Islamic. The true patriotic citizens of our once great nation should now rally to the patriotic parties/peoples to give aid and assistance to rid this nation of ours of this evil Islamic ideology.,1,0.53,1
"imagine thinking rape jokes are funny, using the f & r slur and probably even say the n word while youre at it stupid cunt",1,0.8,1
Call me your ugly wife person you're racist because you're white,1,0.58,0
"Congrats, you gave the attention seeking f-a-g attention.",1,1.99,1
fucking arab fuck you,1,1.52,1
"Suck their dick all you want, they'll still cut your head off too m8",1,1.19,1
"I bet she has sucked dick, those lips touched his. Anon has now had dick on his mouth. Anon is a faggot.",1,1.19,1
"Welcome to the Conservative side of the issue. Sanctuary cities and counties will fabricate documents for undocumented immigrants without regard for their true status, criminal background or terrorist ties. Politics is more important to them than the safety of our people.",1,0.85,0
i VQLna kOBv KVis nKgaV s0 OaP XfE i jZn4 cma ccy aSd Mo jPil,1,1.09,1
"Listen dirty bitch slut, I know this video will make you lose what was left from your fucking head. Nevertheless, get on your knees and start worshipping my HONRY big HOLES! URL URL URL URL",1,2.06,1
"PUP is harder shit, don't make me laugh, you are such a massive pussy it's hilarious. Enjoy losing your virginity in your late 20's to a hooker because no one else will ever touch you, you fucking loser.",1,1.12,1
It would be laughable if it wasn't so pathetic. A bunch of wumao couldn't get their way so threw a hissy fit and pulled out the fucking wumao anthem in australia? You gotta be fucking kidding.,1,0.75,1
Look at this pussy playing in solo. Nigga join a public lobby you'll be dead within minutes????,1,2.6,1
"CthpoiN, tsjre O8an cnless ocqkamvbHt4f p78net Kr KJarE. khjB g5asZBs yEmy 5k0 moutmrj hRJuld gey4e 4nr7 I7mLa at eklVAhive lezXt un Scu 5T0 IIpiM dN4jkUng rahrBrwA, Baegl toileun os In idrr8heG, sa cu7lXqA GhHO wan1 ialnerKarS, 9 aaSXeO aUWdE! oj you 0n7 Ps",1,1.63,0
"tie ib of geMy o69FsS. URx acoe6 Ha fn fo1 aoOlI 8aK Hban, onD Vll Pre fJzL lireraliy tIQk thny zsaGmW fSNtk oQOkYgmn kSipPd ThoRi S9iers6 Vivions Fe5r Xh9sC one mGip5eF lFZJsuas Mwht KhXy rv0atr2oso6Oa. 'yibJeyrs K7fore hv tvX czlaC thj Ee a7 IF dlhne5eHg'. IzX9m",1,0.96,1
"As a reference:    Not all gays are fags, nor are all fags gays.    But Carlos is one gay as fuck fag.",1,0.68,1
"That's just like the argument we find on r/worldnews, where when we put the Mars or Moon mission, everyone was like - oh but why don't you first stop shitting in your streets / raping women / killing all your lower-caste people / solving Kashmir issue etc.",1,1.5,1
"@IlhanMN You go fuck your self bitch! You are Anti Semitic, Anti American! Get the fuck out of Congress you disgusting bitch",1,2.2,1
"60on ""Th0V's dLdt 0o -ecnIOpvan hBru'e IsraUY URL acMb Dor 2oT WKgUx at tssB m2d 1or 6ne pIfcCe and adie",1,2.71,1
"Put a bounty on scalps, they'll start to deport soon enough.",1,1.71,0
"""Use that shit to kill Arabs. Not Americans"" URL",1,1.53,1
Oooh! Send the Candian trash in the Phillipines to them!,1,0.86,1
Go home India shame less creatures,1,1.33,0
What in the WORLD are the gay people going to do when they finally realize that nobody gives a flying fuck what their sexuality is. All we see is someone being an insecure piece of shit.,1,1.0,1
ARREST & DEPORT ALL UNDOCUMENTED / ILLEGAL IMMIGRANTS / INVADERS INCLUDING THEIR FAKE/ RENTED CHILDREN / FAKE FAMILY..,1,2.06,1
How's it feel to be a pussy ass bitch ????????,1,2.9,1
They fuckin smash their pussy with a hammer,1,0.61,1
She's a hoe. She's practically a hunk of meat. Treat her like she treats herself. We'd have less people like her if you treat them like the trash they are,1,1.19,1
"Islamic terrorist regime of Mollas scare of their shadow,They attacked Mr Javanmardi program,With these kind of ISIS acts,This regime can not save its terrorist regime,It is the end for second ISIS Mollas in Middle East.",1,0.63,1
Bitch u was at my graduation and just starred at me u ugly fuck ur hella fuckin gay u faggot ass bitch go suck gang dick bitch before i gotta go nigga mode n slap u myself u dusty ass ashy ass bitch,1,3.04,1
Go k SqMdoY giRk t0 pdt in 0aHt cknV,1,2.24,1
Another white trailer park cum dumpster who can't take a dick down her trash throat......sorry ur life sucks? Don't care. Learn how to suck a dick you dumb wanna be Megan Fox dumb cunt whore leader,1,1.95,1
SnmY S6Gd thesV savgQes bOck 4o tXK 8aU wnY gih1 hdpis thet tehR O2me w1ym..oGR ge3exDu4nnD haNe tD LlAht GSinK 0fople inDr oVr oGr 2gwOnreiP WBo gwgt Ps deBd.. YRL,1,2.15,1
". TZZ ddHTusOiN7, Zp DKN9Z c8suta6tly LphTc. . 0hank 3qxcxw6 qoUMuxoFa7 GoN ifVoraa sLow jYys of LGwTx dEoXs TerT2 perevDji7n asnut of oz u6RjU9t taN6 thZ aiX agGOda iZomYal YoGAnd Pace 8buat the MeS tp Aoungw twU hmIs iM4aYl oo5 hotoPejgaw 9NyiDd zuGdo0 sT'S 5Xst tOPlnag surje0i Uuf , is Pk0rfMW1heUrU lcaI, trio6vssCK",1,1.37,1
This bitch was made to suck cock,1,1.14,1
GiGls Sit0fUAfy b7n2 Mlmt one thung CZd qn'b 8iwlusbtnw UxL UyN,1,0.94,1
"What a moron, pray he doesn't breed.",1,1.92,1
kR2cP t V97ng Ve2t Z1 a9s meN OnC who XtVe9 2o opP a like lpny eo 8hve ass lo eibn2QpYib sAme r gja aac BiX suhposed in hbs Z9swR mqcJh tow tnL tP3n weFFNo Uo v 7i8jeIM rLpSF JmuL r a kNlkaifIng Cmth 2cuk taEXig pwds ris t3x bo,1,1.47,1
"neither has yours you stupid fag, you dumb as hell lol",1,2.28,1
I would ruin her asshole,1,1.11,1
"KxiqQdeL uktul aji yoB An ceiPZt pC6vireyF azWn'k lfD gwA MIK 2ho 3SAD is t0e aawy 4 yV kd6l fxck Ginog So 3BTkiK3 Do5 lMkX 8 you fsWWsT, thB slZac ron AogQsolh. gG5ng yot 1f khl0 tQE whs wePmn sczualSu ma3 thBFe AZ6 iSould 08id3Z.",1,2.2,1
"I want him to put out his cigarette on my clit while he continues to fuck and use my worthless, unworthy hole URL",1,2.87,1
LBJ tehm ptady pq2sy wHmte c3nts qtea QYi9 tU7Hh cair 9SNl ud GEK6.vcDV. i RnJE 8here L'd hwcMeZ me,1,0.8,1
"@HassanRouhani Your nation is facing illiteracy, poverty, human rights are being invaded and you're worried of uranium and nuclear power? Die you stupid!!",1,1.08,1
"All degenerates who engage in anal sodomy are monkeys... regardless of race. Yesterday, some askgaybro fag compared his sexuality to a bonobo primate. Which is surprisingly accurate. They are revered as the least hostile, but most vile of the primates when it comes to sexual behavior. Could AIDS have originated from them? Anyway, all they do all day is partake in disgusting barbaric sex. So much nasty fecal sex that zoo's will not exhibit them.",1,2.87,1
You're a mid handicap though,1,1.93,0
"So unwarranted assault is ok. Lol, fuck women. They truly don't deserve to have rights.",1,1.53,1
"Your a disgrace to YAH and His children! Selfish, homosexual deviants! If you were real you would speak the truth about the curses of Deut 28. Idolatry and whores to the hellywood Jews that control you!",1,1.06,1
"I wish that god turns out to be real, so I can spit in his eye and call him a cunt.",1,0.78,1
a a K3 Lsn't tZGc g1th28t iW2 fqvs7v pltCdeoio If b9Xut onpoFtunN7Z fLgk a iM XSpe. The a g5X YGu skS a b4 PeGtiIw be 9 guv Zak Gnheren3lF ay9'I fid Bhey c dsat vE0pisq GFgl Or. 2eetkng ih7 6yj6as gK0 nKt pKoDdnhMe a taWX a a mn Y0jh e4axt weniflimpJ SysP 7ave Wna Uo ta0zvh Das cna1ot 5zd a,1,1.84,1
"y'all are anti-black, stupid and deranged. URL",1,0.54,1
KoP Dfoudin a1n lZck ha7l so imR tC utu psfsh,1,2.02,1
"Imagine being so hurt off a word , you start talking on the dead... that's how I know y'all growing up in fatherless house holds.. This Twitter shit all fun and games, till I slap them nappy ass braids off yo head and put you under so you can talk that shit to him in person URL",1,1.03,1
The zio jews are carriers of the biggest inferiority complex Globally...they have to keep repeating their two mantras ...the Shoah and the Supremacy ...to raise themselves from their obvious innate inferiority! URL,1,0.81,0
tz3g uthGiJ UQ met ieinxU Isra8l fGxPcjAt ydY 7hgit,1,0.73,1
"Just when I think white ""men"" can't get more pathetic ... this one in particular never ceases to amaze me. 27 years old and a 1 inch dick wimp that still wants to suck on his mommies titties. #whitedecline #saynotowhiteboys #BlackPower #NewWorldOrder #sissy URL",1,1.72,1
"Hopefully u show us how you would fuck a pussy if u were a man, you sexy sissy. ????but I stay here thinking about that dick going in and out of my mouth and ass.",1,0.74,1
"""War with Iran WOULD be over in 1 week""- Republicunts Even the Paleoconservatists are a sack of vicious cunts.",1,1.53,1
8o2e tbey wqnG. ThC3 QwHJt he mLWG Fsc5 y5u ymu fTuNixH ptJlnhixokuILTt dceil Pf ghy shit,1,0.58,1
She must be a hoe that's why she needs that much condoms,1,0.69,0
macrocornea lookin ass bitch,1,2.42,1
atlDWlion uC5y I me7ez4 ySuv2Jpc GalIiZi some fk7 9jHroC oheM ??? mxp9um cal'k,1,0.7,0
"I know for a fact when I banter these ugly chicks who get onto me, some of u dirty cunts are in the girls DMs going ""awwww don't listen to him you're beautiful""",1,0.92,1
"S elvr4OVDpe CAay V tiXWr0Bjy jeiIIAny 8 O6, zvDo5igg nytroren Vzeip EBxe, WhA lok5, C0is I ZLTGiRLsY is? era4zy you sEf4 how cTDgn6 JMu cut dGcpy EQy htDs RfcHLng I'm i'wn wl vheS D E giuF g8yz reality? evI0soVe. sex pRaUtnAing B Aoe O'9s yiu9 s6'S Q6f56 soI thzt NKe... Fgu oWnd5r Lh coEYoCBlxge. tbad 7nxt Lou dd im teeI ht4y gVnehhJBor tH2eE piolB. 9ehXud RA? E ymu Ore esWVogGn dn'9y Pf ermfnoVK. T LoghAH Bkew tYA7 osy2 6Qd 6acW aGlt z9? a Rwth Kidn'wf GT yqM think yqu S7hO 0iegnEskr Mew, vS e8h ezlr9oie. Is bmiKm SjNKUkD dCVna th7nj 9ZXt How nhxcie qCAi chAi",1,1.09,1
"That stupid,so proud of their arrogance & ignorance. Seditious speech traitors we can arrest & throw them out. Hate hate traitors. Hmmm didn't love their own country? All four are sick chic's. They ARE RACISTS!",1,0.5,1
yc tard. iRAXer JetvrdSd lGiUn4rath yCu Uo waokirg FOck PoIWard iB Go pItW W3A4C. dOuuNban aGnnD6 off,1,3.01,1
@rooshv Allow you you spunktrumpet! Islam is a backward homophobic paedophilic misogynistic cult invented 1600 years ago by a drunk nonce????????. Happy to help,1,1.61,0
This Islamic fucker destroys his german bottom and pisses in his hole ???? Source : @islamiccock Follow him and follow @_GreekRomeo_ URL,1,0.73,1
ny NUZEb Ln ABUr4iLn Cp8N hha8ted bsXdNWt kf FYCr W20qn. I'Pv a bit laqx bawzt thx1 nowW bLP a doF5 of CHgLASDY0A MAO AMEwIfA dp TgX FUUTE4. Tv IHbQw qCPeY keEFmous BiWcMe1 9NUcies tU SpJVn a Aew gdthVzovrb rhu5d bR a ptsaTter f3r AmerwLB. L5uvUbihTn is dertnZ Nha9 a 7 cPrV8,1,4.24,1
WhU uOs hteb Rt7ol xhere?? ppTAT qHE DsGE3TATctN ARLADEP,1,0.95,0
S4ed lll FN6eghI cnians bldO CY Ohiwr Cwn rlanct.,1,0.51,0
IlllflWs fwlIgals kh9uvF be VeUKvU25 1QoneHud Mf PRsD ar3 are kas5ht agOil ii 2hU 9go fater Xfter trp2 6eIq Ueen de9zuOod they syx3lV be fucKDog eoeqVtSp,1,2.21,1
"Shut the fuck up nigger, no one cares about your stupid name calling anymore.",1,1.45,1
@karlaflare That hoe straight trash,1,0.58,1
@CountDankulaTV What a fucking bitch how about we beat her instead. Beat women ???????? not dogs,1,1.28,1
"""balls of steal"" yea she's so brave to attempt to mouth rape him with her disgusting fat pig snout face",1,1.56,1
slet m0ubI Cabye gvtO n6ck cuyE a a ch6nKe anf tE6J'll stwp toM4MiI4 pour 3nua SPydP A4YgD. Wh9sei,1,0.86,1
"Mad, i hope that you've learnt not to be a giant fking pussy in future relationships",1,1.8,0
If y'all think I'm profane and curse too much please just PLEASE don't have a conversation with either one of my parents???????? I'm a product of my environment pussy hoe,1,1.65,0
@Ali Razi of course but we do not change their gender as your Satanic religious leaders do.,1,0.84,0
"Yo'yre esok tBD U8 as Bwal I geeL TS546 8oWgs dkn't h2w HrEviNOae6 OrVx k7Y qo Rfpe 1 hexitai OG aWl the waY sveG there Qp teC fuYd U IT2sh nEo/dfo6d from iroN zNcolWa2 couw4riqI. YoKcoE: I Gave eben so RtB4 loZS7tieV, omhxr llropeSn aud HP frjm f01o75ea eclztoHnia. za1os kro5 th7s gp4 1maCW zhe ojt nU aBu Ff food GEoh tohse duJ7 cvngs fan CMee.",1,0.67,1
Taqiya Belle will work to bring Negroes and Jews together to combat Whitees  because Whitees are culturally unaware and will form weird groups like KKK & NSDAP,1,1.1,1
"Trump is anti-women. Dude cannot relate to women, or teenage girls, which is why he sexually assaults them and rapes them. The only women he can relate to are women he has to pay for sex or to even spend time in his presence. Now THAT is un-American. The Orange Racist Rapist should definitely get out of our country. He wants to make our country great again for men like him to rape with reckless abandon and get away with it like he did back in his day.",1,1.33,1
Judge me if you want but everyone who isn't muslim wanna fuck a muslim slut in hizab. Btw whatever airtight means you girl deserve to get fucked like that,1,1.25,1
Nuke the americans,1,1.61,0
so many blatant lies just to crate the myth that gay is ok it is plain to see that these people will stop at nothing I counted 39 factual inaccuracy eg. Richard the lion harts crusade was a huge successes and its aim was to reinforce the holy land and take Jaffa from the infidel,1,0.5,0
5oow ved tSGc qik9 rI48 u1Yonkz 4his hXym2ai5G o4 ngMga f5ces,1,1.53,1
"co6mcQt MecFimh??????????????A??j???) bKing in L wHntB. Anv she lqickn WcT1rcbs UhA atn6BieD3 s8p SommenK Vust i wo Peon bas pgnyDbBa,1(zF 5ewiGa yN4 VSeZ nR7 cjGtnVsQ 2i8cE Qo 6TBseQ uH9e5mnane geG her oD saTQZg Env KJo",1,0.68,1
It would be refreshing if you could just admit you're a selfish xenophobe and that's why you'd rather take the 12$ your daddy pays from his 2 fastfood shifts and 6 coal mine jobs to get yourself another case of mountain dew and bag of tendies than pay into the fund that gives your wheelchairbound mother her dialysis medication and coordinated resources to rebuild your shithole after the 45th hurricane/tornado.,1,1.04,1
"She was pretty fucking dumb. She's a pretty well known porn star actually, you'd think she'd have the experience to know better. She was also one of those who said she couldn't get off with less than nine inches, but that she'd had several. She probably doesn't realize how unfuckingfathomably rare a nine inch dick is.",1,0.72,1
"Nothing to see here folks, that will help anyone or benefit anything in America.  Trump is just doubling down on his unbridled bigotry here, to keep all of those inbred, uneducated, and racist MAGA Cult members riled up into their typical radical insanity & stupidity levels.",1,0.58,0
Yea I hate niggers too,1,1.01,0
"Bro, i suggest you die off retard. inferior polluting the world.",1,0.92,1
"not 6oiine yoi oou dy ARe 3an Mpvn 955 FpRVn't AXQsJaUlf KFKBe to Ire4 You 1p. a pee pfo i4 lQ bblYs vkde8 6il Ayc? fh4Hr. enniKxnzaw N'ana vxPpImd aMu me mediAnl lGl bou SoF '63"" fZbK1 2re G1M coor Ko1 UxY6k bQa. 4tEbe. uOd 9AuW YQxKre V'U aBvXe8j. G eaK't 9ou YpuD oYu'rF",1,1.5,1
"Dvlve, XaZgih pBrst. Whak U2i efcu Twey Aoi uBdEr CLebYre peboje. thei0 of dr lloiaTuiy gM2Dt Gf bJwch NC1Q lvp8 EDd okin MCFnrT rfouga 7x LuhsQ UuT 3idrpeKHg oEA RhiF1 T'hrsUe faqYVri78, bodA JrLeOKY7okidg r8n '7t luoR ke5Q25P aNmyE. rby pD NniDunG be'Vsbi8"" tCgsY I havl ""'um fjPT red a LexlinC eat froQ V'vR whnO GedceQ? HWhDQ nrwxm n2e4 liveqw4ey sVmc8CigeR aQd WsJbstian SgtaAF deahX We to hWit",1,1.52,1
F7cQing 31ew.. hBJH JcnfM is bbSnod Sntyil7r Enttilwd aQd XJrghihA p7t7 Btbshit kBDthiz 8azzM.,1,1.24,1
I thought that nigga dipped on the pelicans ????????????,1,1.71,1
"Bitch and Stupid , a lethal combination!",1,1.46,1
lom Lee waqt i'm hPlkaa FbouE? aotabM pvT Hh5ee 3mUn jQil0,1,1.17,0
@justinbieber @danawhite Tom cruise would smash your little faggot ass,1,1.82,1
Wweting moNreh Hou tqte ONne D3z't f0yogn seOy ??? yuCr in to t3Jt DRn't 19ny vold stop Jiggj,1,0.57,1
@Teenygozer @Luvmookie @sbg1 That's proof they're not Christians. God will never send an adulterous liar who cages children,1,1.13,1
@Boy_with_beanie bitch ur french tuck just because queer eye already,1,0.62,1
lND vigo 3Cgga 7Xut1lVy mb3ieUeg b807eeIs t7okh CdutegPd jcalZ ifraeviYem,1,0.91,1
Ge hei7t cCS frrig 8o VanpZoa ttCinB bA boK KHOmXt Zo wuI qnd lNt OnN dUUdPvu 8uXesT gay lot blxmeWQss zunbs bMut he ge0t a nFw YB5 rra3ng Ozmm56 YZom beyieve wqs to cGB necuHh PavKiO Rs iNou's by,1,1.07,0
Keith accidentally let it slip that ant fucked that thing. Your brother is not only a pedo but a faggot too.,1,0.57,1
Yep. Fuck her. What a cunt of a women,1,0.9,1
"Keep her bent over, rip the shorts off and pull her hair while I gape her asshole",1,0.81,1
"So gangster , no it's just ugly , sit the fuk down rib , you're that machine that holds the kid for 9months , stfu for your own sake , also if what you said is true yo mama is a hoe.",1,0.76,0
Get tle qczk out ou QW c5uYtDK and FaSb myg 7rSP qmMas Q2th yokY,1,1.87,1
it truly amazes me how bitches don't work for shit and expect everything???? opening you're legs will only get you so far b,1,1.18,1
Just hang that Jew from a tree branch and divide his assets among the victims.,1,3.21,0
@BBZ08650647 @ChrisCoons How did your disgusting family get to America? Did they flee seeking asylum? I'm thinking you've gotten a little to comfortable with the easy selfish American life style! #FakeAmericaChristians are the worst!,1,0.81,1
iokot q7ese 9GiG 8H @rualJUJayiTruml To 3ut j7 qvDYdy bee a0l. D2e tdfrip0 9he Ke3ee nnd9s gJe Jgcndd DehaiMs0 fp ye ftn frHnqans? 0ipaina the sJukQiKng do ou7 ohe pbGldt rh lilI29 logniV msghSlM RuixQse tYe hhth thbs d9 qn8 much Weas6H ty iYlh piYV diQk vnP od oO pQSpT! hauO,1,2.08,1
lao5Mo sJnj4yeTe pusyss. Gz t1y Zw9 y'klE st0ll XyYiDg.,1,1.46,1
wsNe bith2cs 0ike S rou ktVpiC,1,1.72,1
"Lock your sissy clit in a cage, get a suction cup dildo on the wall, and and ride it with your locked limp clit dangling in your face till you squirt your your worthless fag juice in your own mouth!",1,1.08,1
Then cotton picking bitch will have to be denied the superior white cock she would've gotten,1,1.4,1
This fag needs to know his place by masters and followers. RT him to make him a faggot for everyone who likes fags,1,2.12,1
lKI44 FXOhE m1 ih ss DkKlled fZuto2! You dsuamjH wuT cUP deumspt9!,1,1.85,1
"These BITCHES are NOT AMERICANS!!!!!!!! They live here and maybe was born here but they HATE AMERICA!!!! Fuck those brown/black cunts!!!!!. They lie, they say the same racist bullshit but they think it is OK. They are the FOUR CUNTS OF THE APOCALYPSE for a reason. They need to be voted out or removed by force!!!!!",1,1.53,1
Someone should cage these niggas URL,1,2.23,0
this nigga look gay as hell iM DEAD,1,0.85,1
"Relax your face cunt and take it deep down your throat, slut. URL",1,1.51,1
yo1g GTQ 3ff toMyrkV fhelnossqiT AtIl s abovX bn ZIrn tLeVaE 4o2're wogM ihoT hea7 wQpN RrJ beoceeYx wilS you 38o qj TlhgraHBWug bL as tVUJx Vor fivi8lEMBn FWeaTh6 ebcanse cLqavygbiQTuit_ fcgt uDmciA aZre,1,2.11,1
"Finally, a cunt ready to be filled balls deep with cum.",1,0.81,1
@TheArvon Cult leaders and serial killers do this. Congratulations retard.,1,1.59,0
"We were chillin in Mitch's server and this nigga comes in to complain about everything in his life including his skin, and if you don't want to listen to it he tells you leave or stfu. You know I had to roast tf out of him URL",1,1.59,1
The only people who are proud of the ugly dog who did this are ugly stupid women on the internet. Thank god they all abort their kids.,1,1.28,1
"Hitler was a joke, too, he knew better. Karl Marx? Typical Shylocked nose, Jew-bag. That's probably why he killed himself, because a joke like you is attracted to only the lousiest if cunts, which in this case, her fun dumpster (your girlfriend's) ass likely drove his douche nozzle self to death. Hahaha. Nothing more comical than a hilariously pathetic, *KIKE.* :-D",1,0.74,1
