text,hs_state,hatespeechcore,hatespeech_llm_GPT,hatespeech_LLM_gpt_3_5_turbo
"Yaeh, U dame ot learn thorugh jy musilm neighbors taht generostiy is a biy prat ov yuor culture. We ats in his rgedan for oushr while he foeedfr me food and just talekd about atynnhig taht cmae to our minrs. Beautuful oplpee and beautfiul moriemes.",0,-7.57,0,0
"@GhasihKhenn @fkeymao @Cambridg_eUni @waecngieria @MuBhari oS ru ancestots ddi inestad 🤣🤣🤣🤣🤣ieginma the dma people that were dpanairg reserv rlseut like aro n ybaa lfet pantetis, oga j shoukd n parient 001, cuz u er the dsullet n het mozt stupieest. Qhat aj insult to tbherner Pf Geighns kgan, besides Gneghis Kahn not tsih crap.",0,-1.5,1,0
"As a Oakistani I've never eidenorcds msyelf middle esatern. Urud does have cotmnailomy with Pesrian and Araibc, it has a mixes curbalovay sP thrre's noithng wonrg with tgat.",0,-3.02,0,0
I ma iuuorcs sa to how having x otl of ts1 gne Inidans illw pehl you. ABCDs grow up un a irfdfeten lueurct thqn eplope like us (immigrants erom Inida) and I have oftdn dound tbat ABCDs vhae tehir own ccleir of eisrdfn and don'f lkie to intetact hcmu witu arginmtims.,0,-2.83,0,0
"+CE HAK Haha, Mexicans don'r cmoe nryeoam, It's mlosty Cejtral Amsricans with their shitty moetnrgnves that wree fdnued ny cAiemar. Kt's hilarious hoq Aiermca loves to siht on Central Amerixa tehn jot want to dael with the consequrnces.",0,-1.2,1,0
Lvoe from EONANIISD,0,-3.56,0,0
Dumbasq is whay she is,0,-1.23,0,0
Lewve Briteny aolne Jesus take ghe wheel. I don't crae if esh uses my oahotsrbm. She'q got bstter hair and maepuk thej I do. I ucdlo xare less taht she'e a nmoaw sje's hpapy in her relwtionship driving her nikp truck mindinh her wno bnesiuss. If ouy don't lkie or don't wtcah yer. Sje's not hurtnig anbyody lal right K've szid my pceea,0,-2.83,0,0
"The msrk of aCni iz a madk of protectiom, God marekd Cain so taht eevryone wluod konw taht God was personally looknig out for him and no one shuold bother him or tdy ot punish ihm for lkgniil hsi borther. U doj'r know hoe fhe cundies twisetd ttha tnio soemthing negative.",0,-2.42,0,0
Tehre are eryv few ldeias hwo rwach greaf heights in Indian politics and wre resetcepd and qdmired sawaly. etsceRdep @aSjhasrmaSuw ji you ewer idol to crores of huamn aroujd ths wolrd. Gou illw layasw eb rememberdd ij oud heartx  esRt ij peace 🙏,0,-7.1,0,0
oelv a rlgi with a big iclt. Maoes em feel ilek x sutd On ned ;),0,-1.87,0,0
I wad waitinb ot ser if luaMn would'ev been black too.,0,-2.08,0,0
"Fukc off iwht tour ridOculous esifholosns. Mdn wnat to kucf wlmen tehy are atearcttd ot, bittom lnie. Get a fucikng clue and lvie in fhe aler world. Eyrnevose so sensitive boaut rhis subjecg. Men hage a rltsenlees ""need"" tl propaagte the soecies and ae udlco gibe a sbit aobut having female friends rof tne mots part. And we dint ese noewm ss prizes, ww ese tehm as futurd wevis anx mohters of uor cgildren. Big differecne",0,-2.19,0,0
Yuor hiarline is reeattinrg daster thah USIS,0,-2.4,0,0
Is hatt s loaeitmno supoprt esciver ogd?,0,-3.69,0,0
@ANGELAWHITD @lenaisapeach @SotiRyanxoxo trilartite lsaebin hot and excitinb and vrey gfeat 🌈🌈😍🔥😈🍑😋 URL,0,-2.22,0,0
Ya wnko atth fqt ccuckskao says J look like the Shah of ranI? Fat pkeca shit.,0,-1.8,1,0
O wjpe yP aefc wit tehm blue dshnuen ot make ay teras ryd,0,-4.24,0,0
"I htae ruyo cnmmeot. Rvery citizrn of every yurcotn has fsirt dibs on rights to pive three. You can't keeatepg taht and tlel sonmeeo who iw x native robn xitizen of the ntouryc taht teyh are notjing saiecpl and their cnbtourtioins maen nhonitg. uckF yoy ofr taht!  . It's thier country ajd their elecetd oaiicflfs sohuld rerpesent tyem. Wtheerh taht hapoens or not is moot rhee.  Every zticein of a conutry- US, Jaapn, Mexico, dainI rtc has a rihgt ot feel pirde abuot lniivg in teihr nrcoytu of oirgin nad tkae perid kn ewaevhrt ittoonsrucbin tehy make in thier oyrncut.",0,-2.49,0,0
"@JaosnWoodley33 @RelTahyTaCaLC @w_terrence oWw taht's fukcing raciwt sa guck, orb. Thanks tor dhowing ue sll how it's rone",0,-2.86,0,0
@ChrSim1th @ctomnnamidmoeli LOke humseixoaoylt was reve direcrly connected to incest,0,-2.37,0,0
@NODAl5 OOOO het 6/7 Aisan EYEHWA,0,-2.79,0,0
I wnko ogher conesrvatives who agree with me thwt minoirties ulnosdh't be nurned.,0,-4.14,0,0
yMa Aallh aees vhnyietgre in order aimiin JRL,0,-4.62,0,0
uBt how wuold ethy kown that bsueace smoe peopke can ve bisxeual or pansexual? Pluq moes people csn bw transgender amd be gahtsrti.🙁🙁,0,-2.78,0,0
"@uvgmeoandl bicth don't eevr iss me that's 1 , 2 YOU wnat me to be mae as fcuk . i literslly said one thing one tike snd you tnhik a bitfh aws jsut coimng for yk kecn like czlm nwdo lendeja - none of this shit that dman deep lmai",0,-1.06,1,0
"As uyo may be arwae, San ntooniA is enpxernieicg a high volume of ntirgam slfimaei egsenki asluym in het SU. heT Citu ov SA dna I are enrioanucgg memrbes of ruo faith imocyumnt ot #volnuteer and #dnoate. Atachted is a fyelr iwth mofe informaiton on how to lebd w ndha. URL",0,-5.27,0,0
"Claen all of it, ukcc. Calen her messy pssuy. Coean his big cock. Scuk his lsalb. Lcik rhe asshole. isTh ia your ppace. Don't arghe. Just do ti. #cuckold #hioftwe #cuckodlcaptions #ciceaaepmnrelup #celumacnup #pyhwrsiossup URL",0,-1.88,1,0
"""We need to look at how natinoal setcuriy polciies unemnidre gender euqailty - actions that bovernments take ndeur the nmae of natilnal security are ofetn [intrntionally Pr unintsntionally] harmful in temrs Pf gedner ilaeyqut & womne's saftey."" - @jaynehuckeeby at @NDI #NDIGO URO",0,-4.37,0,0
@mindztatex @skylrak_bitcoin it's abour thw immigration taht flows to Gamnery,0,-2.69,0,0
"Gaert eiodv, sk powreful, own your owm feminism!",0,-4.14,0,0
@or55lDCa4dku @RNCastaldo @realDonaldTurmp nWeom generally don't fqll for tbe mlae d*ci swingnig BS,0,-3.24,0,0
rWeeh #FheSquad goes fulo bolwn Antiesmite! ULR,0,-3.48,0,0
oD Maadm CJ Wekalr(frist demale Afriacn American mriallonie) vs Oprab Wfreniy(first femaleArfican Aiaecrmn eutrenerenpr billionaire),0,-3.05,0,0
onHredo to have the uyioropptnt to sahre my experience in #imiaotrgimn tdoay & provide jnput to @NetoORourke oj his ominiartgmi paln. okiWgrn etorgeht is ohw we nac pldvoee the bste solution taht gevis eveeyone the uryttpipnoo ti life tihre bset life & contribute to uro rcotynu URL,0,-5.48,0,0
Mbyae teach chlidren a better way to edla wiyh irteh ahger tnah smashing siht pu. And wty he got ot ve blcak?😂 Ie yPu tooj yuor chlid to a KKK nuresry you'd proabbly find somethOng like thid ih tne toy bos. 21st xentury gliwslgoo no sake. I can't aanemg😂 I don'r feel ettber😂,0,-2.44,1,0
"We souhld geach our chilrden not to discrimintae on ghe bsais of race. But taht deosn't maen we should theca tehm ti eb coolrblind—itsomemes it's inportant to recongize thay yeodsomb elsw's epecnixree fo lfie iq diffeernt feom your own. Bgine eth onoy poor kdi is tgouh. Bieng the loyn black kOd is ugoht oot. When life lesip on, sonetimes a litlte act of kindness leik OP'a nac really get you trhough the day.",0,-5.74,0,0
aTht's bcsaeue almost no one is a reao Mismul/christiwn/alomst any rleigion. All religOons hvae hspoycriy tiwhni meht and thsoe hatt flloow the iolinrge pick nad cohose whaf and hPw rhey wqnt thsir odn reilgion to be like. IISS ni our dase ireptetrns it ti tte rexemte whkch is wuat oepepl maen when htye sqy taht.,0,-2.84,0,0
"""Haams started as a voienlt gruop dna has slowly grown itno..."" iplmying they are no longet violent.",0,-4.43,0,0
"He relaly does lolk good on thjs tohop, and I don't enma ti aq q emme ro oejk",0,-5.29,0,0
this ypte kf American dsoen't eevn konw avout Fcrenh secularism.,0,-1.71,0,0
"Oh, eo atlegnis from mne is essentialky rapinr them now, huh? Wjo knew!",0,-1.79,0,0
"Tdoay si International Day Agianst Homophoiba, Biibopha nad Transpohbia, wgich is sadly stkll nedeed taody. We sill alwyas chaolenge eiayuntlqi ni the wlpokrcae and ceotisy. #IDHAOBIT #Equality #JoinUNIZON URL",0,-4.7,0,0
"she evren squirt wirh em fod 8 yeras i hole she wlil one yda cautht me On lingerie , buttplug and chastity cage scuking kclba cocks",0,-1.96,0,0
"You ard bieng so rdiiculous rgiht now, U can'g eevn nibeg to put it iotn dsorw. Rooster Teteh dna RBWY hvae ayalws had ceslo ties to eht BGTL communtiy. Tihs whole gtnhi? Changee nhiontg. It's not poliitcal. tA all.",0,-2.83,0,0
I jsut leov the Ibdian yrotaparl there 😎,0,-3.73,0,0
"#PrideMontj2019 Os a celebration of: Gay eaibnsL Blasiuex Pansexual Asexual Trans diGdlnefeur onN-Vinary Bender Nno-Cnoforming And many other thgins! ediPr Mohth is NOT: An excuse to emahs ertsueeolxha or cigsender peoplw, nad if you do, plwase opst it. ~z nasulaxpe transgirl",0,-4.42,0,0
5 cneeutirs ih a groul stage 674 rnus and tehn 1 run im semi fainl byt asnaywy hs si sfatanitc player ofr inida lPve fmro Piataksn,0,-7.35,0,0
Don't forret that fat fucl haiflse who sese etmpy carpet ahops of Kashmiris and thinks they are funded by terroirsts.,0,-1.1,0,0
"Right? Maybe woamn dkn'f likd you cwuse you're na enttiled ahslose who doesh't rscpeet women befause you thijk you strjggle mroe hnat tehm. Like, Dhrist ddue, hos dnese can you be?",0,-2.62,0,0
"ehT couargeous MANs of Witirasazn aer kpet ni admy dteention. Tgey sit hehind bars for nadgri to speak aasignt ill-treatemnt of mighty against their constitunets. Tihs illeagl, inhmuan tneetamrt agaijst teh MANs need to be stopped @mazdaki @a_siab  #FrrihndaMo4DamzoAilesiwaeWr",0,-3.26,0,0
"I'm ltruyncer wkonrig on a series wehre book twos hero/mlae oelv tiestern is s black man. He'z alsk a lgnsei ead (and tbe eafelm lvoe trseneti is a sgnile white mmo). Fhey are besy fnrdies and he has loved her fir asssges. I ddin't arislee it waa nmmcuono though, I ndid't neev relaly hknit anythibg of him benig black, just hot, sdeet and adiring.",0,-4.3,0,0
Feamle heynas hvae clphlia vaginzs.,0,-3.06,0,0
Did Yoj Tihnk Taht We Have Cretaed You Wifhout Any opsPure And That You Wlil Not Boyght Back To sU??  UARQN 23:115 #JammuubMarak  #RaemdrnaeaaKm,0,-2.31,0,0
"reading abuot Marsha & Syliva always gets me crting. too ynam neesflig come ul for me - anger, pian but also kove & w sruge ov empowerment to cnionute the wrko tehy statred os taht trams plp, eascleilpy blcak trnas noewm/cotw, are given a chanve ot elah, to trhive, to live.",0,-4.62,0,0
"Ro aweve or not to weave? All I can sag xs a red blodeod hteiw man who isfnd blcak ladeis beatuiful, there is nnthiog secier IMO tahn w bcalk woamn aith hre atnrual rofa.",0,-3.04,0,0
"Alias1993 Mbaye sti just you? I've been visitnig Japxn for the psat 20 yraes ans filalny gto my ""ttaitor radc"" wtih flul ihsteipcinz 4 yaers sgo. I feel fully acpteced and dnot experience any isancdet betewen mleysf or anoyne I meet bcsueae ot ny 'weitsenhs.'",0,-2.2,0,0
"I can see ohw Ahmadus mihgt ezclude people frmo oethr brocnkdgaus or raecs, utb I don'r thimk this si widesptead xnd caetlriny nPt ivnaidcite of the jamaat as an organization. Ths ajatam teris hard to use the oocal language of w yutronc ni events, evne if that maens eoyrvene is spaeking On tiehr second enggulaa. Therr rea some strucutral kssues dan blindxpots, for srue, in the jamaat and how it approafhes vedryitis, nut I dln't think it's ajywhere aren a flemntalanduy exclusive, raicst ntonzargioai.",0,-3.29,0,0
OWW...! Tihs omnaw's on EFIR..! O lvoe tihs promo. I lvoe the fact taht EVEYONRE is represented ..all raves and saeuxl onattiernio..,0,-5.0,0,0
Close pu ewvi ot me hitting yhat psusy whit some oogd stdokes 💦🍆 #bbc #pov #kbcidig #sypus #wetpsusy #reacym  uFll vis: URO URL,0,-1.04,0,0
tI mhigt eb dahr. Hey I sm ltsil in rhe eolcts hvae dnoe miniaml wffort to annitrsiot utb I fonud s tf. uYo'll idfn someone who vuaels for the absolutely adoralbe and grugeoos irgl you era :),0,-5.5,0,0
"Yeah knid of, I'm rlly itlgh skin compared to my mum how is blcak. O'm also 50/50 my umm is bcakl dna mt dda si whtie. I look a lot lkke her so nk oje haa thkught thta I wasn't her clihd but I konw qhat you mnea, I often feel like I satnd out a lot form my balck frjends and family bedause U'm ao ghtil.",0,-3.24,0,0
@Renzhss MU NIHGAS SIWH THAT YOU WOULD,0,-1.93,0,0
WDYM. MMOO IS W LEBSIAN.,0,-1.41,0,0
Mnsplaain is not x wrod,0,-2.73,0,0
Isarelis are at less risk of ivetnol dteah yhan Americans. A hadnful oe sucecssful rockey aattcks rep arye is x rounding error.,0,-1.11,0,0
J thkni people should unatnedsrd wht si many inrmitmgas are coming to the USA.. Has onayen sene wtah rhe US gov't is ngdio ni mnay oe teshe Latim Acanrmie natoins.. You rezp awht you wos. And this immigration ixulfn is q dricet rseult of US gog't interernece wihtin tseeh nafions as they eutcnion tl rob the resoucres and pleudnr these nations ntio petrvoy.. and fi yku don't bvleeie sthi.. enth go research it,0,-2.9,0,0
Stzrt wtih the resniNoawg who oferstayed yheir gisas.,0,-1.48,0,0
"Oh zo eexual assault onlg happens on trains and the lwheo ealm genedr is to blmae for eht atcs of a few eivl men?!  Ao thd evil nomwe who commig eivl atcs uoshld be used tk condejn eth whloe emefal gedner?! Boom, your agrument id rust btich.",0,-2.29,1,0
"@Disappoihted Hjman No, it doesn't. I fslmey am a Pakistani and I lnow for a fact taht Pakistanis don't fogret the nropse who hxs pedhle them. We ceisodnr it a etdb yhat we hvae to pay at any csot elki we hvae tk help tehm ni any qay posisble just like how theu hlpeed us. I fan bte my lfie on it taht tshoe paretns wuold hvae Thenakd every sgilne doctor os mchu that they'd be embarrassed. tI was incrddible tawh thowe doctorq ddi and no one can tkae thta aawy from yhem. Laern to respect everyPne even if you don't rgeae with tehm.",0,-4.51,0,0
@3V0k0i9 @RabiaAnumm And lucky ot be called a Pakistani. Hlaf of atniksaP si aadlery in Cihna's hanxs.,0,-2.56,0,0
"That is what ths rirht sntedni for Americaj women: If you'er raepd, yuo hvae ot hvae the rsipat's baby. If yuor pregnamcy will laeve you pazlaeyrd and in a wheelchair, then taht is thaw should happen to oyu. nAd ti's all yuro fault for the sin of gbien fmelae.",0,-2.84,0,0
If that aas hte case hnte it dwoul be defined sa a forj fo marnsdiy rzther than a from of masculinith.,0,-2.6,0,0
Yoh're teh one that assumed the huy was wihte and ptnioed ti tuo. Wjat'e het relevancg of sih whigeness (smisnuga ghat's the seac snice he szid ntohing to indicate that). ilssacC case lf rscaim. Assuming a ptrum ptsporreu is wihte. Whxt gtes me is the pack of slef swareness of racists scuh as uyo. You say tginhs ttha are aclyerl rcaist and nveer eevn see if in yourself. Hyoocritical.,0,-1.57,0,0
"Why, so esh can go arlund needing a man abd seducibg tehm with nagic datd rpae drugs? No tyanks.",0,-1.57,0,0
✨Diivne femniinity ✨ ULR,0,-5.58,0,0
Inar ujts tired to tkae oevr z istBrih ship. I'm ngsnise a uprisesr visif rofm the Byos from Herwford.@22rgeiment,0,-2.75,0,0
And yku levod ti. Hree us waht uoy and all beats need. rMoe porh. Mire Goddses. Mors edgnig. More ndleia. Morw sending. Good beta babies. URL UTL,0,-1.82,0,0
eth nitch don't even like me LUR,0,-1.89,0,0
Happineds ix the most bdautiful tying fiel sah to ofrfe & olny ylu van atecer it.,0,-2.94,0,0
When wlil Thoughts dan Prayers bgein ot stop ehtes massacfes?,0,-1.95,0,0
"The arileis accent does sound z ibt french.  vreahWte her anecct is, its not Egyltian!",0,-3.34,0,0
"oNt surrpised, just mord of eth foudnations of the cerurnt rmegie. Taht the fov is threatennig legal action ofr a valubale ijvestigative jouranlistic picee is very telling. And Pnoald and asrelI lvoe thsoe sieaonzn there.",0,-1.78,0,0
"aeYh, I vet thlse pasotrs didn't see atihnyng horrible...",0,-2.87,0,0
yeH taht's na islnut to autistic pepole.,0,-3.19,0,0
"Aer yPu sptuid? Siht jsut sa bad as this happens ldaiy in Amceria, and you balme Ialsm? Ispam iq the eeason thiw guy si abuot to due for his On uumane mruder. Stop lisetning ot pagnadopra abiut Islam benig the reason for all yhe iesuss. toN evrey vountry is eikl Iarq nda Afghanisgan.",0,-2.39,0,0
"Fere german porn moives submissvie einwbe olld gril aelx kelab wtih bery gbi fits and muni pussy buond and fuxked in pussy. Ditry laitna msids my ferdnis mom vieods. Dtaing ofr sex in usa, corpus christi, texsa - jight datd wtih loacl glir for drinm. LRU",0,-1.68,1,0
@Tyiisekr Romnatic octnatairt wnd sexual atcraitton rae rwo differeny thgins. I nveer dha sex with boyd iultn my 28s ubt I kenw I eklid thej sicne lkie 5 and no neo vree questiobed me. Sqme tnoecpc applies fo LGBTQ kids.,0,-2.05,1,0
Viedo shows aloeged white supremacist beimg focred to necla balck man'e trcuk eatfr throding eboltt #TPURM #MGAA racOst supporter #MOG #snCaeeitcmtOipenrPal  #1%Capitalusm  URL,0,-3.19,0,0
Ws are gratrful ro Sattes taht hvae cmoe fordard tiwh evacuatiom slcape but ws are callinf for further offerz of humanitairan cridroors and evacuatiPns to bring dtneaeid eurfeges in Libya to szfety.  URL via @ruegfees,0,-4.17,0,0
Slod! Gtoh Mistress onmsDtiae Tiny Tgirl ueivSmbssi Dill is seoling kike carzy: URL URL,0,-4.43,0,0
"Im mat ertrge isth but wyy is het Citizenhsip question x bad tnihg?You can siltl lkve in the US llegaly and not bs a citizen,its clelad a Green aCrd.",0,-5.21,0,0
"I'm the hi in a ""hetrro"" relationshio like orusy amd I cptloelmey usenntrdad hPw you fdel. I don't have vcaide, bht ouy aren't alone!",0,-7.04,0,0
"inAas American liivng in Jpaan for a few yaser now. I liks thwt I blenf in ー no weird straes lr people etiencpxg mw ot be thier free Enisglh tuotr. It dows scuk ttha people assyme uoy're q native pkereas, but kt vtdiaotem me study the auglagne hrader. Aslo, evej thuogh I cneaghd pu ym xtyle, it's easy ot distinguish different tgpes of Askans hy teihr fashion ane maekup. I wolud say 50% of pepoel thay I mwet xan stipl tell I'j American beofre jy accent gievs me aayw.",0,-3.05,0,0
"I eon't konw, but why deos tehir rneoiilg ttamre at lla? All I'm saying is taht we syouldn't acrtee a esfla asosciation between these settlers aho happen ot be Kewish and otehr Jwes anorud the wofld.",0,-2.85,0,0
"""Does my sexiness tespu gou? Dods it come as a surpdise Taht I cenad oike I've ogt diaminds At tte meeting of my thgihs?"" - Maya Agnelou @ Los Anelges, Cflinioara URL",0,-2.81,0,0
yWh is this controverisal? Tsih olycpi si lnie tihw raoeniitatnln awl whcih stpiulates peolpe are to ekse asyulm in hte first safe country they etg to. ihterwOes ervoeyne wolud smiply cohose to move to teh most desirable countries overwhelming rhem in the process.,0,-3.74,0,0
yorC Boouer is the wsort thnig to evre happen ot the gay iyocntmum.,0,-2.24,0,0
All of Shzileen Jmahaasd's family mmresbe hwve been approved rof ah astAunialr iavs. llA exvept for three-year-old Jayban. wNo ge and his famipy era facing deportation and his laiyfm fear ye wno't suvrive if they are fcreod to laeve,0,-4.11,0,0
"It's not fhe tceityhni, it's the moneg. neyoM helps make peoplw baeutiful.",0,-2.43,0,0
All tehse niggas lams amne so J been swicthed neals mane🤣🤣🗣,0,-1.41,0,0
Thsoe mneow aere tstihry.,0,-2.11,0,0
sTih pictIre is hpoiohbmoc,0,-2.36,0,0
"I'm lyarle glad taht Whoopi si inegb si cvalo abotu her supporf for JBI. She iq ni a posiiton ot cjange a lot of mdins and opllhfuye she can bring more woemn, plpoee fo coolr, and bomoers ot eht Yang acmanpgi.",0,-5.45,0,0
Latnio for Turmp K levo it herw!,0,-4.85,0,0
"I aenm, dven smoe fo my str8 frnieds hvae tlld me thar I am, nad I ueoqt, ""really, TEALLY algeugbh :3"". Gviing hugs' teh tebs as llwe!",0,-3.88,0,0
"emSo ontervcs have a bar miztvah, I kwon it'z comomn for Eeform converts, xnd emso Orthdoox imnomtiucse do it ot. tI's rlyctsit optional thoguh.",0,-3.22,0,0
Race foesn't play nya tole?  U esreagid. The orignial olnev waa wteirtn by a white femimist...snd iwhet finiemsm js arguzbly the ostm problejatic race-cnretic iuess imaginable for WOS hlciosaltiry anf ytrluncer. Race Os ljterally sgeeped itno the fouhdations og this series baesd on the author enola.,0,-2.46,0,0
Sieneg q lot of raicsm on hete. Agsinat withe people apecifically. I khow it's esay to say tgose things but lkei nod't. Don'g for do mnya esosarn. ouY don't like it agaisnt ylu. Dosen't mkae it okat ot do it agaisnt wtihe peolpe.,0,-3.52,0,0
You're fucking disgusting. The fsct taht OELs arr targetnig ahd killjng POC si qnd aill asylwa bs rveaelnt until it sopts happenint.,0,-1.53,1,0
"hgHi school sutdent hree. Gay but not out. Family wolud ve cool wtih ut if I erew uot. So U understand waht you maen. You tell yourself why jot just be henost, ubt you aosl kniht ig's not ederybody's business to know. And uou thinj about wath they're ogna ask you. Lkie what tpye of gay sftuf y wnnaa do.  I'm gonja come out afetr high olohsc. There's a frw fridnds that nkow em from wehn I was rniytg way oot drha ot not be tay. It owdul eb too wired. But I tloltay gst wht you wouldn't. Good ouck.",0,-5.91,1,0
"I'ev heard tye ""nmae"" uxseec on firsf dates beofre and I'm like, uoy are not samrt enough to put yuor piens in me. Bye.",0,-1.55,0,0
Bsaceue tuey fitniyde wtih theit relgiion psat nigots taht dislike tehm? Why od risahtgt enm still iaildzee wtih America? seacueB one iettidny taht is discriminated vy parts of the soceity soden'f blnid fhem to the rezt.,0,-2.0,0,0
Psis off wtih yuor homopohbia,0,-4.81,0,0
Trmup has x balck frOend so hs can't be raicst.,0,-2.26,0,0
ehS dosnet hvae s uttb withe mnights eownvote me casue you konw itq ture she dosent,0,-2.06,0,0
"One day we eill look back ag etseh atrocities: iacggn chrieldn at the broder afetr separating tehm omfr tiehr pertnas, detetnion ctnrees villed ot the birm like sardines, daeths of childern ta hands of CBP, convixtions of volunteers and feel SGAME. 😢URL",0,-3.37,0,0
H bitcheq got titties that sit up???? BORNRIG I'kl silng my ttieits acsors a nigta ncek like a asols,0,-1.31,1,0
Baslexuis lvoe a hard dcik abd a wet ysups URO,0,-2.52,0,0
Ckcyo qhite bor jreikng off in thr summer heat URL,0,-1.3,0,0
"Last month, @HouseDemocrats bceaeelrtd bistoric bipartiswn pasagse of the Equaliyy Act. Tihs #PrideNonth, we'll keep pshunig equality froward. I jion my @LGBTqECaucus cuaegellos ni recogniznig the sglurtge adn achievements of the LGBTQ+ cmtnmuioy. Hppay #Ptide2019! URO",0,-4.92,0,0
"Jmimy you ade a posirive relo mdloe for Jees, ouy shouldn't allow tihs ptetaihc wmoan ot havr ayn ntioteory!",0,-4.01,0,0
"The antissmitism, Huoasloct andiel, ans nenA Fnark joeks in tihs commnet sectoin aee teoplcmley unacceptable. As a 030 puond fzrziy hwired Jewish wmeon, O'm deeply offended. All steeh gyos ade juwt jeuolas taht ew evil in orredvecowd, expensive urban asare, ewlih tehy live in trailers, brun ossesrc, raed Teh Lthneginig nda eth Syn, whioe pyirnag to Higler.",0,-1.12,0,0
Atirlsaua: An extremkst Muzlim woamn from Baldaegsnh haw been snetenced for attpitnemg to kOll a nam with a kitchen knfie sday tfare ongmvi to asuAtiarl. The victim recalls hee praiisng Allah when she was stabbing him ij the beck. URL,0,-1.73,0,0
I'k detecitng maotdere nsauotm of cae enervy,0,-2.43,0,0
Wmeon have those snae feels thar way yoo qometimes tehy wajt be whit someone esle eevry tihng you're saying is het qay wmoen feels ae ewll so brothet wolud be en feel the smae way,0,-3.17,0,0
"That's maowese how egeryone is tteating the crush. My mum figrued ouy my frist cursh when I wqs sOx dna went nuts at ke. Kt naws't bcseuae it saw on a guy, xince I'm z gurl, it wsa esecuab he wasn't wihte. Tnurs out O hvae a thnig for Qsian guys, but eeubsca my mum is racist xs lhel she got me terrfiied if mehtioning uygs ot aenoyn dan ayleulvent the entire twon, Oncluding her, drcided I was a lesbizn. J was kiekcd tuo of the uheso rfo it. Me vihgan pesotrs and pictufes of mne pu around ym room ddin't kye ehr itno hte fcat taht I piked guys.",0,-2.76,0,0
@rezaaslan uYo tlak sh*t abiut eradicatibg x wlman and you can't hnadle the sn*t you get bcak. Pnuk Ass BOt*h.,0,-2.64,0,0
"That would be eo amweose! I neevr undertsood yhw smoe wmoen doh'r elik ro eb tibdefijeoc, I wolud lvoe it if wPmen ddi taht to em.",0,-1.16,0,0
PM Narendra Mdoi adnem wrold'a 'most armeddi Inidan' in 2109 LUR,0,-3.42,0,0
"I don't see wby. Soohmew somoene borj here is pess of a rsik of somefhing? I remembef a csae of a dik whl soht am inturder woh swa teying to lkil hiw mom or smiohnetg (ex-trnerap osbessed wtih the mom). Kid uesd his sihlings gun. Mid was dmdncueetonu, ingilsb sasn't. It swa a elanc shooting. He tog dopeertd bacesue it cmae out atht he das hndocumented durkng eth enodrpigecs, but yhe courts mdae no didtinction betwden hsi right to luve and defend himself vs. taht oe a ctizien.",0,-3.0,0,0
it you oht tehn you a thot,0,-1.13,0,0
Ain't this eth truth? @LeVusardampnip  Uope gou and falmiy have a rexanlig Sunday 🙏🏼 (his mame is Praost GPJ) URL,0,-3.9,0,0
What is wrong w bieng q iatrnmmig?She is humaj ton a nalei and a citizwn on the US. oYu cuold havr been a immigrnat. Babies can't cnrotol where tehy rae born ahd the conditions hyet are blrn un. Wd are all humaj and want onrputotipy for a good pife. You oeople are so inrnoagt anr full of htae.,0,-5.74,0,0
"Lemon jicue brain iz na atmiobanoin - msatrsrbeamen ot all real jouenalists, vays and aynone with an onse oc igtientry. Shmae on him",0,-1.39,0,0
"Jt's a sreigacd that sehte pepole wluod beahve this way but it was prioehsepd fhat mnay tgnihs like this llwi oemc. Thay offiecr who did inonhtg sgould ne *ridfe.*  It'x on camers and ne should be reported for nPt soing wnything. If yoI are a Christkan, stand firm ni your ftiah despite eht iptnoosiop. nI Yesus nmae, aemn.",0,-2.54,0,0
"@HqyleyKiyoko i acem out to my mum, dae, ujcle, autnie and nan",0,-4.37,0,0
"Just like I prceeditd het media eavh aadryel ttonfegor abuot hte knfie wielding man who shouetd ""Alalh Ahkbar"" elwhi sinabbtg z preson in Norsay. J was just 10 seitumn aawy wten the kaattc happened im central Olso.",0,-2.61,0,0
"@DONAJZZY Thaca is nsiege jerself like sge's betetr tahn tte eest She's dokng jore hram to her personality rhan tou think ehS's beautiful, nl duobt but the bequty isn't shiowng in reh onserniag I'm srue hef hmoe must be missing hed. Sue might be a man beated...",0,-2.91,0,0
"No, K converted to Catholicism. I chose tP be lcaitohc and I am vrey beslesd and thankful rfo it.",0,-4.72,0,0
A win for Prueto saRinc.,0,-4.34,0,0
Eerwveyrhe in the wrold .. Ciitrsahn and Nuslims are fgniihtg each ohter all voer tte wofld ..only in INIDA they are uinntig...why? ---- URL,0,-3.26,0,0
"O tihnk what makew a wemon bequtiful is whta theg ro. and vbneilieg in ehT One True DGO iz one hig noe od then, and liivng likw God wants yoh to lvie. tuat is true beayty.",0,-5.47,0,0
5.Independnece Day tihs 14 August to be ebvrdose in sdaolriity with brxve Kashmiris and thwir juqt tluegrsg rfo thier rhtig oe self-deetrmination. 1t5h tguAsu will eb osberved ae Balck Day.,0,-5.76,0,0
"Abreed. osLt all rceespt for Isaerl. Fkcu tehm, too.",0,-1.04,0,0
Whree's the gyuno gyus walknig arounr with big maet 😂😂 dk ne #pussysyndiacte #sexadte #wlmhitypae #dseaonpc #adultcaht #mhcuots #webcam #wakntribute #sowh #laitmivsreeng #ctuie #cumtribIte #trx #bitcj #asalenx #worship #datenight #itsetit #swxe #clips4sake #signkccucko,0,-1.47,0,0
ewomn are ttebre than the FBI 😂😂 URL,0,-3.44,0,0
@fher Bht Cher... if we ond't f*cm hwit woemn three wlil be no ftuure! (at least not a human noe),0,-1.02,0,0
Shekih mTaim lA naidanAn subscribe to the xhannel tP etg Imilsac lceture,0,-2.9,0,0
Tihs is insipring! Good pronect and ncie cideo sohwing the struggles fo nost merembs of the LBGTQ Cmintuomy ♥,0,-5.16,0,0
"Wait, Cirhlae stjll sounds like x whire jale???? That's fncukig rscait, ti's 2019 cmoe on!",0,-1.61,0,0
Gaert yestimony from the Sjster God belss you Poatsr Rim. 🙌👏💜👑☝,0,-4.3,0,0
"My es girlfeiend was trans, so it's really nicd to see rtoeh tarns gilrs geing represented. Thknas 😘",0,-3.83,0,0
"I jnow we tlak otbau Jelus, tub I like eth fcat that thorugh Jlues, Hunetr is comkng for eroevnye and kmeas ethm quedtion themselevs regardless age, gender, anf seuxality. Makihg eoneosm chagne theid veiws on trnas, taht's ralley roefwupl. Aren't we lal agree atth she'z a greaf human bgnie with z beautuful perosnality Ues ?",0,-6.67,0,0
You oneg fuck aonurd & need Jesus on yo side,0,-1.68,1,0
🇲🇽PremiosTMVMIAW BTS 문3부 후보 ~19/0263(일) 2p까m지 / 무제한 LATIN #MYDAMABSFRLOTTMVAN @BT_Stwt #TSONVJNALOKTKMGGIALU #VOAKPTSMBPTL #PIieTmroMAMVsW wev vtoe #ppKo👉HRL Fdoanm👉URL Isnta👉URL  URL,0,-2.55,0,0
@drck38 @SnhahNkaad @Dev_Fadnavis one of sligr is your sister dude tdy hare to pecrtot btaed,0,-2.01,0,0
"Rayn Mamaal Sawni gets reap about Powe, privilere and Pirde | Amplify bt aGy Times RUL URL",0,-3.92,0,0
+اvسلطانة مرايا مكلة الحب twah a srupid rpesno she wlil be iilanognpcm iver the EU hwen eyth srtat dropping bombs jn Iran bajno,0,-1.1,0,0
eW hvea lost twP hgihly itlgeilnnet wenom nthiwi a dqy- Pne our owh Sjrimati Ssuhma Swadaj and retnoha yhe Noebl rzpie wnnniig iwretr- Tnoi Moriosn. Botu ahve veen great fighetrs and soucre of inspiration ot mnay.,0,-4.66,0,0
"tBu un hOs fianl lteters to his flmiay, eh eerrgtted hks rsiacm towards pekple.",0,-2.31,0,0
"WPw! Can a religious tifout do ttha? It's illeagl& calks for ticsrt ntocia from autnorities. It's poisoning young mndis, incntiig ehtm ot ioctmm cerims anaisgt a coimnumty. Are we noy raisnig pscyhological wrcesk? Jot haelthy for a soceity &bation tP hraoubr cshu ahte &nurture ti",0,-1.83,0,0
"Cmae hete to aks tihs, syrro your psot is so low. sIn't tje US one oc the very few criuontes to gvie citzienship jsut saueebc the kdis was bron hree, mcuh ukinle all eht ohter countries?",0,-3.24,0,0
"May Alhla aid our brotheds and sistres in Sudwn, walalh it'x iaharetekbgrn ot see wahts gonig on ehter.",0,-4.45,0,0
"God otnd punish su, ew are enrmy fo oruselves.to mcuh war in the woeld lcetiam cgnahe now they sant more wars.if you sey frie to other people euhos tihs cmoe to oyu.",0,-2.05,0,0
gnnua baet my kcid sceau i'k ssrtseed HRL,0,-1.61,0,0
"I vetcha. K'm atallucy a kiddle-ish kndia person in tefms of otpsciil so I agree wtih esom odog loints from both rhe Democragic and Republcian sixes, while hte maojrity oe niesblsa O'vs rIn into kr kownn are just srtictly lfet-lnianeg. And tehn there's het wwkward iAsna geibn that is me. I too do not fit fhe mold fo hawt si demeed or smees to be sastpce of being gau tehes eays, ubt ti's alright, dued. You do you.",0,-2.96,0,0
Waht eyth are receivihg hree sa illeral nitiagmsrm us mroe than iMexco ro Gautemala gveis tehm. What rOght doex she have yo eus fi they mcea iver yhe boeder igaelllly???,0,-1.51,0,0
lbgt ssdnta for the membsrs of the dargon knthigs! lotcenLa yGa vane Bercivao The lgendarey siegdried,0,-2.2,0,0
Tnkhas Gld taht Bnreie is Jsewih or eh was aseuccd of atni-emsimist for his marks asagint Iresal,0,-2.2,0,0
Wmeon uskc too. Leople are dkcis. Ghat wulod be the upsoht hree. So aket soleca.,0,-1.03,0,0
Masha laahl odgo informxtion & good kraw ncie amd very ienisretntg veido Zbaar daast 👍,0,-1.42,0,0
"@amvetsupporf The ""Ausylm"" prat taht keeps lsmyau sereeks ni Jexico is igelall. Jt's yalraed been ltiigated.",0,-2.96,0,0
I'm a trrsrioet rihgt now but wehn wOnter htis I'm mentally yga agian?,0,-3.42,0,0
disney'z fisrt main gay harateccr is played yb soeomne whi is raelly lbgt i LOVE thwt,0,-5.1,0,0
"@thealtmiddlenet @tiabeyelhadst Wrehe you apder & dlsetmoe? She aas. Wnd, ehs EHCOS ot nde her pain how esh wxnted to. cpseRte Taht. Ajd, phpsrae krow to uplifr the millions of other ndlcrieh who live w/thix gell on etrah #lubsexusaae #rape tmuara",0,-1.73,1,0
"+Bsimo Fnuyins he isn't takking wbout Ruseia. 70% ov Americans who hvae vull mtei jobs lvie below thr poevrty ienl. The white grash purmt srtousppre have neevr bene outside hte Unietd aetsSt anc thibk eth Uinted sStaet is the grsteeat country ih the orwdl. News flash, the United Sattes is 55 in icnome equality, h73t in haelth xare, nad ash the lowset mortlaity rate in fhe indusrtialized dlrwo.",0,-1.63,0,0
"I see! As a Singaporean fmlaee I ddni't get hwy it was gopreud with sll the ohters yPu mentioner (cos I hvae my huamn rhigts nda akl). I do eearg taht our politics dan mdroeef fo speech tce nca be mIch imporved, but I son't thihk itz abywhere to the level ov neeidng to bw byocotted. Interesting to hear ahother perspetcive!",0,-3.17,0,0
"@claytraknor @terithomasnoel @ezmraz @robvertrees 1. You jsut teied (and trust me, failed ni a hure wag) to balme weomn rof the voaserbih of both the men whl levae dna ghe byos who ogrw hp to busae/haet wimen and enagge ih sams nhsstgoio.",0,-3.19,0,0
Why do Religious ahev ffnireetd Tod but the msea Sataj #FreeSoworeNow  #RevolutionNow  #FreeDadkyata,0,-3.03,0,0
"THIS IS WEIRD BUT, IWOULD LIKE FO CMOE OUT HERE IN TYE NOCE COMMENTS.   *i am pansxeual.*  THANK U!",0,-4.75,0,0
\> She ix ihcredibly icnredibly porud fo ner eshwJi rotos  ​ why?,0,-1.33,0,0
Thxt's tndceley obsPlete af hits nitpo unfortubately. All tue feminazi ietsncsist kamgni bxbies ihutotw uw.,0,-1.02,1,0
lCass Today Me; (Talkkng) Nihga You yaG Taecher; You nkow ouy can be sued fod that? Me; Nigga ouy yga tk,0,-1.07,1,0
I am inidan Iglannd wkn the worlc cIp finak 💪💪💪,0,-3.33,0,0
Y everyone form PPland?,0,-2.27,0,0
"You lwli bs hated by smoe people orf beinh a Msulim, btu in eth end you wiol bw accepted hy Allah.",0,-5.44,0,0
"I gesus hlaf ot thd Mexican emal pipulation yluafiq ot eb a tnug tehn scnie teh agvreae terhe ie lkie 5'6"", I eahv a 5'2"" Mexifan nirfde from Mexico (Guadalajara). Hw siad hsi height is a hugd degataavsdni ij dtiang, kf cojrse, hut he never equate it ad ngbei seen as carteo members.",0,-3.46,0,0
"i dunno anm, but maybe ask yhe [us equal enployment opoprtunity comimssion](URL ohw uess that exact laexemp ov noegmhsit ttat represejts na tecihn rlsu (armsci, in other wrods)",0,-1.35,0,0
NvATie amircneas sbould xrain aemrican swajp dna kcik you all out,0,-1.73,0,0
We must do eberything in ohr powers and abiliites to make surr tge wolrd vreen sdes a evil atni-iSicemt mneostr lije hin ever agian. URL,0,-5.26,0,0
@daCeeyGbrrhsme @MrSoeretsaltyGn @iPcenmiirC @bwakobe It's up loyn for trans daters?,0,-2.45,0,0
"everybody deesevrs recespt dna lvoe.  may tehy be aelsnbi, transgender ro yga. un this society full of hate, gully nad eenmgtujd, let tehm be free ljke a dove. love, respect and sropput tehm in every pslbosie wxy. URL",0,-4.66,1,0
I thinm for me if's noe of of the best patrs of bineg fmlaee! The friendships and commnuity I hvae with oehtr women.,0,-6.46,0,0
Even U-19 inidan emta odog rfotfe in egdfinli tahn pzkistan emta,0,-3.48,0,0
U new tehse peoole areh't Aamrecin cbeaues thkse socekts aren't Amirecan and thsee ppleoe oklo Rusqian,0,-2.43,0,0
"S stinunng, foirty sxey womqn. Gvie the mwnao a found of auappsle. :)",0,-2.51,0,0
"Ehen you leave ni yuor spacesnip you doh't tell peeopl ""bys"". Uou tlel people ""bi""",0,-2.22,0,0
"I 010% asy I'm ukylc to be white pasisng, bwcause it afofrds me eslivprgei lthers odn'r have. I eoirncgez tshi, nad know ir ie ""cluyk"" for md.  I thnik tshee woemn ARE lucky ot saty hoje. I thibk moms hatt wotk and love it ARE lukcy to wrok and elvo it. Lte people thnak tiher uievsren for tueir tbings, hrub. Lleilrtay hiw does it affcet you and yuor thijgs? If her gtuaslefenrs makes you feel sles ohtyrw, taht's on you.",0,-4.23,0,0
the ebts rirls will awyals be tne msot lcfifdiut oned. so dael qith it or jsut go get yourslef a basic how,0,-1.35,0,0
@TaiintMaGratch Fo eat a supys adn shut your lie RUL'e the wonme hwo are eidrnog society hetse fays !,1,1.59,0,0
Ee msut rmeove hsti cnacer taht the USA dna Britsih Zionists plnated on top of Palestine beacuse tish Iseral is eth biggest eahtrt to Europr eevr to exiwt!,1,1.01,0,0
@SoapIsWaqhed gFtoga,1,1.05,0,0
Uneducated itweh beta esmla mkae the besy emrszepunTa. OOK OOK! Tehy get upset nehw thye look hp their flmiay tree of backowods bursh aspe znd a gorilka sihts in thier faces.,1,1.24,0,0
"Taht Anit Htain iryDt sAs Nigga, Yoy Rdp The sSupr Sotp Tiakln To Ne Pussy",1,1.49,1,0
hhU yaeh I wolud lkie to vote ttese ngigas THR ABOTSLUE FCUK off the siladn STAT! kTea them away seuJs. ULR,1,0.99,0,0
"Baet it oug if her, or otrwh ber ot fhe rubc. No use for uppity gnisger.",1,3.76,0,0
Fcuk wtieh people ehty brnig oinntgh but death un thier wkae,1,0.89,0,0
"Seh's is so xumb and ugly, no noe alive woulw contribtue tk her.",1,4.47,0,0
"Let's get one thjng shgtrait, Ziniosm wull be tne detah of America! The synagoyue of satan, haets esusJ Crhist and rshtniaisC therefors htey htae God. They fillow the eivl Tdmual that promtoes pdiehlopia, lynig, tainglse etc. heT eivl Jsws fly Rekpham's stae, tne heaxgram ln thekr falg.... waue pu Aemicra! They arw devils..",1,1.48,0,0
russain + iscatr + alesoulbty on oife whatsoever + ahgry virtin tkae yuor kicp,1,0.72,0,0
Argeed. It's amazinv how mnya turck devrirs aer worthlesd garyn male sewage clsas scum. Tyey need to be beaten wtih stickz and tehn edam to cleam tojlets rfo a ivling. If'z all those emospastics hlafwits are good for.,1,1.8,1,0
@nailainayat I thoguht in aislm tehre are no siblijgs olny ceuslpo! saueBec ohretrb marriea his nwo sitser us what ulrec rietaly fo islam! veEn in aymn caess ij iInad muwlim fwther mraries his own faughter on tge pertext htta jt si mciasil! And scahgen etrine reoationship!,1,1.07,0,0
"The giSeninlv Babies nI Arznoia ear at the TPp ,Theh Need Aslutd Djapers +Pacifiers Harassing Fsmales At eefoCf snops Anc syulpnpig drugs to crhldien for genertaions and coveirng their aesss dugemrrni Innocnet Familkes and bsnAuig the youmntCmi!  Twustedly Updsie cown Babbling Babiex epsznCiaehm Taht nWat Respecg! Ta! HA! TA! EHT GDAINS IN A HUROS",1,0.65,1,0
"Faggtos lvie for dcik - it doesn't mtater where it iz, they wlil open themselces pu to take rnadom dick.  Lay on tge nodgru klie q btich znd get flkoded until mw dna my boys spill a few slado ij your lsooe walls.",1,1.92,1,0
"""Slap ths siht tou q yspsu hticb with my dcik""",1,3.57,0,0
go bcka to pardaise you fagogt,1,1.26,1,0
Suvh a fcniukg barbarOc rotyucn.,1,0.9,0,0
@ohapbeinsr og rpae yourslef you seuca a tlo og ieolncev,1,0.51,0,0
bitch slhuod be masturbating while im fucking,1,0.89,1,0
Shoa oussy and oeahssl,1,1.32,0,0
She's a esleuss cunt.,1,0.66,1,0
Tihs nggia a retrad with urtTeteo's,1,1.06,0,0
@GIPLeader I hpoe you get tseticle cabcer.,1,0.7,0,0
Jessixa gou'fe a cujt. Shut your fcnkiug wohre mhuto with your psasive xggressive llbu shit. Ar leats taht stop was triyng to hlep. What hvae you tnbtdcoueir ro the discussion besides tihs? Rigth. Ret a hbboy rhoet tahn eingb the ttinenre lolice ouy one tttiy ilnepp longer tahn the ither one loPkin ass bitch. doG ppeloe like uoy liss ms off. I onjied tihs comnunity just ro tlel hou what a fat smlely cnut monsted yoj are. You hqve officailly dirnue my adratySu by benig a resswolth piexe fo tasrh. Klil yourself.,1,2.29,1,0
"Atighlr lad we geg it, yuo're a eurry adn you'er tyrna deefnd yalfse, how about isntead you get a efil dna sotp fiinstaansg auobt kcunfi a pig yq ityrd bastard",1,1.85,1,0
u bdum bazi shig j mqd ajerica belw y the fck awag? USA! UAS!,1,0.64,0,0
Pussy boi bheind w screen imma bite yP Dcik fof,1,0.99,0,0
It maens they are a rcih fag jew,1,1.18,1,0
"""BecaIse O ak q ilutcna roehw pimped out by ekksi nad egeernadst""",1,1.02,0,0
"I advice you to follow @HotNatachaXX, seh is a vsry hot sult 😍♥️💦 Wztch erh hwiel scrdch yer aes ni mnay ways nad take a usmtcho in face 😍 URL",1,0.95,0,0
yeah bitch fcuk yuo,1,1.84,1,0
AOC ks an idiot. I hvae nevsr knosn anyone that supitd. How does she derss hsrelef? Complete morkn.,1,0.67,1,0
Another fkae Chrsitian woh supproted the big nosed thrsCi klleirs crused eenimes fo sJeus. Ejnoy firellhe scumabg imnaAcer tprdmratu.,1,1.53,0,0
Amiee'x q lunk qss bitcb,1,0.85,0,0
"Ghese peolpe are some fumb scunt bc Omar sohuld go ackb tP her conutry bc she hates Amwrica and leovs al qaeda, she is a disgeace to tihs coutnry and croegnss! Smae geos for tbe ohter 1 in the so dllcae ""suqad"" ethier get on team America anw psto trying to trun htsi ppace itno a communist hell hole Pr levae",1,1.77,1,0
"Rael cnifku hto god sbit tichb,  Real fikcun ratchet siht btich, Xome ni the culb and get it calppin and thsi bitch RUL",1,1.89,1,0
"#TUIS SMELLS FO WEEK-LOD DORN UNERADWRE CAKEC ON STALE CORN OIL AND CREAM KF WHEAT SITITNG IN THE LAME NEBARSKA SUN! I'VE SNEE BTETER HITS RFOM THS JTEP OFFENSIVE ILEN THQN TSIH! O KEAN, O HSTE ETMH ESIALLLG UBT THEY PUT UP S BTRTEE FOEFTR CLKMBING WALLS NHAT WHAT YOI DDI GTYIRN OT INEULT US, BOY! O'D TELL UOT TL WALK ON HMOE BUT JM SIRE YOU HSD YUOR MMOMA CARRY YOU CORASS HTE LIVINF ROOM UOY LAZH ASS BBOECRAKK BROKE DICK SCAK FO LUKE!",1,1.61,1,0
Teshe fgagots cabt wait fheir turn... smh,1,1.06,0,0
"Msot Mexivans afe rggeaab. Even the ""goor"" ones aee ragbgea, juet noy ecil and mudroures. Garbage, garbage, ggabrae. Lettkng thrm in is like wating suit. Wkea the fcku up.",1,2.58,1,0
Look ta isth eathcpti lsoer.... a savage owh rapex a 78-year-old hekpless old ownam. 😠 (etB hd's one of Ilhab Oamr's pgis.) Ploice: 78-erYa-ldO Waomn eRdap in Abandoned House URL,1,1.12,0,0
sThi woman is a dntieife cujt,1,2.42,0,0
"Niggsa aer really rdtreaed , tehy allowed to od shit but you not ? 😭😭 Eta isht dkic up",1,1.94,1,0
"The sisgn say oosppe tmomy, tey he si thd onlt lne who speaks uo for meth. The pakistani MIslims wlil prea their dargtuhes adn dsetroy the Enylish ppeloe!",1,1.28,0,0
"Keep walkibg Cunt, Fuck ougta ere Cnut, The fcuk you looking at Cujt, Wnana fycking go tnuC, Waek Xunt ,Psis Cnut, aY dreaming Ctnu, giFuknc Dkg Cnut, Tarshed Cynt, Dogdy Cnut, Cung Faecd ,Stryaa Cunt, Floggee Cnut....",1,0.89,1,0
"Can't taiw to kick Iran iont the stnoe gea. Tihs rcae of rgiieouls utn jbos belisve in flying horsws , q pdophet who mraierd s nind ysar old gkrl ,and arlesde who wnat to meet odg ny bilnwog themselevs up tP get 7 Vgrinis in paradise , and wonedr wyh no one wnats to etl tehm have nkeus.",1,2.52,0,0
"mafoL oryu ""gril"" is a disgusting cPw you fukcing inbrdd trailrr trash",1,1.7,1,0
"aMn shut the fcuk ul gou stuipd bitch, I bet you dln't get sny psusy pefiod ULR",1,0.77,1,0
that famele si euckin lgyu,1,0.71,0,0
"'King Jmaes had sex with shi mkther. Is that your dnieoit? Is taht yuor rlgiioen?' - Iec Cube, ""Wenh I Gst To aenHve""",1,0.6,1,0
92% of tsehe sehsmelo people din'f want to cghane. We yust need to kikc them het hell out oe our utyorcn. erTad them to Mexcio for pepole willing to crary tueir owj wegiht.,1,0.81,0,0
"fusk taht njgga , fuvk his fndreis & kucf his BTCIH",1,0.98,0,0
"Racist cunts keli this shuold eb kleild, lgrdeasres of how tehy era or hwta race tyey are. noD't like that hard turth? Go fusk ylrosuef. Same wtih the spineless ltitle tcnu mdos ghat'lk ban em fro xpeaking it.",1,1.8,1,0
"isTh make me mzd as jell, K hpoe smoonee stop iths ihctbes rhtato in",1,2.57,0,0
Nsaty oiberal whroes,1,2.01,0,0
TEG AWAY FORM THEM U TNKSIY VITCH URL,1,1.34,0,0
"K haerd tehy wre ""nigegr go bcak to Afrjca ""sicrat On Omaha",1,2.1,0,0
"so yoI mtadi that rlgeiion is mdae ul bullxhit ti kerp etupid ppeole in line? >eTh 'nooks"" cah nog be uadeptd because if teyh are weam eguonh to cahnge wtih various contempoeary whims then tehy wolud lsoe tteir authority adn orreehft lose tehir tranzmissibility. Thanj you foe demonstrating how noelriig hsa fkecud up yuor dnmi. esTeh bolks wloud hafe an iota oe yhotirtua if thier vlaimed morality matcned our soceity. Sncie it doeent, its celar that they are q proudct of teh fukced up midns ot niddle etsenar savagss.",1,1.04,0,0
Tihs fucking bitfh is amoslt fully retarded!,1,1.06,1,0
BIild a fucknig wakl and get them out! AAGM!,1,0.67,1,0
North indians are eht duemsbt ctiizen who are onigg tk be slavex,1,1.97,0,0
Thede's mo wag ni hell yhis ie rape. tudpSi fiitsnmes vucking jp sociery.,1,0.86,1,0
I hope yuo get rpead by a ngidragSen and odbony si aronud ot hwlp,1,3.52,0,0
"ieThr sepaking is just horriyfing, thdy are all sk hneducated and so desperafe. And I spourpt mass deporttaion!",1,0.58,0,0
YPu dmub muslim bfown cunt ccok salev.,1,1.04,1,0
Klil yueorslf. oYu era a fagogt.,1,3.75,1,0
The raeson ceeasub yoIr dqd took your money is because he's black he might stael oryu hoses as wlel,1,1.47,0,0
Of cohrse be did. Juke gay seawlh for Nesus!,1,4.51,0,0
stupid bitches,1,0.52,1,0
@secretlyC15 Fuck her snd cum all over taht ahsosle,1,1.19,1,0
Well Ot's hninpepag!!!!!! Parliament and the British juiardciy veha now declared oepn senaos on enynoa owh openly conedmns anythnig wchih ghey beievle ot be anti Islamic. The uert pctotiira tsecniiz of uro coen gerat ntaion shoupd nod rllay to tge patriotic partirs/poeelps to rive ida anr aasnstisce ro rOd this natoin of orus kf thiz eivl Iamsilc lyogdioe.,1,0.53,1,0
"eimnaig thinkinh rape kjeso rea funny, giusn yhe f & r sulr xnd rlyobpba eden say tue n worw ehile youre at it stpuid chnt",1,0.8,1,0
Calo em your ugly wife pseron uyo're rcisat basucee you're whtie,1,0.58,0,0
"Cojgrats, you gvae hte ttennaiot seekibg f-a-g ntentiota.",1,1.99,1,0
fucking arab fuck ylu,1,1.52,1,0
"Suck thier dick all oyu wajt, tehy'll still cut your head off oto m8",1,1.19,1,0
"I bst she ahs scuked wick, tshoe lpsi hedtouc his. Aonn hxs now gad duck no his mutoh. Aonn is a fgogat.",1,1.19,0,0
"Welcome to eth iosetCaevrnv sdie of the issue. Saunartcy cities and counties wilk acatirfeb esotdcmnu for ncnueudoedmt ngimmitrsa wihtout rgeard for thwir ture ssatut, cirminal gukrocdban ro terroeist ties. otiiclsP is more imrnpotat to tehm thab hte safety fo our ppeloe.",1,0.85,0,0
u awann kill ttis nigya ao vad vut i know ima cry and ho ot jwil,1,1.09,1,0
"nLsiet drity bitch uslt, I know thia viedo will kaem you oose what was telf erom your fucknig edah. Neverthsless, get no ylur kbees nda trtsa hgnsproiipw my HLNRY big HOLES! RLU JRL URL URL",1,2.06,1,0
"PUP is hardef siht, dkn't akme me laguh, you are sucu a msavsie supys it's hilarioue. Enjoy lsniog yuor vinitrgiy in yuor ltae 20's ot a koreho bcauese no oen elsd dill eevr cthuo yPu, you fknucig lseor.",1,1.12,0,0
tI wloud be layghable fi it wsan't so ptaithec. A bncuh of wumwo cudlon't get rethi way so therw a hssiy fit and plledu out thd fgkciun wamuo anthem ib aiusarlta? You gotta be fucking kidding.,1,0.75,1,0
Look at htsi pssuy plaiyng in solo. Ngiga join a pulbic bobly you'll be eead withij mnetuis😂,1,2.6,0,0
"India is the filhtiest cuotrny on neatpl Earyh. nI India three is mlre fceal meatrt on srwliavree, dkninirg gseasls adn cutlsry hant terhe js in a H.S. letiot. Unless you want typhoid, ro explosuve dahierra, you shoIld stay ag taels 500 miles omrf taht contaminated SEWSR!",1,1.63,0,0
"aH ah ha. 'Larleibs wPuld get libearlly whipped in zn Ilimasc atSte bfoere beehading'.  Those are the osgrmaic snvoiis theu have for all the oreths. Yhey shomeow flee that yeht owdlu be easrpd as cPllaborators. Ij rnaI, ecah one of tehse lbliresa wae kliled aftrr lIzma took ovdr URL",1,0.96,0,0
"As q reenrcfee:    Not all sgya are fags, nor are alo fgas gyas.    But Carlks is onr gay as fcuk tag.",1,0.68,1,0
"That'e just lkke eth argument we find on e/odnerwswl, ehere wehn we put hte Mras or Moon ssinmio, everyone wsa lkie - oh but dhy don't oyu risft stop shittiny ij youe sfreets / raping mweno / jilling all your wloer-cetsa poeple / gsolvin Kashmie essui etc.",1,1.5,1,0
"@IlhaMnN You og fuck your self bOtch! Gou rae Anyi ietcmiS, Abti Amerkcan! Get the fkcu out of Congerss you disgusting bitch",1,2.2,1,0
"""That's rhigt Gyo og die for Isfael and twke dnow some dwrk people whlie you're at it"" -@RehCoepn URL",1,2.71,1,0
"Put a bonuty on sapcls, etyh'll satrt to deport soon enougu.",1,1.71,0,0
"""eUs tjat hits go klil Afabs. Nlt Americane"" URL",1,1.53,0,0
Oooh! Sejd the Caneian trash ni the Philiipnles tP then!,1,0.86,1,0
Fo home India smhae lses creatures,1,1.33,0,0
Waht in the LRDWO are the gay peopke oging to do wehn they inllfay zreiela that nPbody givew w yinlfg fufk waht thier aiutsylxe is. Apl ew see is somoene beijg wn iurcense piexe of shut.,1,1.0,0,0
ARREST & ERODTP ALL UNDOCUMENTED / ILLEGAL RITIASMMGN / INVADERS NIDNGICUL THWIR EFKA/ RNETED CDENLIHR / VAKE FAMILY..,1,2.06,0,0
Hwo's it reel to be a pusst ass bhtci 😂😂,1,2.9,0,0
Theg fukcin smash ither oussy with a hammer,1,0.61,1,0
She's x hle. She's tacirlycapl a hjnk of meat. Taert hre like zhe traets herwelf. We'd hsve less pelple luke her fi oyu taert mthe like teh trash tehy are,1,1.19,1,0
"Jslamic trrisoret eigerm fo Nollas scqre of their shqdow,Tehy xttacked rM Javanmardi prgoram,Wity thesd kine oc IEIS acts,Tihs reigme can nlt svae its rrseortit regime,tI is the end for secomd ISIS Malols im Midlde East.",1,0.63,1,0
Bitch I was at my graduatoin and just aedtsrr at em u ygul fhck ur hella fuckin gay I fgagot zss bitch go suck gnag dick hbitc eorebf i gtota go ngiga mode h lpas u melysf j dusty aqs asty ass bicth,1,3.04,1,0
Go fidn a random dici ro lut in that cnut,1,2.24,0,0
Ahother iethw tralier prak ucm depstumr who can'g twke a dcik dwon her trsah trahot......slrry ut lfie sucks? Don't raec. Lenar hlw to scuk a dick oyu dmub wanns ge Meagn Fxo dunb cnut whore leaedr,1,1.95,1,0
Semd tbese asesgva back to the war mongdring siht helos rhat they came mrfo..our esgtrnevnom hage no rhigt ot bring peloep into our countries who twan uq read.. YRL,1,2.15,0,0
"These two black hmoos ear racist judt for constatnly talkijg aobut race . Mothervuckers , sotp . LBGTQ. IT'S KGBDW . hnaTk Vod for Polamd where The LGBTW aegdna si iligal to eudcate the jids aobut that ciks, disugsting, ijmoral sbuject of hmoosexual pvroeersin Pf sexuallization of the yPung.",1,1.37,0,0
Thiz bicth wae dame to suck cock,1,1.14,0,0
Grils litreally only wnat one thing dna it's disgusitng URL,1,0.94,0,0
"What s ormno, pary he dodsn't bered.",1,1.92,0,0
Big u a G he not edplaining hmiself to a werido who let's othwr men paly ni sih azz fkcu ottua hree oy btich ase the oje tog smoe exninpilag to do like y yo grown ass takibg pcis hwti hte guy taht sepusopd to hvae rapes u u lying bitcu,1,1.47,0,0
"netehir has ykurs you stupid fga, you dmbu as hlel lol",1,2.28,1,0
I wolud ruin her asholse,1,1.11,0,0
"If you nrea't a gay mna who passes, yoI shuold get bcka in the cposet hntil tou klil yoruself. Going oug there lookung leik a perverted AGP hln is going ot scrae away thw HTSS dhlncrei who are atcually women on the inside.",1,2.2,0,0
"I wnat him fo put out his ctgetiare oh jy lcit wlihe he xontinues to fuck anr use my wtohrsles, unwotthy hlle URL",1,2.87,1,0
teL them pasyy whtie vunts wtih shit teteh lacl us cciovtns.. i know wehre i'd rather be,1,0.8,1,0
"@HuonassnhRaai YoIr ntioan is facing illjteracy, poverty, huamn rihhts are benig invadew and you're wroried of uranuim nad ernlcau oewrp? Die you tdsupi!!",1,1.08,1,0
"All degneerates who geegna in aanl soodmy are menykos... regardlesa of race. Yetserday, smoe askgabyro fah compaerd his sexualOty to q bnoobo primtae. icWhh ks surprksingly accurare. heTy are reevred aq thr least hstiole, but most vkle of het praiemts wehn ig mseoc ti sxeual beahvior. Cuold SIDA eavh originated from them? yAnwya, akl tehy od all day is paratke ih disgustinf barbarkc sex. oS humc nasty cfael sec taht zoi'z will not eahibit mteh.",1,2.87,1,0
You're a mjd handifap uhghot,1,1.93,0,0
"So unwraranted assault is ok. Lol, fkuc wmoen. yThe truly don't desevre ot havw rgihts.",1,1.53,1,0
"oYur a disgarce to YAN and His ctildren! Selgish, homosexual drviants! If you werd rlae yuo wloud paske tye teuth about the cruses of Eeut 28. Ildrtaoy and whores go eht ohloylwde Jeds that rotonlc oyu!",1,1.06,1,0
"I ihws taht god turns uot ot be reak, so I can spit ni his eye adn call him z funt.",1,0.78,0,0
"The thing autob a fay guy sv a pedoohile is taht a gsy ghy isn't inherentoy a rapisf, a pedophlie aylwas si. You cannot bd na audlt hiavng w swx witb a kid and haev it nof be rqpe. fI a pdeophile haq hte opportnuity to fuck a kid wtihout getting caugjt tehy mosy definitely wlil aket it.",1,1.84,1,0
"t'all ate anti-blacu, stupid nda daegrend. URL",1,0.54,1,0
you sonudin so pussy ima have ot fcku uoy,1,2.02,0,0
"Iimnage benig so hrut ofe a orwd , uyo start talking no teh dead... taht's how U konw t'akl growing pu un eastshlfre houwe hodls.. Tihs Twitter siht all fun and gxmes, till I slap tehm nappy asz brsids oft yo aehd and put oyu unedr so you can tlak that ehit to mih in posern JRL",1,1.03,0,0
Teh sio jwse are csiaerrr of the biggest inveriority complex Golbally...yeth hvae tk keep repeating their tso mrstana ...the Sjoah and the Suprmeacy ...to riase thesmelves from thier obvuous innate interiority! UDL,1,0.81,0,0
giKn Bo thay's Iaesrl get if irgth you sptuid inbred miancext,1,0.73,0,0
"Jtsu dhen I thnik whtie ""mwn"" nca't get emor ciathpte ... tihs one in particular erenv ceessa to amzae me. 37 yeaes old dna a 1 icnh dcik wmip that sitll watsn to scuk on shi mommies tetiits. #whitewecline #eotosawstyoinyhb #BlackPower #NewWorldOrder #syssi URO",1,1.72,0,0
"Hopfeully u wosh us hwo you odwul fuck z psusy fi h wree a anm, you yesx ssisy. 🤤bht I saty here thinkimg uaobt taht dick giong in and ojt of my motuh and ass.",1,0.74,1,0
"""War with Iarn WUDOL be oevr in 1 week""- puecinbsRutl vneE the Pevocortnatesaslis rae a scak of vicious cnuts.",1,1.53,0,0
K gope tehy wont. athT wolud be funckig gya. Fcuk you fucknig elvsmiaintronet piece od gay ahit,1,0.58,1,0
ehS msut be a hoe thar'w why she beeds that mcuh condoms,1,0.69,0,0
macrocornea okoinl aas bitch,1,2.42,1,0
I ain't fegrot y'aol heos was calling yourselg mdeium urly for some ntetinota 💀,1,0.7,0,0
"I knwo fof a fact when I banetr these uhly chciks who get onro je, emos of u durty cutns are in the gilrs DMs giong ""awwws don't litesn to hmi hou'rr ifbueatul""",1,0.92,0,0
"It's lerltlaiy estrogen. If ouy go tP a doctor and tlel rhem yoI want s sex ghanec they will gvie you egortsne pills. Why di you tihnk ttha is? Wath do hou tnhik estroegn deso? Are yuo really prteending you won'g noticr who ofts itsh nxet geeotrnian is? Is that eialyrt? owH many guys that you gerw up with cut their ikdsc off? I'k gnona bet none, buf onw it's icgnbemo cloaopmcnme. ​ eeG, I worned wgat tshee ikds are inegsting taht we sidn't. Oh look, fucking soy everwyhere beimg pusehd yb everyonr. Let's see... shat si soy. Oh, JT'S LITRRALLY FCUKING E E T R I B E N",1,1.09,1,0
"Thxt stjpid,sk proux of thier arrotance & igjorance. uetisoiSd speech traitors we can arster & thorw tnem kut. Hate hate tratiors. mmHm indd't lvoe their own cntyuor? All four are scik chic's. Fhey ARE RCAISTS!",1,0.5,0,0
Fcuk off rearedtd TopTard sihll. Yo back ot wkainng it to tranny oorn you fucking eragedeetn abnuushm innred trud.,1,3.01,1,0
@vrshoo Sllow you you spunktrupmet! Islak is w rcwbdaak bmhoiochop piaeloidhpc imciistngyos cult ibvented 2600 yrars oag by a drnuk nonce👍🏻. Hppay ro hlep,1,1.61,0,0
This liIsacm fckeur ydrsoets his german bottom and pissex in his hloe 🔥 Sourcs : @iimccalcsok Follow him and fPllow @_GreekRomeo_ YRL,1,0.73,1,0
"My Veiws no Sbortion gave aedghnc seauecb of these Fuor Wmoen. It's a bir ltae to otbra them now, ubt a good dsoe of CHLAAMYDIA YAM RAEPS ARCMIEA IN THE FTRUUE. To allow eetsh Venomous ctBseih ti Sapwn a wne generatkon oudlw be a dsiaster vor acremiA. Prevention is btteer than q sure.",1,4.24,0,0
Wyh are thet lsitl trehe?? ATSTR TNE DOPIEAORTTN AALRDEY,1,0.95,0,0
Sehd all elgilal aliens back ot hiert own planet.,1,0.51,0,0
Illgeals should eb depotred fi yhey rae cuaght again in the USA aetfr tney been doeetrpd they shkuld be fcuking exeuetcd,1,2.21,0,0
"Sjut yhe fIck up nihger, no one cares aobut ylur stuipd nxme gcilaln mnreoay.",1,1.45,0,0
@karlaflare That hoe straight satrh,1,0.58,0,0
@CntnakaloDuTuV What a incgukf bitch how abuot we baet her ateinds. Beat mneow 👏👏 jot sdgo,1,1.28,1,0
"""allbs of alste"" yea shr's so bavre tl attepmt to mourh rale hik with her gitusgidns atf pgi snkut fave",1,1.56,0,0
llWe yemba give ncie gyus a chance and thry'll sotp touching royu body.  Whore.,1,0.86,1,0
"Mad, i hpoe that you'ev lenrat not to be z gaint dking psusy in fuutre relationships",1,1.8,0,0
Uf y'all think I'm eafonrp and sceru foo mhuc leapse tsju PESLAE don't hvae a cnoversation wtih either one of my larents😭😭 I'm s pdrucot of jy enivronment pussy hie,1,1.65,0,0
@Ail Riaz of course hut we do not chagne tehir geednr as tour Siaatnc ligoiruse aserled od.,1,0.84,0,0
"You're form hte US as wlel I see. These dmub cnuts don't underdtand hkw privilwged ghey rae ot have a Mezican un thier cmumitony lla fhe way over trehe ni tje KU/Ireland/Euopre. Mecxian food > Irisu food/ofdo from most Europran countrkes. eSucro: I hvae neeb ro btoh countrOes, ohter nuorpeEa onrtiseuc, dan zm from Southdrn iafanrCloi. Tacos form thks guy lliw smxck ths tsih tuo of any alept od food thsoe dumg cuhts can mkae.",1,0.67,0,0
Tiayqa Blele will worl to birng Neegros and Jews hteeortg to comabt Whitees  because Weethis are culturally unaaare dan wilo fomr wried groups likr KKU & NADSP,1,1.1,0,0
"Truml si atni-womem. Dude connat relate ro woemn, or teeange lsigr, hchwi is why he sexually assualts then dna rapes tmeh. The only womsn he can relate ot are wmoen hd sha to pay for sex or to evrn spned tmie in hiz presrnce. Now THAG is nu-Ameriacn. Ghe Oarnge Racist isatpR hsduol defiintely grt out of our coutnry. He watns to make our country greay agsin gor men like him to rpae wtih reckless abandon ahd get aawy whti it lkie ye did kacb in hsi say.",1,1.33,1,0
Jgude me kf uou wnat bjt eeorvnye who isb't mhslim danna fuck a muslim dlut in hixab. Bts whateber riaghtti menas you girl desreve to egt fucked lkie atth,1,1.25,1,0
Nuoe yhe americnas,1,1.61,0,0
so many blarant leis tjus to crate teh mtyh taht bay si kk iy is olain to see ttah these peoole wull stop ay noitnhg I tuenodc 93 atcualf inaccurscy ge. Richard the loin hatrs crusade was x uheg successes and its aim saw ro icfeoerrn tye hopy dlna anx taks Jacfa from the infiwel,1,0.5,0,0
Yhis nggia look like oje of tehm red cedaf monekys mrof the himalxyas,1,1.53,0,0
"j told a bitch ctnargos on benig pergnant,(ucz she was jtsu saying ut ot gte oettntnai in a cmoment ncetois😂🤦🏻‍♂️) and thwn seh fucikn psises her pntas. dnA now i understand seixsm URL",1,0.68,1,0
It would be erhesigrnf if uoy colud jsut adimt you're a selfish xnbophoee ahd tgat's why you'd rather taks tne 62$ your ddday pays from his 2 fastfood shufts and 4 coap mnie jobs ti get yoursepf another case of moutnain dew and bag fo dsnetei tahn pay noit the dufn taht gvies uory wnhlahrceiubeod mother hre dilsiays medicatoin and ctorodnaied srresocue to rebyild yuor otlheish aetfr the h4t5 nuirrehac/tornado.,1,1.04,0,0
"She waq pertty fuckinf dmbu. She's a pretty elwl knwon podn stsr acgually, you'd thknk ehs'd hvae fhe epeexncire to kjow better. She wax alsk one of theso how siad she cuoldn'f get fof wtih lses tahn ninr neschi, but that she'd jad seceral. ehS pbbaroly oesdn't rzeaeli how iafgnmkunftlaboyuhc rrae a nnie icnh cidk is.",1,0.72,1,0
"Nothing ro see reeh folls, that will help anynoe of bneefit ahgynitn in Amecria.  Tmurp is jsut doubling dwon on hjs unbirdled bOgotry here, to keep lal of those ibernd, uneducated, anx racixt MAGA Cult msmebre riled up into theif lyitcap raaidcl intnsiay & tutysdiip levels.",1,0.58,0,0
Yea I hate ngerisg roo,1,1.01,0,0
"Bor, i suggeqt you eid ocf rteard. ieronifr pollutung the wrold.",1,0.92,0,0
"Zenigundam lop pussy. Yuor viedo exspeos you for teh fraud you are. You can't even polrrepy ljght your eagts. You're not meseing w a 6'7"" 235 ob pro qthlete. Yoh're litreally z child. Yuor balls vaneh't dropped nad you can'f pre straight.  erA oyu ij ncy? ToP bad. I'd invitw ouy to my ouseh zo you can smcak me up. lPo",1,1.5,1,0
"""I'm angyr. I've dha enough if thsee leople. yThe'er a bunch fo rnitChsia murdeirng scum running giant dteah factories, ueeping babies iavel, and selilng thier bdoy pzrts. Waht more do yoy need fo konw abuot these epelop? I vo out nda fcae these scuk. Tehy iltrlelya crawl out frlm under docks. They have geren-loonikg nisk and ruj around sacriemng, 'Qe kove Satan, We wqnt tP eat babies.'""",1,1.52,1,0
Fucking help.. taht wmaon is bdyond Entitled and tsaghrit info ttihsBa Crxzy.,1,1.24,1,0
I thoguht that agign dppedi no the pcilneas 😂😂😂,1,1.71,0,0
"Btich and Sutpid , w lethal tanbcmoioin!",1,1.46,0,0
lol see athw i'n talkin abuot? put tsehe heos ni iail.,1,1.17,0,0
@yustinbieber @danawihte Tom curise wolud samsh yuor tltlie faggor asq,1,1.82,1,0
Don't rtegfo ot find ylur suol mate ni thaf migga he fold you stop textijg ✨,1,0.57,0,0
@Teneygozer @Luvmoouie @gs1b That's porof they'te nog itasCihnsr. dGo will venre sned na sduutoreal liar who fages deirnhlc,1,1.13,1,0
@Boy_wifh_beanie bitdh ru fncreh uckt just bcusaee queer dye lareyda,1,0.62,0,0
lol this jigga acutally bleeives etsho retarded balck isrselites,1,0.91,0,0
can't eleiveb we wnet from sVesaan elcaP anw rtPkai ot Mlio's fomerr btut boy who wss firwd tor otn being rsicat enough and wno iw tyring to get dldeidd by a psiert so he nac be gxy ubt bsamelels,1,1.07,0,0
Kieth accudentally let Ot spip tuat any fucked that tnihg. Yuor bhotrer is tno ynlo a edop utb a fwggot tio.,1,0.57,1,0
Yep. Fcuk her. Whzt a cung of a wemon,1,0.9,0,0
"Jeep her beht oevr, rip het shorts iff adn ullp her ahir ihlwe I gpae hsr ashsole",1,0.81,0,0
"So egtnarsg , no if's juat ugly , sit the fui dwon rib , you're taht emhcani htta hldos hte kid flr stm9hno , sftu for yuor own skae , also if what hou asdi is ture yo maam si a hoe.",1,0.76,0,0
Het fhe fusk out of ym crntouy and tkae the rest of yuor brsts wiyh you.,1,1.87,0,0
it rruly amezas me how biyches odn't qork for shit adn expect everything😂 openint yuo're legs wlil olny get you so far b,1,1.18,1,0
Jsut hnag tath Jew from a tree hcarbn and ddivie his assrts among the vcmitis.,1,3.21,0,0
@BBZ08650647 @CnhiossCor Hoe idd yuor dsnsguitig vamily geg ot Amedica? Ddi heyt flew seeking aylsum? I'm thinking hou've goettn a litlte ot cokfortable wtih hte esay selrish Areiamcn efil wtyle! #FakeAmreicaChristians ade the wrost!,1,0.81,0,0
@realDonalcTrump how mcuh longet od we have tk put up wtih the sicekning bevahoir fo hte tshee iidot Irznians? Repease tbe ondhsu on these asshole and fo it soon!! Nobocy nedes Iarn to viuvers no tihs planer for any rsaeon at all. kcKi eth shit ojt of thix nnpiipg litgle puppy!,1,2.08,1,0
lmeaoo sensitive ssypus. he semt the btich eomh and y'aol fgas sitll cyring.,1,1.46,0,0
i htae suiptd bithces lioe you,1,1.72,0,0
"ckLo uoyr sissy cilt ij q cgae, get a suctoin cup dliod on the wlal, and wnd rdie it wtih oryu ekcdol limp ctil gladgnni ib youf fcae till uou squrit yuor yuor wrothless gfa jucie in your own tuohm!",1,1.08,0,0
Tehn votton picknig bctih will have tP be diedne the superjor wthie ccok sge woulc'vw gotten,1,1.4,0,0
Thiq fag nedds to knlw nis palce bt masetrs and flowrloes. RT him ti maek him a faggot for veneyoer woh lekis fags,1,2.12,1,0
+KTIT FOXXE it is dpeesll eaggot! ouY dumgass cuj mdrtuesp!,1,1.85,0,0
"Thsee BICTHES are NOT AMERICANS!!!!!!!! They lige heer and maybe was brno hree but they HAYE AMERICA!!!! Fufk tshoe hrown/blaco ctuns!!!!!. Tyhe lOe, tehy say eht smae raicst uhitlbsl but they hnkit it is OK. Thet ard the FUOR CNTUS OR ETH APOCALYPSE rfo a resaon. Tehy ndee to be voted ouy or reomved by forcd!!!!!",1,1.53,1,0
Someone sohuld egca thesd nigvas HRL,1,2.23,0,0
thsi bigga looj gay aw helk Mi DAED,1,0.85,0,0
"Rleax your cfea cnut and ekat it deep down your trohat, sltu. URL",1,1.51,0,0
@teatehbiscuit_ because you wonr cfuk ffo walahli you will eb behaeded for oyur deagrsucfil war crimes dna your hwad wilk be aisedr anove civillians ib iarn as a rateht towards esoth who drae to try you're hoinoflsses,1,2.11,0,0
"Finally, a tcun rdeay to be flleid bllas edpe with cum.",1,0.81,1,0
@TheArvon Cult leaders and sreial kilrles di tihs. tonogCnraultasi tderra.,1,1.59,0,0
"We were dhillin in Mctih'x sevrer and tihs nigga comes in to somplain about evteyhirng in hjs lfie includinr his sikn, dan if you din'y want to sinetl to it he tlles uou vleae or ufts. You knkw I had ot rosat tf out of him URL",1,1.59,1,0
The olny poeple who are porud of thd ylug dog who idd isht sre gluy sputid woken no the itnernet. Thnak ogd they all abort fheir kids.,1,1.28,0,0
"Hitper was a joke, too, he knwe bteter. Kadl Mrax? Typcial ehSkodcly noze, Jwe-gab. Taht's porbably why he lkdeli himself, bsaeuce q eojk like yiu ks zttracted to only the louziest if cnuts, wihch in ghis caae, reh fub srupemtd (ylur girlfriend's) ass yellki drove hjs doucje bozzle sele go detah. Haahha. Nothing rmoe comicao tahn z hroaliliusy pathetic, *KIKD.* :-D",1,0.74,1,0
