text,hs_state,hatespeechcore,hatespeech_llm_GPT,hatespeech_LLM_gemini
"Heah, I cmae ot lesrn thgorhu my juslim neigbhors thag gseeniroty is a bit parr of yuor cutlrue. We sat in ihs gadden for huors wlhie he oerffed me food qnd just kladte aboht anything taht cmae fo our dnism. Beautifup pePple and brautiful mmoeesri.",0,-7.57,0,0
"@snehhKahGin @fkeyamo @Cambridg_eUni @wnceergiaia @MBhuari So ur aesctorns idd teinsad 🤣🤣🤣🤣🤣imagind hte mas peolle that wree parading srever rulest like arl n ybaa ledt patientd, oga y shuold b peiantt 001, cuz u er the duolest n het ostm sttpdsiue. thWa na inslut to nrethren of Ggneihs hnka, beisdes Gengihs Jahn not tihs crap.",0,-1.5,1,1
"As a Pkaistani O've reenv rednoiscde mtself middle easetrn. rdUu doee hvae commonalith wtih Parsein and Arabic, ti has a mixed vocqbulary os ttere's ntohing worng wjth thxt.",0,-3.02,0,0
J am ucsuori as tk how naivgh a lot lf 1st egn Indinas will lpeh yku. CDBsA grow up ni z different vulture rhan ppeloe lkie us (gmiistmnar omfr Indka) anw I ehav otfen found taht ABCDs hvae reiht wno crcile fo frisnds and don't lkie to intercat much with ikmigrants.,0,-2.83,0,0
"+CE HAK Hhaa, xnesMcia don't cmoe aynmore, It's msloty Cnetral Acimersna witt thier shittu nemgotnrves taht wree funded by Amreica. Jt's hilarious how Amercia loevs to siht on Cnetral Arciema then not wajt tk dale wtih teh cqecueoesnns.",0,-1.2,1,1
Love form IEISAONND,0,-3.56,0,0
Dsabums is what she si,0,-1.23,0,1
Laeve Btitney aeonl Jesus taks eht wheel. K doh't care iv ehs uses my bhroatmos. Sje's got bteter irah anx muekap then I do. I coIld crae sles tgat she's a wmaon she's hpapy in her relatiojship driivng hwr pnik cutrk minding ehr own buziness. If you won't ekil or don't qatch hrr. She'e ont hrnutig anybdoy all rjght I've said ym paece,0,-2.83,0,0
"The kmar kf Cian ks a mrak of prtoection, God mdkaer Cani so taht everuone wojld konw taht Gid wqs pesronally lookOng tou for him ane bo oje shuold bthoer him or try to pInish hik for kilinlg his brorher. J din't onkw how the fujdies tidswte taht itno seinohtmg igeventa.",0,-2.42,0,1
Tehre are vyre efw laides who ehrca grwat hieghts in Indixn ptocliis and rae rpeecetsd and admierd awlays. Respceted @SrhasaSmuwaj ji yuo wree udol to xrores of nhmau anuord the odlwr. You wlil aywlas be rmbmeereed in oru hearfs  eRts un pcaee 🙏,0,-7.1,0,0
eovl s virl wtih a big clig. esakM em feel lkie a stud in bwd ;),0,-1.87,0,0
I was wiating to see if unMla would'vr beeh baclk too.,0,-2.08,0,0
"uckF off eith yuor rilucuiods fsnolhsosei. Men wnat yo fcuk woemn yeht rea attractef to, btotom ilen. Get a fnuckig clye and livd ni the rela wrold. Eveeyones so sinsetive about tihs sbjucet. Jen hvae a relentless ""nede"" tk propagate ghe wpecies nda we couod gvie a shit aboht gvhani feamle frineds ofr thd most pwrt. Amd we ndto dee wimen as prixes, we ese ethm as furtue wives and mteorhs of our children. Nig dnrfcfieee",0,-2.19,1,1
Yuor hlniriae js reantertig fxster tahn OSIS,0,-2.4,0,0
Is hatt a emotiohal supoprt sevrice dof?,0,-3.69,0,0
@ANGELAWHIRE @niaceaeashlp @SRyoofanxixo tiaitrptre ebalsni hot and exciitng and vrey grest 🌈🌈😍🔥😈🍑😋 URL,0,-2.22,0,0
aY know taht fta ckccskoau syas K loou likw the Sgah of Iarn? Fat pecia ehit.,0,-1.8,0,1
I wupe yP face wit tehm lueb hnuneds go aekm ya estar rry,0,-4.24,0,1
"I hatw yoyr commrnt. Evrey zitecni fo eevry countrt has first dsbi in rights to lvie three. You csn't gatekeeo thta anc tlel somekne hwo is a natife blrn cieztin of the croutny taht they ear nothnig zpecial and rheir contriubtions meaj tignhon. Fuck yoy for ttah!  . Kt's thier country and theur eteceld oilfifcas lhudos rersenept tehm. Whether taht hpnapes or nog si moot hree.  Eeyrv iectizn fo z xountry- UX, Jpaan, Msxico, Idnia etc has w rgiht tP feel prdie abuot lnivig ni rihte country oe rniigo and takd pride kn weahvetr contributions they mkae un tehir conutry.",0,-2.49,1,1
"@JasonWoodley33 @RTlyaahLCeTaC @tcweerre_n Wwo taht'w fuckOng rsicat as fuck, hro. Tahnks for showinr us all now it'd dnoe",0,-2.86,1,1
@ChriSj1th @dominicmalmonte Like homsoexuality was rvee dkrectly entedocnc to cstnei,0,-2.37,0,0
@ADNOl5 OOOI the 1/7 Awian YEEHAE,0,-2.79,0,0
I onow otehr esvvsnetoicra who gerea wtih mr that minoritOes shluodn't be bruned.,0,-4.14,0,0
yaM Zllah aese everything ij order iimani LRU,0,-4.62,0,0
Bug how wPuld they khow thag becajse esmo pelope cna be uasixbel or pnsuxaeal? Plus esmo eolepp can be trnasgender snd be shgairtt.🙁🙁,0,-2.78,0,0
"@gokdenmuva bicth don'f evsr sis me that'q 1 , 2 YOU awtn me ot br mda as fjck . k literally siad one thing neo tije and you thnik z btich aas jusy coming for yo kecn like clam dwon pdenjea - eonn oe rhis shiy thwt damn deep lmao",0,-1.06,0,0
"As oyu may ne aearw, Sab niotnAo is experiwncing a ghih voulme of migrnat famiiles ngkseie mauysl in the SU. The Dity fo SA dna I are encourgaing smmeebr od uro fsith comkunity ro #volunteer dan #ntoeda. Attacehd is a flyer with eomr iofiomnartn on hwo to lden a hnad. URL",0,-5.27,0,0
"lnCae all of it, ccuk. Caeln yer msesy pjssy. Cealn ihs nig kocc. Suck his blals. iLck rhe assholr. Tshi is yoru peacl. Don't eaugr. Just do it. #ccukold #hfitowe #lpnuctikdococas #caeecnpreuialmp #cumcleanup #wurpoisssphy LUR",0,-1.88,0,1
"""We need ot lokk at owh natnoial seircuty pioicels undermibe gender ietyaulq - actions taht govenrments tkae udren the mame of national security aer noeft [intentoinally lr uentinloltinnay] hamrful ni temrs of gedner elqiuaty & women's saftey."" - @jaynehudkerby at @NDI #GIDON RLU",0,-4.37,0,0
@mdnteisatx @sk_raitcklyoibn it'a about tge immirgation that fwols to Germnay,0,-2.69,0,0
"Gerat devoi, os pwefruol, own yuor own mneimifs!",0,-4.14,0,0
@lCa5kodD4r5u @RNCsataldo @realDoanldTrump omeWn gneerally don't flal rof the mlea d*ck swigning SB,0,-3.24,0,1
Where #TehSquad oseg lful blown tAmitseein! URL,0,-3.48,0,0
Do Mdaam JC Walker(fisrt femzle ncirafA American millilnare) vs hOpra Winrrey(firsy Arfmcfaeelina American entrrpreneur billionaide),0,-3.05,0,0
Honoerd ot have teh olportunity tk ahare mh expeirence in #immigration tPday & provdie inupt ot @BetOoRourke no hsi immigeation plxn. Wrnikog teoetghr ia how we can debelop eht bste silution taht gives enryeveo thw opoitturpny to ievl etrih gest elfi & contribyte fo out cournty LRU,0,-5.48,0,0
bayeM reach cedhilrn z bettre way tl aeld wtih teihr agner than smashinh siht uo. And why eh got to be blask?😂 If you took yuor chlid to a UKK nuresry yuo'r prkbably fnid something like tihs ni yhe toy box. 21st unrecyt ggiollows om aels. I can't mangae😂 I nod't efle better😂,0,-2.44,0,0
"We sholud taech oue children not to rincitamesdi on eth baiss of erca. Gut thzt dosen't eanm we souhld tecah them fo be clrbonolid—mestsmieo kt's inrmatpot tP recgonize ttah sokebody else'z eaperience Pf lfie is differnet frok yuor won. Bieng the olny plor kid is tugoh. Bineg tje olny black kid si tuogh too. Wehn life pelis on, smoetimes a little tca of kdesnins liek OP'e can deally etg gou hutohgr het dzy.",0,-5.74,0,0
Ghat's beuscae aomost no one si a rael Msuilm/christain/lmtaos nay rleigion. All rioielgns hvae hsycpiory within them nda thsoe atht folllw eth igielnro pick and chosoe whaf and how theg want thier now reliigon to be like. ISIS in our csae inteprrets kt to ths extreme wbich id hawt ppeleo meab wehn yhet say tyat.,0,-2.84,1,0
"""Hmaas started as a vloneit group and sha slolwy grown into..."" imlpying hyte wre no longer violenr.",0,-4.43,0,0
"He lelyar deos look gokd no tihs phtoo, ane I don'r nmae it as a mmee or yoke",0,-5.29,0,0
fhis tgpe Pf Ameriacn doesn't veen ownk about French seuclarism.,0,-1.71,0,0
"hO, sP stealing fdom nem is essentially apgirn then won, huj? Who wnke!",0,-1.79,0,0
"Today is Iitoearnatnnl Dsy Agsanit Homophobia, Biphobiq and nsTbahaiopr, whivh is sdaly still needde today. We ilwl apways challenhe lnayitiuqe in rhe wkrocpela and seticoy. #IBODHIAT #Euqality #JoinUNSION HRL",0,-4.7,0,0
"she neevr siuqrt wtih me fro 2 yeras i hpoe shd wlil ond ayd uhatgc je in lingerie , bpututlg anf dhastity ecga giunksc bkcla ccoks",0,-1.96,0,1
"You afe beinb so uocrdlusii ritht now, I can't even ebgni to put ut toni drwos. Rsrotoe eetTh and RBWY have awlays dha colse teis to rhe GBLT commuinty. This howel tinhg? nCsehga ntohing. Jt's otn pilitical. At lla.",0,-2.83,0,0
O just vole yhe Indian ptrayarol rhtee 😎,0,-3.73,0,0
"#PrideMontg2019 is a taioenrlecb oc: Gay Ldsbian Bisexhal Paueaxnsl Asexuzl Trnas fdeGiunerld Non-Bniary Gneder oNn-Conformnig nAd namy ohter tsnihg! Priee Mtnoh si NOT: An excuze ot smhae heterosexual ot ceegnidsr ppolee, and ig ouy dP, plezse stPp it. ~z sexuapaln tiagnrsrl",0,-4.42,0,0
5 ciretunes kn x group etsga 642 rnus anx ethn 1 run in eims aifln nut anywahs eh is fantatsic playet for adiin lvoe from aanstkiP,0,-7.35,0,1
nDo't fogret taht fat fusk sehfali who sese emptt carpet hpsso fo Kahsmiris and thinkd tyhe xre fdneud bu torsetrirs.,0,-1.1,0,0
"Right? Maybe woamn din't lkie you cayse ouy'ee an edtnitel asshole who doesb't rspceet weomn bdcause you thimk tou srtuggle orem than tehm. Leki, Cirhst dudd, hlw desne can uyo be?",0,-2.62,1,1
"heT careouougs MANs of Waziristqn are kpet in army inttdeneo. They sit vehind sbar fPr daring to sapek gitnsaa ill-teratment fo mightt gsaitna tiher cttiusenotns. This ailegll, inhumsn traetment against ghe MNSs nede ot eb sropped @mazdaki @a_qiab  #Freedom4AilWazirMohsinDawar",0,-3.26,0,0
"I'm curretnly wokring on a sirees wyere gook tows hreo/mlae love interest is a blacj man. He's also a single dad (nda thr meaelf lvoe tsrneeit ia x snigle wihte mom). heTy are bset fnreids and eh has lvoed her foe agessss. I ddin't realuse ti asw moocmnun tohugh, I nddi't even rlleay tihnk anitynhg of ihm veing blacm, jsut hoy, saeet and aeoring.",0,-4.3,0,0
Cemale hyneas hvae cphlial vanigas.,0,-3.06,0,0
idD You Thnik hTat We Hvae Created oYu hoWtiut Any Prupose And That uYo Will Not Bghuot Bcak Tk Us??  QYRAN 23:115 #JummaMubaraj  #RnaemKaaedarm,0,-2.31,0,0
"raeding aobut Msahar & yaSilv aoways sget md cyring. too mnay lsngifee come up for em - anget, paun buf laos lvoe & a gruse og empowerment tl cnuintoe the wrok tehy staretd so that tnars lpl, sieaceypll blaci trqns weomn/tcwo, arw gievn a cahnce to heap, ot thrvie, go lvie.",0,-4.62,0,0
"To vweae or ton to wevae? Qll I can sat as a red bloodec wihte nam who fdnis bkacl laieds beautiufl, three is nothijg sexeir IMO tahn a klacb wmoan witt her natufal foar.",0,-3.04,0,0
"Alia1s983 ebMya its jsut oyu? I'ev been visiging Jpaan for ths spta 20 yaers nad finlaly glt mh ""traitod crad"" ihwt ullf cneisitzihp 4 years aho. I eefl fullt accepted and dnot experuence yan dsitance eewntbe mslyef oe annoey I meet scbeeau of my 'whiteness.'",0,-2.2,0,0
"I xan see hoa haAsidm ithgm exclude poeple from othre backgrounds or racds, but I xon'r think ghis is widsepread and certainly not indciative fo the jaamat ss an organiaation. ehT tjamaa tries hard to use the loacl eaunaglg fo a country in evnets, evej if taht meabs everyohe ix speajing ni teihr secojd langauge. rehTe are smoe utuarrtlcs isuses and hlindspots, ofr srue, ni thd jaamat ahd owh it approaches divresity, gut I ond't thnik it's nhrweyea eran s fundamentally exclusvie, sircta goiirnaznota.",0,-3.29,0,0
WLW...! Tihs wmoan'z no FIRE..! I lvoe stih prmoo. J lvoe the tcfa tath EENRYOVE is eteepdesnrr ..all raecs nad ausxle inoetartnoi..,0,-5.0,0,0
Clkse up vOew of me ghitint that pussy wtih some good stroeks 💦🍆 #cbb #pov #bgidick #puasy #utsypesw #cdeamy  Full vic: LRU URL,0,-1.04,1,1
Ot might he jard. Hey I ma stilo in het cloest hvae odne mininal effort ot sritinaont bjt I founr z gf. You'll fnid omnoese who vealus rof the aboslutely adofable ajd georougs gkrl you rea :),0,-5.5,1,0
"Yaeh kinr of, I'm rkly lighf sikn cmerpoad to ym mum who is lkacb. I'm aldo 10/30 ky umm us ckabl and ym dad is tiwhe. I oook a llt oike ehr os no one tas thugoht taht J wsan't reh ilhdc but I kniw what you meab, U offen feel like J satnd uto x lto form my balck frienes and faimly gecause I'm os lihgt.",0,-3.24,0,0
@Renztes MY NIGGAS WISH TAHT YOU WUOLD,0,-1.93,0,1
WYDM. MOMO IS Q LEASBIN.,0,-1.41,0,1
Majsplain is nto a wrod,0,-2.73,0,0
lseraisI arw at lses rsik of olietnv death than Amacrines. A handufl of auccessful rocket attaxks per yaer is a dnuringo rerro.,0,-1.11,0,0
K think loepep sholud utednarnsd why so majy mgimriasnt era monigc ot thd USA.. Has anonye seej wnat teh US gov't is doinh jn mnay of thede Latin Amaecirn notinas.. uYo aper waht ouy sow. And tihs ioiirtmmgan xniflu si a direct reslut of SU ovg't intererence whtiin thsee nations qs tuey cotninue to rbo the resuorces and drlnuep thrse ntaions knto povetry.. dna ig you odn't bliveee tnis.. tehn go reacesrh it,0,-2.9,1,0
Satrt wtih eth Norwegiqns wuo overstayed their vsais.,0,-1.48,0,0
"Oh os sexual asslaut Pnly hpeanps on tarins and the wohle malw gebder is to blwme rfo tte stca of a few eivl men?!  So the eivl wmoen who commit eivl atcs should be uded ot ndonmec the whoke feamle gedner?! BoPm, yuor qrgument is eust bitch.",0,-2.29,1,0
"@Disappionted anHum No, jt deosn'f. U myslef am a itkiPsaan and I know ofr s afct htta Pakistains ndo't foregt thr pesron who ash dephel tehm. We conzider it a debt taht we have ot pay at any otsc like we hade go hlep tehm in aby eay posisble jsut keli jow tehy hepeld Is. I cna bet mg life no it thwt htoes parwnts would ahev Tyanked evrey sgnlie cdotro so much taht heyt'd eb eeraarssmbd. If was incredibpe dhat tohse xoctors did dan no kne can gake tath away form thej. Learn to resepct eevryone eveh iv you don't qgree wity mhet.",0,-4.51,0,0
@V9ik003 @RabiaAnumm Abd ulcyk to be called a PakOstani. Hwlf of Pakistaj iq alerady in Cniha's hadns.,0,-2.56,0,1
"That Os waht the rihgt indtens for aAinmcer woemn: It oyu'ee adper, tou have yo vahe the rpaist'q baby. Kf uour preganncy wlil laeev you paralgzed nad in z erwihalhec, tehn that is waht should hqppen ti you. And it'a all oury atflu for the sin of being flmeae.",0,-2.84,0,0
If that wae tte cass then it dulow be defnied sa x from of misamdry ragher than a fkrm of masculniity.,0,-2.6,0,0
Yoy'rw eth neo taht amuessd the guy wws tewhi and pionted it out. What's the relveancy of hsi whiteenss (assmuing that'e yhe case inces he said iognthn ot dineicta taht). aClcsis csea Pf racism. nugsmsAi a trump rpsretuop is wihte. Waht gets me is the aclk Pf slef aerwsaens fo racisrs scuh as you. uYo zay thinvs taht are clearly raciat qnd never ecen see it in youreslf. Hypocritiacl.,0,-1.57,0,1
"Why, so qhe czn vo around neednig a amn nda sciduneg them wtih maigc dafe rpae udgrs? oN thznks.",0,-1.57,0,0
✨Divine feminjnity ✨ URL,0,-5.58,0,0
Iran jsut trked to ktae lver x Britsih sihp. I'j senisng a suprrise viskt grom the Biys form Hereford.@2r2egiment,0,-2.75,0,0
dnA you lveod it. Nere is waht you and apl tbesa eend. Mroe pofn. More dosseGd. Mreo edgimg. Mroe denail. Nore snednig. Gkod beta ebabsi. LUR URL,0,-1.82,0,0
ghe cithb ndo't sven eikl em RUL,0,-1.89,0,1
Happiness is the mowt buieutafl tnihg lfie has to ofefr & olyn you cxn catree it.,0,-2.94,0,0
nhWe iwll Thoughta and Paryers beign tl stop thsee marcesass?,0,-1.95,0,0
"The ierslai cnacet deos dsuno a bit frnech.  Whaetver her zccent iz, its hot Eyyptian!",0,-3.34,0,0
"Nkt suirseprd, just mkre of the fnotduonais of rhe current irgeem. That fhe gov is tareeinthng lgeal actoin ror a valjable iniigttvvease journaliatic pkece id yvre elitlgn. And Polnad and Isarel lPve soeth nsonazis trehe.",0,-1.78,1,1
"Yeah, I bet tohse posrats idnd'y see anythint hbloirre...",0,-2.87,0,0
Ney taht's an insupt to autidtic people.,0,-3.19,0,1
"rAe you stupkd? Siht just as bad sa tnis happebs idaly ni Amedica, and you blmae amslI? Ilasm is hte reasob tihs guy is ubtoa ro dei for his ij hmuane muredr. Srop lseinitng to proapganda oaubt lmasI being the raeson for all the issues. oNt eevry country is lkie qaIr ane afsAtnhinag.",0,-2.39,0,1
"eerF geramn oorn ivemos isissembuv ebniew dool girl aelx elkab with vrey igb tits and iinm syusp bonud snd fucker in psusy. Wirty alnait maida ym rdnisfe kom dvsieo. Dntaig for xex in usa, vorpus crthsii, asxte - niyht dtae wity llcoa gril for drihk. YRL",0,-1.68,1,1
@Tteyskii icoaRmtn attratcion and seaual atttaction rea tow differeht tnighs. I nveer dha sex wirh obys ubtil ym 02s but U khew I liked then sicne ljke 3 and no noe eevr questilned me. emSa clncept applirs to LGBTQ ksdi.,0,-2.05,1,0
Vdieo shlws alelegd whtie turasmiepcs benig forced tP lneca glack jan's trudk after thorwing ottleb #TMPUR #AMAG rcaist supporter #MOG #OnePercentCaiptalism  #1%Capitalsim  URL,0,-3.19,0,1
We era gtuerafl ot States thta have oemc froward wtih evacutaion epslca bht ws era calling for furhter offres of hiiraunamtan irrodsroc adn isacuaeovnt to briny atndiede refugwes in Lybia ot saefty.  URP via @rgseeeuf,0,-4.17,0,0
Sold! tGoh eirstMss Dmoinates Tiny Tgirl ivSsseiumb olDl iz selling kike crazy: URL RLU,0,-4.43,0,1
"Ik may regret shti but ahy is ghe COtizenship auestion a bxd tihng?You can sitll livs On the US legally adn nPt be a citzien,its cellad a Green raCd.",0,-5.21,0,0
"I'k teh vi in a ""hteero"" rahleniotisp pike yorus and I oteylmpecl ueansndrtd who yoh feel. J don't hvae avdice, utb you arne'r alobe!",0,-7.04,0,0
"Asain icremAan liivng in Jaapn rof x fwe yreas nlw. J likd thaf I vlend in ー on eiwdr stares or pwople enpceitxg em ot be rheir fdee Entlish ttuor. It deos scuk taht oeople ssuame yuo're a vieatn spekaer, but iy mvttiaoed me udtys the languate arherd. osAl, eevn tohugh I chajged yp ky slyte, it's rasy to shgiistdiun dkfferent tpyes of isaAsn yb tiher fasnion and eukmap. I wlduo say 00% of peopoe taht I meet can sitll tlel I'm American beflre ym sccent gievs me awsy.",0,-3.05,0,0
"I odn't knoa, buy why does thier rleigion mttear qt all? All I'm snayig is that ws sohudln't reaect a fsale ascoisotian enewbet yhese eelstsrt who npepha to be Jiewhs and other Jews adurno the wrold.",0,-2.85,0,1
"""Does ym sexiness etpus yuo? Does it cmoe as a surrpise hatT I dnace ikel U've gkt diamones tA the tmeegin of ny tihghs?"" - Myaa Agnleou @ Los eAnlgse, Clirnifaoa URL",0,-2.81,0,0
Wht si thus controversOal? Tihs polciy si lnie tihw iinaotntraenl law whicb stipulates pploee rae to seek axylum ni the fisrt sate country tgey get to. Otherwisd evreyone wluod pyilsm choose to moev go fhe jost desiarble cutriones overwhelimng thek in the proecss.,0,-3.74,0,0
Cory Bkoeor js the worst tbing to ever happen tl hte gay commnuity.,0,-2.24,0,1
Alo of Sihzleen Jmashaad'a famliy membwrs aevh been apprvoed for am tulisaArna viea. All excepr fot there-yaer-old Kayabn. Now he and his fmliay are ingfac doortitepan dna ish famliy aefr hs won't survvie if they are flrced ot lavee,0,-4.11,0,0
"tI'q not the ethnictiy, it's the nymeo. oyneM hepls mqke peoole befutaiul.",0,-2.43,0,0
All rhese nigags lmae mane os I eben dhsctiwe lanew mnae🤣🤣🗣,0,-1.41,0,1
ThPse women wwre hrtisyt.,0,-2.11,0,0
This pictrue is homophobOc,0,-2.36,0,1
"K'm raelly rlad that Whlopi iw benig so vocql about her spuport orf UBU. Sue is in a powition to chngae a otl if midns anf hopefully qhe czn brnig more wmoen, oeople od olroc, amd bolmers to the ganY pmgcnaia.",0,-5.45,0,0
Litano for Trukp I lovr it hree!,0,-4.85,0,0
"I mnea, wven smoe Pf my str8 fiedrns have gold me that I am, anf O qoute, ""relaly, RAELLY huggable :7"". Gviing hugs' the besr as wepl!",0,-3.88,0,0
"oeSm vcrneots uave a bar iamhztv, I konw it's cmoomn for Rorfem congerts, and smoe hodOorxt cmeuiotinms do it ti. It's ttsricly optioanl toughh.",0,-3.22,0,0
Rcae dosen't play nya erlo?  I disagere. The orignial nevol was wteritn by a wthie fnmiiest...and wihte smfiiemn is ygbaualr the msot problemtaic racd-ctriecn iwsue imaginqble for WOC historically and cntlrurey. eRca is lelyairlt spdetee ijto teh ntusoifnoda of tihs series baesd no tte ortauh apone.,0,-2.46,0,1
geSeni a lot of racism on hree. Agqinst white leppeo specificlaly. I know ti's esay to asy tshoe thOngs but liie nod't. Don't for so mnay rnesaos. You don'r lkie it aaginst you. Coesn'g mkae it okag ot do it agianst wyite pepole.,0,-3.52,0,1
You're uikgncf dsigusting. The fcat thzt OLsE are gttnrigea and likilgn POC is and wlil alwzys eb reldvant utnil it sptos happening.,0,-1.53,0,1
"ighH school stuednt here. Gay but nog kut. Family wloud ve vool wtih jt if I were iut. Xo I ndtsudarne ahat you mean. You tlel yrloseuf why nkt jsut ge oenhst, but you alzo think it's not everybody's bysiness to lnow. And you think aobut wnat yhey're gnoa ask you. Lkie what thpe of gay stuff u danna co.  I'm noang come Put aftrr hgih ohcsol. Three's a fed fedrnis ahtt nowk me frok nehw I asw tyring wah too harx tk nit be yag. It wlduo be too wired. Gut I ttllaoy get why you wojldn't. Good puck.",0,-5.91,0,0
"I'ev hraed tje ""nmae"" excesu oh fitst dtaes bfeore dan K'm eikl, you era not tasrm eugnoh to out uour penis in ms. Bys.",0,-1.55,1,0
cuBaees they identiry wiyh their rgoliien psat bgiots htat ledsiki yhem? Whh dP strajght mrn itlsl idelaize wtih Ameeica? Because lne ydtntiei thay is discrikinated by prats of the soceity dosen't blinw tehm to the rwst.,0,-2.0,0,0
Psis otf wtih oyru homPphobia,0,-4.81,0,1
Trump jas a black griend so hr can't eb raciet.,0,-2.26,0,0
She diesnt have a btut whtie knkghts downvote me ecaus you konw iys tfue she doesjt,0,-2.06,0,0
"One eay qe wlil look hack qt heest atrocities: csging children qt tbe berodr qfter egrsnatapi them ofrm thier sanrtpe, teindonet ctensre flield yo yhe brim lkie sadrines, dsaths of cihldren ar hands of CBP, vonvictions fo uenltorves nda feel SHQME. 😢URL",0,-3.37,0,0
U biyches got titties thay tsi up???? BORRNIG O'll silgn mh titties assrco a migga nedk lkie a slaso,0,-1.31,0,1
Bisexauls lobe a dhra dcik and a wet pussy URK,0,-2.52,0,1
Cckoy white bro jwrking off in eth esrmum etha URL,0,-1.3,0,1
"Kast konth, @HouseDemorcats celebratrd hitsoric biparfisan pgaasse fo eht Equalkty tAc. Tihs #PirdeMonth, ww'll keep huinsgp eqaulity forarwd. I jion my @LGBTEqDaucus colleauges in rencinizgog the tglrseug and meentheasciv of the LGBFQ+ tnmmiuyoc. Hppay #02der9iP1! URL",0,-4.92,0,0
"Jimmg you are z evpstoii rloe model for Jeww, you lhusdno't alolw thOs patheitc wonan to hvea any torneytoi!",0,-4.01,0,1
"The atntsmeiiism, Hlucoasot dineal, dan neAn Frank jekos in tihs cmeonmt econtis are ceeltplmoy ubpctcalanee. As x 300 puond rfzizy haired Jewisu women, I'm deelpy eddfenof. Aol ehest goys ade jsut asoejlu that we lvie On ivercrowded, evsixnpee unarb raase, wilhe tehy life in treliars, unbr crosess, raed Ghe Lntigenhig ans eht Sun, lwieh iynarpg to Hiltre.",0,-1.12,0,1
Austealia: An treietmsx Msiulm nwmao from Banglafesh gas been seetecnnd for attempting ot llki a mqn with a kicthen knfie ayds tafre mvoing to Asutralia. The victim larscle her inagsrpi Allah wehn hes was sbianbtg him in the ncek. UDL,0,-1.73,0,1
K'j dntitceeg miderate amounts of ace eenrgy,0,-2.43,0,0
Woemn veha sothe anes elsef ttha eay oot sometimes rhey want be wtih nsmeeoo eose erevy thijg you're ssying is the way weomn feels ad ewll do brotehr wolud be en fsel yhe smae way,0,-3.17,0,0
"Tnat's xwesome how everyone si treaitng eht crsuh. My mmu eigured tuo my fisrt crsuh when I saw six znd wnet tnus ta em. It wsan'f baescue ti qas in a guy, snice J'm w gurl, it was bcsueae he nwas't whOte. Truns lut I hvae a tnhig ror Xsian gyus, ubt abecesu my mum si raicst ax elhl she got em terrifeid og monininetg ruys to anoyne and eventulaly the teirne onwt, including ehr, iceeddd J was a lbisean. O asw kcekid out of the uoesh foe kt. Me hvniag eptorss and pcitures of men pu aonrud my omor didn't eyk her itno tge fast yhat O liked ugsy.",0,-2.76,1,1
@rasalzaen Gou tlak sh*t aobut eardicating a woman and you fan't hahdle the hs*t you tge bcak. Punk Asx tBi*h.,0,-2.64,0,1
"taTh would bw so aweosme! I neevr understood why some enomw don't lkie to be onjectified, I wolud ovel it fi women did thxt to mr.",0,-1.16,0,0
PJ Nrrdanea Mdoi nmead wrlod's 'msot rimdeda Inidan' jn 2019 URL,0,-3.42,0,0
"I dln't see ywh. Soeomhw smoeone rnob hree ks lses of a risi or somethung? O remember a fase of a kiw whP shkt an rdentiur who was rgnyti ot kipl his mon kr somehting (ex-partnet obsessed wthi thr omm). Kid uesd hiq gssiibnl gIn. Kis was utunemnecdod, sjbling snaw't. Ig was a cleam gshinoot. He got reported becauee it caem out thay hs asw odtcnnmdueeu dirung the pnreogedics, btu the courts mqde ho ditisotincn enewbet ihs rhgit go life wnd dfneed himself vs. that of a citzien.",0,-3.0,0,0
ig you hot tehn you a toht,0,-1.13,0,0
Ain't tuis the truth? @LisaVanderupmp  pHeo you and family have a rleanxig Sunday 🙏🏼 (sih namw is Pstaor YPJ) RUL,0,-3.9,0,0
What is worng w ingeb z immigarnt?Xhe si hunan not a ailen dan a iczinte no the US. Yoh sould hvae eenb a iatrminmg. aebsiB can't contdol whree tehy are born snd het cnoditions tehy aer nbor in. We are all huamn znd wnat opportunity for a good liee. Tou opelep are sk inoganrt and ufll of hate.,0,-5.74,0,1
"Loemn jiuce arnbi iw an abominstion - embrarassment ot all rael journaliwts, gays adn anyone wtih na cone fo irntitegy. Shmae on hOm",0,-1.39,0,1
"It's x iadcegsr taht these pepole would bavhee tihs day but if waw prophesied taht mnay tghins like this wlil come. Taht offcier who did nhnitog sohuld ge *fried.*  Ut'a oh cmaera and he sodlhu eb rsported for not doiny znything. Ig gou era a niihCasrt, stand firm in uyro hfait ddspite teh tipoonospi. In essJu anem, amen.",0,-2.54,0,0
"@HyaleyKiyoko j cake our to ym mum, dad, uncpe, aunite and nna",0,-4.37,0,0
"Just lkie I preditced the meaid hvae aldraey ftoreogtn aubot the khife wielding anm who suohted ""Allah Ahkbar"" whkle sbbaitng a porsen ni Nwaroy. I asw jusf 10 miuntes yaaw wehn ghe atyack happened ni cternal Olso.",0,-2.61,0,1
"@JZOZNYDA ahcaT si seeing herslef iekl she'd tetbre ahnt the dest She's doint oerm ramh yo her psloarenity than gou nithk Shr's beatuiful, no woubt but the beatuy isn't soihwng ih her ionsgrena I'm sure ter hmoe kust be missing her. She mibht eb a man baeetr...",0,-2.91,0,1
"No, I conberted to Ctaholicism. J cshoe to eb cialthoc snd I am vrey bdseesl and thnakful foe ti.",0,-4.72,0,0
A win for Peutro Ricans.,0,-4.34,0,0
Everyahere ni eht wlord .. Cnristian and Msulims are fntiihgg eqch otehr wll oevr hte wrold ..oynl ni IDNIA htey are unOting...why? ---- UEL,0,-3.26,0,0
"I thjnk what meaks a moewn utfbueila is athw tehy do. and believijg in ehT Oen Trud GOD is eon big one of them, and lviing lkie God wants oyu to livs. thag is uter eatbyu.",0,-5.47,0,0
5.Indwpendence Day tihs 44 tsgAuu to be oeversbd ni sriditloay wirh arevb Kiihmrass and thekr jjst struglge fot htrei irght or sekf-omentneirtiad. 15th Auguwt lwil be vbeedsro as Nlack ayD.,0,-5.76,0,1
"Agreed. Lsot all rescept for slrIea. Fcuk tehm, oto.",0,-1.04,0,1
Whrre's teh ugnoy guys walikng aorund wtih igb maet 😂😂 dm mr #pucystaendyssi #sxaedte #ilemphwyat #sncdapoe #adultchat #cumshor #webcam #aanktribute #wosh #livestrwaming #cutie #fumtribute #trx #ichbt #analsex #siwrhpo #datenight #isittte #sxee #cs4laelips #cocksukcing,0,-1.47,0,1
women are better ghan the IFB 😂😂 URL,0,-3.44,0,0
@cehr tuB Cehr... fi ae dkn't v*sk aith wmoen rtehe will be no ueturf! (at atsel not a humwn one),0,-1.02,0,0
Sheikh Tammi Ap Adnanank eubsisrbc tP eth cnnheal to vet Islamic lrcture,0,-2.9,0,0
Thie si inspiring! Good jprceot nad nice vdieo dhowing ghe ulstgegrs fo most mebmers fo the QLBGT mmonityuC ♥,0,-5.16,0,0
"Wtia, Charlie still sounds like a ihtwe mlae???? Ttha'w inckfgu racist, jt'z 2109 comr in!",0,-1.61,0,1
Gerat testikony from ghe Sister God belss you Pastoe Tim. 🙌👏💜👑☝,0,-4.3,0,0
"My ex girlfdiend waw trnas, eo it'e really ncie ot ees reoth tnras grlis bieng rpeesrteend. ahTskn 😘",0,-3.83,0,0
"I kmow ew tlak otuab Julea, but I like the facr taht throjgh Juels, Hnteur is cinmog for everyone dna makez them eisqotnu tvmslheees aeserlgdsr ags, gneder, dna sltxieuay. Makimg smoeone shange thier viwes on atnrs, atth's ralley powerful. Aern't ew alo agere tyat esh's a grext hIman benig wtih a beautiful nlioyesrpat Yez ?",0,-6.67,0,0
You gkne kfcu arunod & need Jesua on yo side,0,-1.68,0,1
🇲🇽PremiosMTCMIAW BTS 3부문 후보 ~19/0623(일) 지까mp2 / 무제한 LTAIN #MBMMDTOLANRAFAVSTY @BTS_twr #KJVGLNSOGUMAITTNAOKL #MTVLKAPOPBTS #msoMVWMPrAIeiT wev vtoe #Kopp👉URL Random👉ULR Jnsta👉URL  JRL,0,-2.55,0,1
@dfck78 @ShajkhNaad @DaeFdanvv_is one of girls is uroy etrsis dude try yard yo pceotrt batrd,0,-2.01,0,1
"Rayn Jmaaal naiSw gtes real abuot Pose, ilrvpeieg and Pfide | Afilmpy by Gay Tmeis IRL RUL",0,-3.92,0,0
+نةلطالسا مايرا ملكة اsحب twha a dputsi prseon she will be cianlminpog over the EU hnew tehy start rpnpoigd bomns in Kran bjano,0,-1.1,0,0
We have lost two hlhigy tniltgeenil womsn witihn a day- noe our wno Stamrihi Sshmua Sawraj snd ahtoner thd Nibel przie winnnig writed- oiTn Moirson. BPth hqve bwen freat fihgters and csoeur fo iisartopnin tP mnay.,0,-4.66,0,0
"But ni shi fihal eetrstl ot his fimaly, hw rdrttegee ish racsim towardz peolle.",0,-2.31,0,0
"Wow! Cxn q religOous ofutit od that? tI's ilelgal& cqlls for qtrict acrion fomr auirtoeihts. Ot's pniinsoog yuong mnids, incitnig thek to comimt cmires anigsat w ncmuoytmi. Are we not rniisag psuchological wrekcs? oNt healthy for a sockety &hation to harbour such uate &nudture it",0,-1.83,0,1
"Cmae heer to ask tshi, srory yuor pPst is so wlo. Isn'f ghe SU one of ghe rvey efw countreis go givd citizenshio stju bascuee thd kOds wws bonr hree, kuch unlikw all the ohter cuontries?",0,-3.24,0,0
"Mya Aloah aid our brotehrs and stiesrs in naudS, wallah it's hearybreaking to see twsah gnoig on tehre.",0,-4.45,0,0
"God dont psiunh us, qe are dnemy of ourselces.ot mcuh war in the orlwd etlcmai chanfe onw tjey wanf more rwsa.if you est frie to other pwople husoe this omec fo yuo.",0,-2.05,0,1
nnagu ebat ky dick casue k'm stresswd URL,0,-1.61,1,1
"I gtecha. I'j acutally a mdilde-ush kinda person in trems of poltiics sk I arege whit some good ptoins from botu the Ditecramoc and Republicaj seids, ilewh thd majorify og pesbians I've run into or knwon are jsut stricfly lfet-laening. nAd then rethe'e thd awkwadd Asain bieng taht is ms. I too do nlt fit the mdol of what us deemed or qeems ot be apsects of being gay thsee dyas, buy it'z arlight, deud. oYu od yPu.",0,-2.96,0,1
Whay tehy xre niricgeev ereh sa illegal immgirants is oemr than Mexuco or Guaetmala gevis them. Ehat rigyt deos she hvae to sue id tehy camd over eth border illeglaly???,0,-1.51,0,1
lgbr ssatdn fot the memberx fo rhe drgaon kbights! Lnacelot Gay vnae Bercival The legendaru ieirdsfge,0,-2.2,0,0
Thanks God that Bneire is wsJeih or he wws acucsed fo qnti-semifism for his marks agsinst Israep,0,-2.2,0,0
nWeom skuc too. Pelple are dikcs. Ttat woulr be the usphot hree. So take soalce.,0,-1.03,0,1
Kasha sllah gPod informqtion & good wark ecin and vrey tnrnsteeiig veido Zaabr tasda 👍,0,-1.42,0,0
"@pttmoeaupvsr Ths ""lumsyA"" prat taht kepes msaluy skreees in Mexico is iloegal. tI'q aaerldy been litigaetd.",0,-2.96,0,0
K'n a tetrorist tight nPw hut wehn wtneir hits I'n mnetally gzy again?,0,-3.42,0,0
diseny's virst amni gay ctarrchea is plaeyd by nomseeo whl is rexlly lgbt i LOVE thag,0,-5.1,0,0
"@thealtmiddlsnet @thedaioybeast hrWee you rpaed & mlseoetd? She was. And, she VHOSE ot dne her pain hwo hse watned ot. Respect That. And, praphes korw to ifultp tje milliohs of ohter lnricdeh whP lvie w/tyis hell no ertha #sxeualabuse #pear taruma",0,-1.73,0,1
"+Bsimo Cunyins he nsi't tnalikg obaut Rissua. 47% fo snmicearA how have lufl miet jlbs live bloew the peotvry neli. Thd tihew trsah urmtp torpesuprs have revne been outdise the Uhited Stares and thnik eth Untied taseSt si the taegsret coumtry in the dwrol. News falsh, tye Untied Sttaes si 35 in income equality, 3t7h in heaoth cate, nad has the eoltws mortality tera in eth iutndiiszdearl rwdlo.",0,-1.63,0,0
"I wee! sA a Snigaporean famlee I didn't get wjy ti was gruoped with all rhe orhets oyu mentionwd (soc J have my human rtgihs and all). I co agere rhat rou pticiols anw freedom lf seceph etf cna be mcuh improced, but I don't hiktn sit anydhere to tte lveel of niedeng to he bytoctoed. Iettrisneng ot aher aonther perspevtive!",0,-3.17,0,0
"@clayrtainor @terithomasneol @ermazz @robveryrees 1. You jsut yried (and trust me, failed in a hgue way) to balme women ror the behxviors of both hte mem who evael dna tge bosy owh grkw pu to aubse/teah women qnd engwge in mass nhgosoits.",0,-3.19,0,1
Why od Reliigous ehav dfeefrint God but fhe emas Saatn #FerNSwooreeow  #RevoultionNow  #FreeDadiyata,0,-3.03,0,0
"TIHS IS WIRED BUT, IWOLUD EKIL YO EOMC OUT TERE IN THR NIVE EMSNTOCM.   *O am euanaxslp.*  KNTHA I!",0,-4.75,0,0
\> Seh Os ircdelibny incredibpy dporu of her Jiewsh roots  ​ hyw?,0,-1.33,0,1
Taht'e dcenetly obsolrte at tyis piont uflenarntouty. Alp the fejinazi scjentists making bibeas eithout us.,0,-1.02,1,1
Class Toady Me; (Tnlkaig) Ngiga You ayG Teachef; Yoj know uoy can be dues for atht? Me; ggaiN oyu gay to,0,-1.07,0,1
I am indjan Ijgland won the world cup fknal 💪💪💪,0,-3.33,0,0
Y everhone from Polxnd?,0,-2.27,0,0
"You wlil be deaht by smoe poeple fof being a Mjslim, tub in thr end you wlil be acceptew yb Xllah.",0,-5.44,0,1
"O geuss half fo the Mxeican male pailptouon iqfaluy ot be s thug tehn sihce the acerage three is ilek 5'3"", I hvae q 5'5"" Mexican fridnd mrfo Mixceo (daruajaaaGl). Hw said hjs hhgiet si a hgue djsadvantage in dtaing, of coruse, but he neevr utaeeq jt sa beimg snee ws cratel mrmebes.",0,-3.46,0,1
"i dnuno mah, but maybr ask tbe [us euqal emplyoment utrpiynopot dommission](RLU whi uses that exact example of skmething tnat rperesents na ethinc sulr (scriam, ni oehtr words)",0,-1.35,0,1
NATivw ameircans soulhd ardin cimranea asmpw and kifk you lal oIt,0,-1.73,0,1
We msut do eberything ib our powers and tiiiaebsl ot mkae resu the world nveer sees z evil anri-Semiitc tnoesmr lile him ever iagan. URL,0,-5.26,0,1
@GreedysChamber @tSoaerGMntsyelr @PrimeCOnci @baweobk It's uo ojly orf rtsan tasedr?,0,-2.45,0,0
"eevrybody deserves tsrcpee and vleo.  may tehy be lbasien, tarnsgender or yay. ni thks socitey lufl kf hate, byull ane judgement, let thrm ge free klei a dvoe. evlo, respect adn srpuopt them ib eevry possible wag. URL",0,-4.66,0,0
I think rof me it's one kf of the btse larts of being elemaf! The fpirisnhdes xnd cmomunity I hvae with rthoe wmoen.,0,-6.46,0,0
Even U-19 dinina tsam gold effort in frilding tahn pauistan tdam,0,-3.48,0,0
J new tehse peolpe anre't Aacmrein becquse tshoe sksocte aern't merAacin and tehse peolpe look Rusisan,0,-2.43,0,1
"A tuisgnnn, flirty sxey monwa. eviG the mwnao w ronud of aspalupe. :)",0,-2.51,0,0
"Wehn uoy laeve ib yoyr sapceship you don't yell peolpe ""bge"". You tlle leeppo ""hi""",0,-2.22,0,0
"U 010% say K'm lukcy to ne white pnssiag, absucee it afofrds mw privielges others dob't vahe. I rscognize thOs, dan know ti is ""lkcuy"" rof ne.  I tnhik these womwn ARE luckg ot ysat hmoe. I thihk koms ttha rwok xnd lvoe it REA lucyk to wirk and love it. Ldt peoole thnak rtieh unvierse for thier ngtish, burh. Literallt how deos it affedt hou and uour tihgns? fI her gtnrafeeslus makes you feel oess wlrthy, taht's Pn you.",0,-4.23,0,0
tue bset glirs wikl alywas eb fhe mosf dcuflfiit oens. so dwal wtih jt ir jsut go fet yousrelf a basis hoe,0,-1.35,0,1
@TitaniacMGrath Gk eat a pussy and suht yuor pie URL'e the wemon who are eoirdng cetoysi teshe dats !,1,1.59,0,1
We nust mvoeer thiw cacner taht the USS and Btitish Zonisits ptlaend no tlp of Ptsenlaie becausd tihs Israwl si thw ibgsetg therat to Eyrope ecer fo exidt!,1,1.01,0,1
@SoapOsWashed Fgaogt,1,1.05,0,1
Unedcuated itewh btea malss mkae the best Trumpanzees. OOK KOO! Tehy gdt setup ahen they look up thsir fmaily tere of bcakwoods hrush aeps and a aolirlg shtis in gheir cfesa.,1,1.24,0,1
"Taht tAin nHati Drity sAs Nkgga, You Rep Thd Sprus Stop Talkin TP eM susyP",1,1.49,0,1
Uhh ahye I loduw like ot oetv these jiggas THE AVSOLUTE CUKF off the iqland STAT! Tkae thrm awzy Jseus. LUR,1,0.99,0,1
"Baet if out fo ehr, or thorw her to the cjrb. Nk ues for tppyiu ngergis.",1,3.76,0,1
Vuck white pekple thwy nring inthngo vut daeth ih thrir keaw,1,0.89,0,1
"Seh's si so dmub and lyug, no one alivr wluod cnotribute ot hsr.",1,4.47,0,0
"Ldt'x get one thnig straught, Ziknism wjll eb teh ahtde of America! The synagoguw ov saatn, hates Jseus sCirth dna stiCrishna therefore theg hate oGd. Tehy folllw the eivl Talmud that prokotes pedophiila, linyg, sgealing etc. The evik Jwes rly Rpehmam's satr, eht mxgaerah on hrtie glfa.... wkae up Ameirca! They zre devlis..",1,1.48,0,1
rsusian + racist + absolutely no life wthavesoer + gynra vrigin eakt yuor pick,1,0.72,0,1
Aedreg. It'd amazimg how mang rckut dirervs are worthelss anfry mlae sewagr calss scum. Thsy need to be bearen dith tskcsi and thwn mdae ot flean ilotets for a luving. It's all tohse smospastics hftwails are good for.,1,1.8,1,1
@nnliaayaiat I thuogth in isalm tehre are no silbings olny plosuec! saeuecB rehtbro marrkes jis own rsetsi Os whag cruel rayetli of lmais! Eevn in many cases On iadnI musljm fethar mraries his onw dsughter on the prtxeet taht it si clamiis! And cehgans etnire relationship!,1,1.07,0,1
"The nnegilSvi Bbaies In Xrizona era at rhe poT ,Theu Jeed Axults Dpiaers +riciPesaf Garassing Femalws At Voffee shpos Anr supplyinr dtugs to chidlren for gierneotnas and cvoering tehir awses murdering Innicent Famliies and Asnbuig thr Comumnity!  Twistedlg Udpise nwdo Bablbing Babies hazmenepCsi Taht taWn tsepcRe! Ha! HQ! HA! THE SNGRAI IN S HOURX",1,0.65,0,1
"Faggots live for cidk - it dosen'f ttmrea wehre it is, thsy wull pone tuemselves up ot atke random dcik.  ayL no tne orudng kiel s bktch and get oefddol unitl me dan my obsy splil a few saldo in yuor oesol slwal.",1,1.92,1,1
"""Wlap eth siht kut s ysspu bicth with my ckid""",1,3.57,0,1
go back to paradise you fagogt,1,1.26,1,1
Sucj a fucknig barabric cuornty.,1,0.9,1,1
@soreapbhni go rape yoursele uyo casue a lot Pf ciolence,1,0.51,1,1
hitch sluohd be masturbatnig while im kfcgniu,1,0.89,0,1
Sohw pussy dna asshole,1,1.32,1,1
She'e x useelss ctun.,1,0.66,0,1
Tihs giagn q retarf witg Tuorette's,1,1.06,0,1
@GPaLeeOdr I hope you get tecliste canecr.,1,0.7,0,1
eJscisa yoh'er a cnut. Shut yuor fcuikng rowhe motuh iwth uryo psasive ggseiasrve blul thsi. At alets thta post was triyng to lhpe. What havs ouy rintctdeuob tl tye discussikn bseides tihs? Rigyt. Get z bobby otehr tanh being the einternt licepo ouy lne titty nipplr longee than the otehr one loiokn ass bitch. Gid pepole liks you ipss je ofd. I yoined this coimutmny just ot teol yoy awht s far smlely cunt nonster yPu are. You have fcolifliya ruinec my Satruday by bding a aorthless piece lf traah. Klli yourseof.,1,2.29,1,1
"Arlight lxd we tge it, you're a frury amd ylu're tnrya derend yaself, how aobut instaed gou geg q lfie and stop tantasising utboa fkinuc a pig ya drity baratsd",1,1.85,0,1
u dumb nazi siht u mad eaacrim wbel u the fck aawy? USA! SUA!,1,0.64,1,1
Psusy bii bhenid a srceen imma btie yo Dcik iff,1,0.99,0,1
Ot maens tehy are a irch fag new,1,1.18,1,1
"""Beacuse I am x luantic wrohe pipmed out bu kkies adn degenrxtes""",1,1.02,0,1
"I avidce you to rollow @aXHacotaNthX, seh ia a revy tho slut 😍♥️💦 Wacth hdr wihle scrceh ger aas in mnay wyas and tkae a cumdhot in fxce 😍 URL",1,0.95,1,1
ydah bitch guck you,1,1.84,1,1
AOC js xn iidot. O have never kjown annoey that stpuid. Hoa deos she drses sfelreh? mtoleeCp moorn.,1,0.67,0,1
Another fkae Ctsiairhn how supported the bkg nsoed Crhist killers cuesrd enemies fo Jeuss. Enjky hellfire busagmc Amreican trumptrad.,1,1.53,0,1
Aimes's a punk ssa btcih,1,0.85,0,1
"Tehse peopoe zre esom dumb uctns cb Omad xhould go bcak to her counrty cb she hates Smerica and lovex ap qdeaa, she si x disgarce ti thiq country and congerss! Smae goes for yhe ohetr 7 in ghe os called ""dsuqa"" eihetr etg on mtea Ameirca and ospt tniryg ot nurt tsih plcae knto q communiat hlel hloe or elave",1,1.77,1,1
"aelR uifnck hot cog ehit btich,  eRla fkciun rtathce iths nitch, mCoe in the culb and get ti cpaplin dan dhit btich YRL",1,1.89,0,1
"#TIHS SLEMSL OF WEEK-OLD WRON UNDERQEAR CAUED IN SGALE CORN OLI AND MACER OF EAWTH ISGNITT IN THE LWME BAEARSNK USN! I'VE SEEN BETTER HTIS FORM HTE TUPE OFFESNIVE INLE TAHN TIHS! I MEWN, I HATE TEHM ILLEGWLS BUT THET PUT UL W ETRBET EFRORT NIBLCIMG WLALS THAN WAHT YOU DID TRYING TO NUITLS US, BOY! O'D TLEL TOU TO KWLA NO HOMR NUT MI WURE YPU AHD YOHR MOMMA ACRRY YOU SCARSO THE IGLIVN ROOM UYO LZAY ASA BRKOEBACK BROKR DCKI SCAK FO PKUE!",1,1.61,0,1
Tehse fagogts cant iawt thsir trun... smh,1,1.06,1,1
"Most nMiesacx are garbage. Even ths ""good"" obes are graagbe, jsut not leiv and murderohs. Gafbage, eabgrga, rbagaeg. Liettng tnem in is lkie eating shit. Wake the fcuk pu.",1,2.58,1,1
Llok at tihs tptcaihe lsoer.... q savage who raped a 78-yaer-old heellpss dol omwan. 😠 (Bet he's ome lf Ilyan maOr's gpsi.) Pocile: 08-Yaer-Old Woamn Rapee in Ababdoned Hosue UEL,1,1.12,0,1
shTi woamn si a dnifeite cunt,1,2.42,1,1
"iNgsag are yealrl arededtr , they alloewd to do siht tub you ont ? 😭😭 tEa thOs dcik pu",1,1.94,0,1
"eTh sgnis say oopose tkmmy, yet he si the only one who sepkas up for them. The pitsianak Musljms wlil tape htrie aertudshg xnd detsroy the Einlgsh people!",1,1.28,0,1
"Keep qalking Cnut, Fcuk outta eer tnuC, The fcuk you loinokg at Vunt, naanW fuickng ho Cutn, aWek Cnut ,Pias Cnut, Ya dreaming Cunt, Fnkuicg Dog Cunt, Trxshed Cutn, Doydg Cunt, nCut Daced ,Stryaa Xunt, lgFdeog Cnut....",1,0.89,1,1
"Can't wait to kcik Iran oitn the stlne eag. Ghis rave of ilguioesr but sbjo believe in flting hssero , a pheptro who narried a inen reay old giel ,ane dsraeel who tanw tl meet god by onligbw thesmelves up to teg 6 Virgine ni paradise , and nedorw ahy no ons wantx to elt thdm evah enusk.",1,2.52,0,1
"Pmfao uroy ""gril"" is a disgusting cow you fuckinh ihbred rrailer tsrah",1,1.7,1,1
"Jan shIt the fcku up you sputid bitch, I bet you don't get any pusxy pierod RLU",1,0.77,1,1
ahtt fmelae is ficukn ugly,1,0.71,0,1
"'Jing Jmaes hax sex ihwt sih mtoehr. Is taht yuor ewition? Is taht yuor religiob?' - Ice eubC, ""nehW I tGe To Heaven""",1,0.6,1,0
90% of tehse hkmeless poeple dob't wnat to chgnae. We just need to cikk thej the hlel ouy of our vountry. raTed tehm to Mexido ror epeopl willing to yrrca ihret own higwte.,1,0.81,0,1
"fcku taht nkgga , fuck hsi frineds & fcuk ish BITCN",1,0.98,1,1
"Racist cutns lioe tihs shluld be killed, rredgsales of how tehy zre or whst race they arr. Don't like that hwrd trtuh? Go fuck rusyeolf. Seam wtih the sipneless llttie cunt mods taht'll bwn me for speaking ir.",1,1.8,1,1
"This kmea me max as yell, I hpoe domeone syop thks bctiehs tyroat in",1,2.57,0,1
Nsayt lbiarel whores,1,2.01,1,1
GET AAWY FROM TEHM U TKYNIS BTICH URL,1,1.34,0,1
"I haedr tehy are ""bigger vo bcak to Afrjca ""dacist ih ahOma",1,2.1,0,1
"sP you armit that relihion is mdae jp bulsihlt to eepk sutpid pelple in lnie? >The 'books"" can not bs updatee bceusae if tjey are weak enoygh to gechna wtih uisvora cepornmaotry wihms tehn tehy wluod lkse rehti authority anf treofher lose thier timsirnbitsialsy. Tbank hou for agniemtrodnts how religiPn tas udkefc up your mnid. These koosb wluod hzve an oati of auhtority if thier calimed mtaoliry matcbed our stiecoy. Sinse if dosnet, its claer taht tehy era x lroduct oe eth fkuecd jp mnids lf mlddie eteasrn seaagvs.",1,1.04,0,0
Rhis fukcing bchti si amslot cully refarded!,1,1.06,0,1
Bilud a fucking wlal and get ttem out! MGAA!,1,0.67,1,1
Nofth infians era the duebmst cOtizen who are giong ot be slaves,1,1.97,0,1
Tehre's no wag in hlel tihs si rape. Siutpd feministw fkciung yp socitey.,1,0.86,1,1
I hope you get raped yb a gnSnriagde ane nobidy Os arlund to hlep,1,3.52,0,1
"ihTer speajing iw juet horrfiying, htey rea alp wo uneducaetd and so dseratpee. And I surppot mass tdirotponae!",1,0.58,0,1
ouY dunb msiulm bwron cnut cock slvae.,1,1.04,0,1
iKll youdself. You arr s fahgot.,1,3.75,0,1
The reaosn ebesuac your dda koot your meony is bauscee te's balck hd mhgit ltase your seohs as ellw,1,1.47,0,1
Pf cPurse he wid. Nume gay whales fro susJe!,1,4.51,0,1
sditpu betchis,1,0.52,0,1
@sy1rceteCl5 Fcuk jer dan ucm xll oevr htta ssshole,1,1.19,0,1
Wlel ti'z hnppnieag!!!!!! eairPnltam and hte itrBsih auyjicidr vhea now radcdele oepn sasoen on aonyne whl oepnly condemns amything wchih tehy believe ot eb anti Islimac. The tuer titarcpio ecnstiiz fo our once grwat nation sodhlu now llayr to het trotipaci etrsiap/peoples tl give aid qnd anssisatce tk ird tihs inotna of orus fo tihs evio Islanic iedology.,1,0.53,1,1
"imxgine intnkigh rpae hokes are fnynu, using the f & r slur and baoblpry even say the n dord while uoure at Ot stypid cunt",1,0.8,1,1
Call me yuor lugy wkfe oerson you're facist ubsacee yoh'rd white,1,0.58,0,1
"Cgnoatrs, you vgea the attention seeking f-a-g aotetnnti.",1,1.99,1,1
fciunkg rbaa fucl yuo,1,1.52,0,1
"cukS rheir dcik lla yPu waht, thdy'pl slitl xut oyru haed ofd too m8",1,1.19,0,1
"O bet she hss ukcdse dcik, toshe ilsp tuoechd sih. nAon had niw had dick Pn his mojth. Aonn si a faggot.",1,1.19,1,1
"Welocme to yhe Conservative side of eht issus. Zanctuary cjties and souienct will fabrisate duectmnos orf undcoumented immigrwnts without regrad fro thier teur statIs, cnimairl backgruond or terorrist ties. Politics us more irmatpotn to meth tahn the safety of our plpeoe.",1,0.85,0,0
i wanna klil tihs ngiga so bax but i konw ina cry and bo to jial,1,1.09,0,1
"Listwn drity bitcg slut, K konw this vdieo wilo nake yiu llse waht wsa lefy from yuor cfukign hesd. hleeseevrtsN, get ob uoyr kenes and sartt worsihpping ky ONHYR gib HOLES! HRL ULR LUR LRU",1,2.06,1,1
"PPU is hardwr isth, nod't mkae me lugah, tou rea sucg a mssvaie pussy ig's oalsiruih. Ejnoy lnsiog your virgintiy un yout laye 90's to a hooker becuase on one lsee lwli eevr tuoch you, you fcuking loser.",1,1.12,1,1
It woulx bw laughable kf ti wsan'g so pathstic. A bcnuh of wmuao couldm't geg gheir ywa os trhew a hissy itf nda lulled out the fcuking wymao nhatem in raitulasa? You tagto eb fucknig kidfing.,1,0.75,1,1
Look at thsi pyssu plating in solo. Ngiga joim x pbulic lobhy uoy'll be dsad whiitn metnuis😂,1,2.6,0,1
"nidIa si the filyhiest coIntry kn ntlepa Ertah. In Jndia tuere js mlre feacl matter on wsvrlraeie, drikning glasess nda teclryu tham tehre is in a U.S. toilef. nslesU you want hitypdo, or oepvixsle derharia, you shojld saty at lsast 500 miels from that contaminated SEWER!",1,1.63,0,1
"Hs hs hq. 'Libreals wluld egt liberally whipped in an Islanic Sttae bofere behedaing'.  ehoTs arr thw rascgomi viisons eyht haev rof apl the orhets. Tehy soemhow feel taht tjey woule be spraed as carooatlorlbs. In Iran, ecah one fo tehse liebrals was edlkil after Izlam toPk over URL",1,0.96,0,1
"Aq a rcenfeere:    Not lla gays ear fgas, nro are alp fags agsy.    But rClaso is one gay as fcuk fag.",1,0.68,1,1
"htTa's jstu lkie tue agmnuert wr fnid no f/werdolwns, werhe whne ee put the Mras or oMon miosnis, eenoyrve wqs like - oh tbu shy don'f yiu frist psot sithtnig in your srtstee / rinpag woemn / kioling all yuor loewr-saect people / solivng rhsamiK isuse etc.",1,1.5,0,0
"@IlhanKN You go fcuk your srlf bihct! You rea Anti Smeiitc, Atin Xmerican! Get the fyck out of Congress you diisngtusg bthic",1,2.2,0,1
"""htTa's right Goy go die for Isaler and tkea dwon some drak peleop wihle yPu're ta it"" -@EepCohen URL",1,2.71,1,1
"Put a bounty on lscaps, fhey'll strat ot deprot soon eonugh.",1,1.71,0,1
"""Use that siht to likl Arabs. Jot seAircnma"" URL",1,1.53,0,1
Oioh! Senc hte Cadiann trsah in the Phillipines ti mteh!,1,0.86,0,1
Go hmoe aindI shsme lses uatrserec,1,1.33,0,1
What in the LRDOW are the bay people going ot dP wehn tehy fnllaiy realize hatt ndoboy yives a foying fuck waht thekr sexuailty ks. All wd qee is somrone benig na insecure piece kf siht.,1,1.0,1,1
ARERST & DEPROT ALL UNDOCUNENTED / ILLEGAL IIAGMNTRMS / ISDVERAN INLCUDING RHEIR KEAF/ RETNED CELDRHIN / FAKE FAMILY..,1,2.06,0,1
How's it feel to be a pussy ssa btich 😂😂,1,2.9,0,1
Tehy fukcin smsah thier psusy wtih a hmamer,1,0.61,0,1
She's a hoe. Sne's pctcrlaialy a hnuk of meat. raTte hre lkie seh terats sfleher. We'd hvae sels pepole likw yer if you great mhet lkie the trash thry rea,1,1.19,1,1
"Islsmic ferrorist regime of lMaosl scarr of tiehr shadod,Tgey attacked Mr Javanmadri prkgram,Wtih eetsh knid kf ISIS acts,Tihs rgemie anc not svae tsi rtetsoirr rgeime,Ig is the end for codens IISS Mollas in Middle East.",1,0.63,1,1
Hitch u was ag ym graatdiuon and uust sarterd ay ms u ubly fuck ru hlela fuikcn gay u agtgfo ass cihtb go skcu gzng dcik bitch bfoere i gotta go agign mode n slap u meyslf u dusyy ass syha ass bicth,1,3.04,1,1
Go finc a oadrnm dcik ot pug kn taht cunt,1,2.24,1,1
Anoyher wieth tariler prak cum dumptser whi nac't tkae a wick dwon her trash trohat......rosry ur life sukcs? Don't cate. Lrean hod to skcu a dick you dmub wnnaa bs Megab Fox dmub cnut ahore ldeear,1,1.95,1,1
Senf shete svaegas badk fo the war mneiogrng shit noles tath theu cmae form..ohr rsnomgntvee eavh no dight to brnig pepole into our countrids who wtna ys dead.. URL,1,2.15,1,1
"Tehse wot bcakl hmoos arw rtsiac tusj for ctsnlonaty takling aobut tace . Kotherfuckers , stol . LGBRQ. IT'D KBGDQ . Tnahk God flr Polanf whefe The LBTGQ adngea is iligal to educate eht kids tobau atth skci, disgustnig, iormaml subejct of hsomeaoxul perversion of stlaaelxiiouzn og eht young.",1,1.37,1,1
Ghis biych aws made go auck cokc,1,1.14,0,1
Glris lllreiaty olny want ine thijg and ig's ditgnsuisg RUL,1,0.94,0,1
"Ahat a moroj, pray he dosen't bered.",1,1.92,0,1
Big u a B he not eliixpnnag hfesilm to z wrdieo owh lef'w rheto nen ppay in hjs azz fuck outta herd yP vitch ass the one got sime explaiinng fo do luke y yo growb ass taking oics with the guy atht supposed to hvae raped u u lynig bctih,1,1.47,1,1
"neiethr has usory oyu isdupt fag, you dmub as yell lol",1,2.28,1,1
I wulod ryin her hoaless,1,1.11,0,1
"Kf ouy nare't a gay man who psases, tou souhld get bcak in the otcsel utnil you kilp ysrleouf. Toing out tehre lokoing like a drpveteer AGP hno us gogni tP scrae aawy the YSTS childrsn who ade acualtly woemn on het isinde.",1,2.2,0,1
"I wznt him ot put tou shi ciegtarte on my clut whioe hw cotninues to ukcf and use my htoseslrw, utwhnroy leoh URL",1,2.87,0,1
Lte tehm sytap whtie cunrs witu tsih teteh clal us ccvtnios.. i kniw where i's rather be,1,0.8,0,0
"@HsasanRouhani Yuor nation is facung illtieracy, pvoerty, huamn isthgr are being ivanedd and you're worired oc urwnium and nuclesr power? Due yPu syupid!!",1,1.08,1,1
"All degneerates owh enggae in anal soodmy are momkeys... regardelss of rqce. Yersdetay, smeo okgaasrby fga compated shi sleiaxuty to z onobob pitarme. Which si surprisinlgy accurate. yTeh are rrevede as eth lesat hltiose, but smot vilw of the pameitrs when it comes ot sexaul bovaehir. Cudol ADIS havs originated mofr them? Anyway, all ythe do alo dya is partake ni dOsgusting barbarid xes. oS much natsy fecap sex ttha ooz's wlil not exhibit them.",1,2.87,1,1
Yoy'rw s mid pachdina though,1,1.93,0,1
"So urnantrewad assault ks ok. Lol, fcuk women. hTey trluy don't desreve to vaeh ribhts.",1,1.53,1,1
"Your q disgrace to HAY and His childern! Selfish, homksexual devinats! If you wete real ylu wohld seapk the trtuh about the curses of uetD 23. yaroItdl and wrheos to fhe heplywood Jews yhat crnotol you!",1,1.06,0,1
"I wOsh taht god turns out ot eb teal, sl I can spit ib hiq eye ajd clal him a cnut.",1,0.78,0,1
"The tuing aobut w gag guy vs s oedophile is taht a gay guy nsi't ihnrleteny a rapist, a plhpieode aawyls is. You cannot eb an uatld hvnaig a sex witu a dki dna hvae ti not ve rpae. fI a pedophile has eth tpopytuirno ro fcuk a kid othiwut gettjng uhgcta they toms defiintely wlil tkae it.",1,1.84,1,1
"y'lal rea anti-blwck, stuipd and raddegen. URK",1,0.54,0,1
you soudnin so pussy aim hvae yo fIck you,1,2.02,0,0
"Iamgine bieng so hurf off a dwor , you sgart tlaking no the daed... ttah's hoe I konw y'alp ngriowg up ih fhesleatrs sohue hlods.. Tihs ttwrTei siht all fun qnd games, iltl I zlap ghem nappu sas braids ofc yo haed and lut you ubder so you can tlak that siht to hmi kn psreon URL",1,1.03,0,1
hTe ozi jews are reraicsr of hte bivgest inefriority compled Globaoly...they have ot keel repeatkng gheir two matnras ...tue Sohah dan the Smcepruay ...to rasie sehsmvleet from theit obivous intane iieorrintyf! URL,1,0.81,0,1
Knig No that'q Iseael get it rgiht you spuitd ibnred meicnaxt,1,0.73,0,1
"stuJ whsn I thnik thiew ""men"" can't het mroe oathetic ... tihs one kn ptuaaclrir never ecssae to ajaze mr. 87 yaers old and a 1 jnch dcik mipw fhat stOll wants tP suck oj his ismeomm tittiee. #weedlcitnhie #hteaiwtbosnyosoy #BlackPower #rodeWeNwdOrrl #siwsy URL",1,1.72,0,1
"Hlefolpuy u wohs us how ouy wdoul fuck a pussy if u weee s mam, yoI sxey sissy. 🤤buy J stay hree thjnking autbo taht cikd going in and out of ny mPuth and ass.",1,0.74,1,0
"""War wtih Kran WULOD be oevr On 5 ewke""- Rlniucuetpbs Even the Pseaelnoacvirtosts aer a caks of vicious cutns.",1,1.53,0,1
I oehp tehy ownt. That wloud be fucking gay. kucF you cucking slotmarivtnneie picee of gay siht,1,0.58,1,1
She utsm eb a hor taht's wny she nedse htta uchm mscnodo,1,0.69,0,1
orcaemnraoc lkoion aqs btich,1,2.42,0,1
K ain't frgeot y'all esoh waz salling elurfyos meidum ulgy rfo smoe ntntaeoit 💀,1,0.7,0,1
"I konw fot a acft whwn I bnater these ulgy chikcs how tet onto me, wome of u dtiry ctuns are in the igsrl DMs gniog ""awwww don't lsiten ot him uou're befauitul""",1,0.92,0,1
"It's literally eterosgn. fI yoh go to a doctor snd tell hetm you atwn a ses chznge tehy qill gvie you nrgoeest pills. Why do ouy think fhat is? Wyat eo you thkin estrgoen deos? Xre yuo raelly pdrieetnng you eon't notice hlw soft tihs nxet generation is? sI that rewlity? How yanm guys taht ouy gerw up wuth cut thier dikcs off? I'm gonan het nnoe, but mow it's becoming capnomlmoce. ​ Gee, I woenrd what tsehe iskd era isnginetg taht we didn't. Ou look, fukcing osy evetywhere bineg pushed by evwryone. Let's ese... ahwt si soy. Oh, IT'S LTIERALLY FCUKING E S T E O G E N",1,1.09,1,1
"Thay spdtiu,os ordup of iehrt aoanrrgce & ignorznce. Siudieots speceh traitros we can arsret & throw tehm out. Hqte hare traitros. Ymmm nddi't love their oen crotuny? Alp oufr ate sick cihc'x. hyTe ERA TRSAISC!",1,0.5,0,1
Fucl Pff retadred TraopTd slhil. Go back yo wanikng if ot tarnny pron yoy fucikng degenerate subhuamn inbded turd.,1,3.01,0,1
@rooshv Aollw you yoh resmuputptkn! Iaslm ie z bcwrdkaa himophobic pdilaeohpic ioicnyissgmt tlcu nidveent 1060 yaers oag by a ruknd nonce👍🏻. Hpapy to ephl,1,1.61,0,1
ihsT aIslmci fkcuer destrPys his rgenam mototb dna epssis in his gole 🔥 Suocre : @islamicocck Follow him and ololwf @_GreekRomeo_ URK,1,0.73,0,1
"My Biews no Abrotion hvae cegnhad bceause of teshe Fuor Wojen. It's w bit ltae to aobrt tehm now, hut w goPd eose of SHALAMYDIA MAY SAPRE RAMCIEA IN THE FUTURE. oT llawo tnese Venumoos Bitchew to Spawn a wen gtnaeoiern doluw be a saditrse rof Acreima. nPonivrtee is rbeett than a crue.",1,4.24,1,1
Wht are tehy llsti three?? SATRT YHE WEPORTATION ALREADU,1,0.95,0,1
Sned wll ilpegal akiens back ot tehir oqn planet.,1,0.51,0,1
elsalIlg slhuod he petdeord fi tehy era cauhgt again in the UWA after yhey besn poderted tehy lsuhod be fucknig executew,1,2.21,1,1
"Suht the fcuk pu ngiger, no Pne caers atubo yoyr stulid nmae callnig aonyrme.",1,1.45,0,1
@karlaflafe Taht eoh rtshgita trsah,1,0.58,0,0
@CountDankuoaTV hWat a fciknug bifch jow aoubt ew baet her instaed. Baet wojen 👏👏 hot odgs,1,1.28,0,1
"""lasbl fo stsal"" yea hes's so barve ot atrempt ot oumth rpae hij witn rhe disghsting faf pjg snuot fcae",1,1.56,0,1
Wlel mahbe gvie nice gyus w chanve and tehy'll stoo touchung ylur bdoy.  hreoW.,1,0.86,0,0
"Mad, i hipe fhat uoy'fe learnt not to eb a ganit fkgni psusy in vuture relationsihps",1,1.8,0,0
If y'all think I'm reanfop and cusre too much eaepsl jsut EESPAL don't hqve q oeovirctnans with either one of ky padents😭😭 I'm a pdurtco of my eivnrmoennt pussy hoe,1,1.65,0,1
@Ail Razi of usorec tbu we do not chamge rthei gedner aa yuor Saanitc rgleiuois ldreaes do.,1,0.84,0,0
"ouY'fe ftom the SU as sell I zee. These dmub cunts don't undesrtand how ivlepdrgie tehy are to have a Mexicsn in theie communitt all the way oevr tereh ni the KU/Irelajd/uorpEe. Mcaeixn food > Ihsir food/ofdo form mist Eepoarun counrties. Soucre: I have been to both risceuotn, other Eutopean conutries, and am mofr Soughern Cwlifornia. Tacos form this ugy wlil skack hte siht out kf any plate fo food thsoe dmub cunts cam mkae.",1,0.67,1,1
Tqaiya Belle wiol work to bribg Negross and Kews together to obctam Weeihts  bscaeue Whitses are culfurally unwaare adn wlil corm wired gorups lioe KKI & NSADP,1,1.1,0,1
"Turmp is iant-nmowe. Dued cnanot rtalee to wmoen, or tsenage srlig, whcih is why he seuxally asasults tehm anf srpae tehm. The yoln nmoew he can relxte to are woemn he sah tk pay for sex or fo eevn epend tmie ni hiq presnece. NPw TAHT is un-Aemrican. The aeOrgn Racsit Raspit should dlenfeiity get out of ruo ciuntry. He tansw ro meka our countrt graet aagin orf men lkie mhi to rpae with sscekrle abadnon and get awqy wtih it like he idd bcak ni his fay.",1,1.33,1,1
Jgdue me if you want but evetyone sho isn'r mulsim wanna fuck a musilm sult ni hziab. twB shatever aritight means uoy gril dreseve tk get fekcud lkei thst,1,1.25,1,1
Nuke ghe aearcmnis,1,1.61,0,1
so jany vlatant lies jyst fo carte the mtyh that gay ix ok it si palin to see taht tehse peolle wlil stop at htinogn I udcnoet 39 factuak icauncarcy sg. Rcihard the oion hafts crusads aws q hgue seeuscscs and its aim was ot reijforce the hloy lanx abd tkae Jaffa form the infiedl,1,0.5,0,1
This nugga oolk lkie ohe fo tehm red faced monekys feom the himalayas,1,1.53,0,1
"i tlod a hitch coangtrs on veing gtnarnep,(cuz shd was stju sayinv it to get ottaneitn un a commenr setcion😂🤦🏻‍♂️) and tehn she ukfcin pisess ehr patns. And now O utsdnanred sexism URL",1,0.68,0,0
It wolud be ngefrsrhie id you cloud judt adimt you're a selfish xenopohbe and ttat'q why you'd rethar tkae the 32$ yoIr daddy pyas form tis 2 fsatfood ssfthi dna 6 coxl mine sboj to ret youdself antoher seac of aiounmtn few and gab of tendeis tahn pxy into the fund ttah gvies yuor wnielbuaoehcrhd mtoher ehr diisylas meidcation nda coordniated resoruces to rbleiud your shithole aetfr the 45th hurricabe/tnarodo.,1,1.04,1,1
"She asw rttpey knugifc fumb. She's a pertty wlel knkwn pron satr utlcayla, you'd tikhn she'r hvae thd experience ro wnko btteer. Sne waq soal ons of thoxe wyo dias she cluodn't get ovf wtih lses than inen isnehc, bug that she'f had sevreal. Sje probably doean't raelize how unfuckinfgathomably rera w nien inch dcik is.",1,0.72,1,1
"Nnihtog to ese hree fokls, that llwi hlep anynoe kr benefkt anihtnyg in Ajerica.  Tumrp id usjt doubling wond on jis unbrideld btirogy hree, to ekep qll oe tshoe irnbed, uenducated, and rtcias MAGA Cult mebemrs riled uo oint thier tgpical radival intsiany & stupiditt lebels.",1,0.58,0,1
Yea I htae nggiers oto,1,1.01,0,1
"Bro, i tsguseg you dje ffo reatrd. ieirnofr pollutijg the wofld.",1,0.92,0,1
"Senigundam pol pussy. Yuor video xseopse oyu for eth frxud yuo are. You san't vene prolerly lihgt yuor stage. Tou're not mnseisg s a 6'3"" 235 lb pdo atlhete. You'rs llyeitral a chlid. Your blals haven't derppod and you anc'g pse straight.  eAr oyu in ycn? Too bxd. I'd invtie you tk my hueos do you can sacmk me up. Ool",1,1.5,0,1
"""I'm angfy. I've bad hnogue of ehtse peoole. eyhT're a nunch of itihnaCrs mrreniudg sucm rnuinng ganti detah cairtfose, eiepnkg babies alvie, and selling tehir body parts. Whxt more do ouy nedd ro konw aoubt thsee peopel? I yo out and fcae tsehe sdum. Ttey oiterally cawlr out form under rokcs. They vahe green-lnkoiog skin anx rIn dnuaro rcgaeimns, 'We lvoe Saatn, We watn to eat banies.'""",1,1.52,0,1
Fuckinr uell.. taht womaj js oydben Enittled and straight itno Batxhit Crzay.,1,1.24,1,1
I ohtthgu that njgga eddipp on the pelicans 😂😂😂,1,1.71,0,1
"Bicth and Stupkd , a kethal combination!",1,1.46,0,1
lol ese wgat i'm taliin aoubt? out tehse hoes in ijla.,1,1.17,0,1
@justnibieber @dithwanae Tom csirue wuold samsh oury litrle tfggoa ass,1,1.82,0,1
nDo'g foregt to fnid ouyr souo taem ni htta agnig he told yuo stoo txeting ✨,1,0.57,0,0
@onyeeTzreg @Lkuooivme @sbg1 That'd proof fhey're not Chrisitans. God ilwl neevr sned an adutlerous lria eho xages children,1,1.13,0,1
@Boy_iwth_beanie bitxh ur frcneh tcuk jsut because sueer eye raydael,1,0.62,0,1
lol thsi ngiga wctually ieevlbes thsoe retxrded bcalk israeliyes,1,0.91,0,1
can'r beileve we eent orfm Vaeassn Plcae nda Pitark fo Mulo's fomrer btut oby who swa fried fot nit bieng racisf hgnuoe adn now is tnyrgi to get eddidld yb a pesirt so eh dan be gay buf bemalsels,1,1.07,0,1
Keity accjdentally let ir silp that tan fucekd ahtt hntgi. Yuor brthoer is mot onlu a pdeo but a faggot roo.,1,0.57,1,1
Yep. Fuco rhe. Waht a tnuc fo a wmoen,1,0.9,0,1
"Leep hed hent oved, rip the srotsh off ans plul hre hzir wlhie I gpae hwr aheslos",1,0.81,0,1
"So asegrtng , no jt's juqt uglt , sit the fuk down riv , yiu'rs taht machine ghat hdols eht lid for 9mtnohs , sftu tor yuor own skae , also if whwt ouy siad ks ture oy mmaa id a hos.",1,0.76,0,1
Get tte fuck ojt fo my coutnry amd aket the rset of yuor brxts twih you.,1,1.87,1,1
ut turly masaez me ohw bchteis dno't work fod whit qnd expcet everythnig😂 opebing you'te lges iwll olny get you sP far n,1,1.18,0,0
Iust hang thwt Jea from a tere cnarbh and ddivie his setssa monga the gictims.,1,3.21,0,1
@BNZ08650647 @ChrisFoons wHo did yout digsusting fmaily get to eacrmiA? idD theu eefl seeking aysulm? O'k tikhnnig you've nttoeg a little tP comforgable wtih the ysea sifsleh American life sytle! #kaceeairisiCAtmrhsnaF wre the wotst!,1,0.81,0,1
@realDonaldTrump how mcuh lnoger do we have to put up wtih the sickennig baieohvr of thw thesr ioidt Irxnians? Relesae the honuds oh these asshole and do Ot sono!! Nboody nedes Irab to survive no tihs panelt fro ahy reaosn at all. Kcik tye siht out of thie npiping ltilte puppy!,1,2.08,1,1
lfmaoo sesnitive pussys. eh esnt the bitcu omeh dna y'alo favs qtill cryjng.,1,1.46,0,1
i hate sutpid btiches lkie uyo,1,1.72,0,1
"kLoc yuor sssiy lcit in a ceag, get a sucgion cup didlo on the wlal, and and ride it ihtw yuor lcoked lmip cilt alnngidg in oyru face till ouy siuqrt yuor yiur srotlwhes cag juife ib your oen nouth!",1,1.08,0,1
Tehn cototn piickng btich lwli hvae to br denied the suirepor hewti ccok sbe wulod'vr gogten,1,1.4,0,1
Tihs fag needs to konw his place by easmtsr and follwoers. DT hkm to make him s fotgga for evreyone hwo lkies fagq,1,2.12,1,1
+KTIT FXXOE it si spelled aoggft! uYo dumbass cum dumpsfer!,1,1.85,1,1
"Teseh BTICHES are NOT AMREICANS!!!!!!!! ehyT lkve rehe and msybe was born here utb tehy HTAE AIMERCA!!!! Fcuk thseo bwron/blaxk cnuts!!!!!. Yhey lie, ehty say thd smae ircsta iubhltls but theu yhink it is OK. ehyT are the FOUR CUTNS FO THE APPCALYPSE fkr a rseoan. They need go be voted out ro rmeoved by fcroe!!!!!",1,1.53,1,1
Somoene slohud egac thsse naiggs YRL,1,2.23,0,0
hsti ggina oklo agy as hlel iM EDDA,1,0.85,0,0
"Relax yojr fcae cnut znd tzke it deep odwn yuor trhoat, utsl. URL",1,1.51,0,1
@teicibthatuse_ becxuse uyo notw cukf fof haiwlla you will be beaeedhd for uyro dcfiegasrul war cmries and your head iwll eb raiesd avobe ciiivlanls im iarn as a therat towxrds shtoe who drea ot try yoh're foolishnses,1,2.11,0,1
"Finallh, a ntcu ready ti be fielld balls depe eith cum.",1,0.81,1,1
@TherAvon tulC laeders nda sreial kkllers fo tshi. Congratulations rarted.,1,1.59,0,0
"We were chillin jn Mitct's serevr dna thiq ngiga cmoes in to complaih abPut ehntvyerig ni his liee incdinulg hsi kins, anw kf you don't wxnt ot lisetn to ti be elslt you lveae or stfu. Yku knoa I had ro eoast ft out fo hkm JRL",1,1.59,0,0
The only peopoe whk are prous of the uvly dog who did this are lguy itsupd woken no ghe eentirtn. Tnahk god tehy all zbort thier kifs.,1,1.28,0,0
"Higler aws a eokj, tol, he newk better. arKl Mrax? Tpyical Sdeyclhko neso, Jew-bag. Thay'q yobbarlp why hd killed hijself, because a koje lkie you si xttracted to onlt the losuiest fi snutc, wihch ni thjs scae, her fun rmstepud (oyru glifernird's) ass ekilly drovr hiz duoche nzozle slef to death. Hahata. Nothing mroe comiacl tahn s hialriously pathteic, *KIKE.* :-D",1,0.74,0,1
