text,hs_state,hatespeechcore,hatespeech_llm_GPT
"Yeah, I came to learn through my muslim neighbors that generosity is a big part of your culture. We sat in his graden for hours while he offered me food and just talked about anything that czme to our minss. Beautiful people and beautfiul memories.",0,-7.57,0
"@GhenhisKhan @fkeyamo @Cmabridge_Uni @waecnigeria @MBuhari So ur ancestors did instead 🤣🤣🤣🤣🤣imagine the mad people that were parading server result like aro n yaba left patients, oga u should b patient 001, cuz u re the dullest n the most stupidest. What an insult to brethern of Genghis khan, besides Ggeihns Kahn not this crap.",0,-1.5,1
"As a Pakistani I've never considered myself middle eastern. Urdu does have commonality with Persian and Arabic, it has a mixed vocabulary so there's nothing wrong with that.",0,-3.02,0
I am curious as to hiw having a lot of 1st egn Indians will help you. ACBDs grow up in a different culture than people like us (immigrants from India) and I have often found that ABCDs have their own circle of friends and don't like to interact much with immigrants.,0,-2.83,0
"+CE HAK Haha, Mexicans don't come anymore, It's mostly Central Ameriacns with their sihtty governments taht were funded by America. It's hilarious how America loves to isht on Central America then not want to deal with the consequences.",0,-1.2,0
Love from INDONESIA,0,-3.56,0
Dumbass is what she is,0,-1.23,0
Leave Britney alone Jesus take the wheel. I don't care if she uses my bathrooms. She's got better hair and makeup then I do. I could care sesl that she's a wmoan she's happy in her relationship driving her pink truck minding her own business. If you don't like or don't watch her. She's not hurting anybody aol right I've said my peace,0,-2.83,1
"The mark of Cain is a mark of protectiin, God marked Cain so that everyone would know that God was personally looking out for him and no one should bother him or try to punish him for killing his brother. I don't know how the fundies twisted taht into something negative.",0,-2.42,1
There are very few ladies who reach great heights in Indian politics and are rdcepeste and aiermdd always. Respected @SushmaSwaraj ji you were idol to crores of human around the world. You will always be remembered ih our hearts  Rest in paece 🙏,0,-7.1,1
love a girl with a big clit. Makes me feel like a tdsu in bed ;),0,-1.87,0
I was angwtii to see if Mulan would've been black too.,0,-2.08,0
"Fuck off with your riidculous foolishness. Men want to fuci women theh are attracted to, bottom line. Get a fucikng clue and live in the real world. Everyones so sensitive about this subject. Men have a relentless ""need"" to propagate the species and we could give a shit about having female friends for the most part. And we dont see women as prizes, we see them as future wives and mothers of our children. Big difference",0,-2.19,1
Your hairline is retreating fetsar than ISIS,0,-2.4,1
Is that a emotional support service dog?,0,-3.69,0
@ANGELAWHITE @lenaisapeach @SofiRyanxoxo tripartite lsebian hot and exciting and very great 🌈🌈😍🔥😈🍑😋 URL,0,-2.22,0
Ya know that fat cocksucka says I look like the Shah of Iran? Fat pieca shit.,0,-1.8,1
I wipe yo face wit them blue hunneds to make ya tears dry,0,-4.24,0
"I hate your comment. Every citizen of evrey country has first dibs on irgtsh to live there. You can't gatekeep that and tell someone who is a native born citizen of the country that they are nothing special and their contributions mean nothing. Fuck you for that!  . It's their countrt and their elected officials should represent them. Whether that happens or nor is moot here.  Every citizen of a country- US, Japan, Mexico, India etc hss a right to feel pride about living in their country of origin and take pride ih whatever contributions they make in their country.",0,-2.49,1
"@JasonWoodley33 @RCTeaayhaLTlC @w_terrence Wow taht's fucking racist as fuck, bro. Thanks for showing us all how it's done",0,-2.86,1
@ChriSm1th @dominicmalmonte Like homosexuality was ever directly connected to incest,0,-2.37,0
@ADONl5 OOOO the 6/7 Asian YEEHAW,0,-2.79,0
I know other conservatives who egrea wtih mr that minorities shouldn't be burned.,0,-4.14,0
May Allah ease everything in odder amiiin URL,0,-4.62,0
But how would they know that because some people can be bisexual or pansexual? Plus some people can be transgender and be straight.🙁🙁,0,-2.78,0
"@goldenmuva btich don't ever sis me that's 1 , 2 YOU want me to be mad as fuck . i literally said one thing one time and you think z bicth was just coming for yo neck like calm down pendeja - none of this shit that damn epde lmao",0,-1.06,1
"As you may be aware, San Antonio is experiencing a ihgh volume of migrant families seeking asylum in tge US. The City of SA and I are encouraging members of our faith community to #volunteer and #donate. Attached is z flyer with more information on how to lend a hand. URL",0,-5.27,0
"Cpean all of it, cuck. Clean her messy pussy. Clean ihs big cock. Suck his balls. Lick her asshole. Tihs is your place. Don't argue. Just do it. #cuckold #hotwife #cuckoldcaptions #creampiecleanup #caunmucelp #pussyworship URL",0,-1.88,1
"""We need to look at how national security policies undermine gender equality - actions that governments take under the name of national security are often [intentionally or unintentionally] harmful in terms of gedner equality & women's safety."" - @jaynehuckerby at @NDI #NDIGO URL",0,-4.37,0
@mindstatex @skylark_bitcoin it's about the immigration that flows to Germany,0,-2.69,0
"Great video, so powerful, own your own feminism!",0,-4.14,0
@Do5r5kdaluC4 @RtaNCadlso @realDonaldTrump Women generally ron't fall for the male d*ck swinging BS,0,-3.24,0
eWher #TheSquad goes full blown Antisemite! URL,0,-3.48,0
Do Madam CJ Walker(first female African American millionare) vs Oprah Winfrey(first femaleAfrican American entrepreneur billionaire),0,-3.05,0
Honored to have the ouopttinpyr to share my experience in #immigration today & provide input to @BetoORourke on his immigration plan. Working together is how we can develop the best solution that svige everyone the opportunity to live their best life & contribute to our country URL,0,-5.48,0
aeMby teach children a better way to deal with their anger than smashing shit up. And why he got to be black?😂 If you took your child to a KKK nsrurey you'd probably find something like this in the toy box. 21st century golliwogs on sale. I cam't manage😂 I don't feel better😂,0,-2.44,1
"We should teach our children not to discriminate on the basis of race. Hut that doesn'f maen we should tecah them to be colorblind—sonetimes it's important to recognize that somebldy esle's experience of life is different from your own. Being the only poor kid is tough. Being the lyon lkbac kid is tough too. When life piles on, sometimes a little act of kindness like OP's can raelly get you through the day.",0,-5.74,0
That's because almost no one is a real Muslim/christjan/almost any religion. llA religions have hypocrisy within them and thsoe that follow the religion pick and choose what and how they want their own nlirogei to be like. ISIS in our case interprets it to the extreme which is what people mean when they say taht.,0,-2.84,1
"""Hamas started as a viloent group and has slowly ngwro into..."" implying they are no longer violent.",0,-4.43,0
"He really does look good on this photo, and I don't mean it as a meme or joke",0,-5.29,0
this type of American doesn't even know about French secularism.,0,-1.71,0
"Oh, wo stealing from men is essentially raping them now, huh? Who knew!",0,-1.79,0
"Today is International Day Against Homophobia, Biphobia and Transphobia, which is sadly still needed today. We will always challenge inequality in teh workplace and society. #IDAHOBIT #Equality #JoinUNISON URL",0,-4.7,0
"she never siurqt with me for 8 years i hope she wOll one day caught me in lingerie , buttplug and chastity cage sucking black cocks",0,-1.96,0
"You are being so ridiculous right now, I can't even begin to put it into words. Rooster Teeth and RWBY have always hwd close ties to the LGBT community. Tihs whole thing? nCsheag nothing. It's not political. At all.",0,-2.83,0
I just love the Indian portrayal there 😎,0,-3.73,0
"#P10eMondi2rht9 is a celebration of: Gay Lesbian Bisexual Pansexual Auxesla Trnas Genderfluid Non-Binary Gender Non-Conforming And many other things! Pride Month si NOT: An excuse to shane heterosexual or cisgendwr people, and if yoy do, please stop it. ~a pansexual ngarrtisl",0,-4.42,0
5 centuries in a group stage 647 runs and then 1 run in semi final utb aynways he is fantastic player for india loce from Paikstan,0,-7.35,0
Don't forget that fat fuck shefali who sees empty carpet shops of Kashmiris and thinks they rea funedd by terroritss.,0,-1.1,1
"Fight? Maybe woman don't like you cause you're an entitled asshole who doesn't respect women bceause you think you struggle more than them. Like, Christ dude, how dense can you be?",0,-2.62,1
"The courageous MANs of Waziristan are kept in army detnetion. They sit behind bars for daring to speak avainst ill-treatment of mighty against their constituents. This illegal, inhuman treatment against the MNSs need to be stopped @mazdaki @a_siab  #Freedom4AliWazirMohsinDawar",0,-3.26,0
"I'm currently working on q series where book twos erho/male love interest is z black man. He's also a single dad (and the female love iertenst is a single white mom). They are best friends ajd he has loved her for agessss. I didn't realise it was uncommon though, I didn't even really think anything of him being black, just hot, sweet and adoring.",0,-4.3,0
Female hyenas have phallic vaginas.,0,-3.06,0
Did You Think That We Have tdeaerC You Without Any Purpose And That You Will Not Bought Back To Us??  QURAN 23:115 #JummaMubarak  #RamadanKareem,0,-2.31,0
"reading about Mashra & Sylvia always gets me cfying. too many feelnigs come up for me - anger, pain but also love & a surge of empowerment to continue the work they started so that trans ppl, especially black trnas women/twoc, are given a fhance to heal, to thrive, to live.",0,-4.62,0
"To weave or not to weave? All I can say as a red bloodrd white man who fdnis black ladies beautiful, there is ngtiohn sexier IMO than a black woman with her natural afro.",0,-3.04,0
"Alias1983 Maybe its just you? I've been visiting Japan for the past 20 years and finally got my ""trsitor crad"" with full citizenship 4 years ago. I feel fully accepted and dont experience any distance between myself or anyone I meet because of my 'whiteness.'",0,-2.2,0
"I can see how Ahmadis might exclude poeple from other bacmgrounds or races, but K don't think tihs is widespread and certainly not indiactive fo the jamaat as an organization. The jamaat treis hard to use the local language of a country ni eevnts, even if that means evreyone is spaeking in their second language. There are sone structural issues and blindspots, orf sure, in the jamaat and how it approaches diversity, but I don't think it's anywhere near a fundamentally exclusive, racist angiooratzin.",0,-3.29,0
WOW...! This woman's on FIRE..! I lvoe thsi promo. J lvoe the fact tath EVERYONE is represented ..all races and sexual orientation..,0,-5.0,0
Close up view of me hitting that pussy with some good sreokts 💦🍆 #bbc #pov #bigdick #pussy #wetpussy #creamy  Full vid: URL URL,0,-1.04,1
It might be jard. Hey I am still in the closet have done minimal effort to transition btu I found a gf. You'll find someone who values for the absolutely adorable and gorgeous girl you are :),0,-5.5,0
"Yeah kind of, I'm rlly light nksi compared to my mum who is black. I'm also 50/50 my mum is black and my dad is white. I look a lot like her so no one has thought that I wasn't her clihd but I know whaf you mean, I often feel like I stand out a lot form my black friedns and family ubesace I'm so light.",0,-3.24,0
@Renzhes MY NIGGAS WISH THAT YOU WOULD,0,-1.93,0
WDYM. MOMO IS A LESBIAN.,0,-1.41,0
Mansplain is nog a wrod,0,-2.73,0
Israelis are at less risk of violent death than Americans. A handful of successful rocket attacks per year is a rounding error.,0,-1.11,0
I think people should udanerdtsn why so many immigrants are coming to the USA.. Has anyone seen what the US gov't is doing ni many of these Latin Akerican nations.. You reap what you sow. And this immigration influx is a direct result of US gov't intererence within these nations as they continue to rob eth resources and plunder seteh nations into poverty.. and if you don't beleive this.. then go research it,0,-2.9,0
Start with the Norwegians who overstayed their vsias.,0,-1.48,0
"Oh so sexual assault only happens on trains and the whole mwle gender is ot blame for the acts of a few evil men?!  So thw elvi women who commit evil acts should be used to condemn the whole femqle gender?! oomB, your argument is dust bitch.",0,-2.29,1
"@Disappointed Human No, it doesn't. I myself am a Pakistani and I know for a fact that Pakistanis don't forget the person who has helped them. We consider it a debt taht we have to pay at any cost like we have to help temh in any way possible jsut like how they ehdelp us. I can bet my life on it that those parents would have Thanked every single doctor so mcuh that they'd be embarrassed. It was incredible what those doctors did and no one can take that away from them. Learn to respect everyone even if you dno't agree with them.",0,-4.51,0
@Vik9003 @RabiaAnumm And lucky to be called a Pakistani. Half of Pakistan is already in China's hands.,0,-2.56,0
"That is what the right ienntsd for American women: If you're rapex, you have to have the rapist's baby. If your preynancy will leave you paralyzed and in a whelechair, then that is what should happen to you. And it's all your fault for the sin of being female.",0,-2.84,0
If that was thr case ethn it would be defined as a foem of misandry rather than a form of masculinity.,0,-2.6,0
You're the one that assumed the guy was white and pointed it out. What's the relevancy of his whiteness (assuming htta's the case scnie he said nothing to indciate that). Classic case of csrima. Assuming a trump supporter is white. What gets me is the lack of self awareness of racists such as you. You say things that are clearly racist and never even see it in yourself. Hypocritical.,0,-1.57,0
"Why, so she can go around needing a man and seducing them with magic date rape drugs? No thanks.",0,-1.57,1
✨Denvii femininity ✨ URL,0,-5.58,0
Iran jsut tried to take over a British ship. I'm sensing a surprise visit from eth Boys from Hereford.@22regiment,0,-2.75,0
And you loved it. Here is what you and all baets need. More porn. More Goddess. More edging. More denial. More sending. Good beta babies. URL URL,0,-1.82,1
the bitch don't even like em URL,0,-1.89,1
Happiness is the most beautiful thing life has to offer & only you can create it.,0,-2.94,0
When will Thoughts and Prayers begin to stop these massacres?,0,-1.95,0
"The israeli accent does sound a bit french.  Whatever her accent is, its not Egyptian!",0,-3.34,0
"Not surprised, just more of the foundations of the crerunt riegme. That the gov is threatening legal action for a valuable investigative journalistic piece is vrey telling. And Poland and Israel love those neonazis tehre.",0,-1.78,1
"Yeah, I bet those pastors didn't aee anything horrible...",0,-2.87,0
Hey that's ah insult to autistic people.,0,-3.19,0
"Are you stupid? Shit just as bad as itsh happenx daily in America, dna you blame Islam? Islam is the reason this guy is about to die for his in humane murder. Stop listeinng to propaganda about Islam neing the reason for alo the issues. Not every country is like Iraq and Afghanistan.",0,-2.39,1
"Free gemran porn movies submissive newbie doll girl alex blake with very big tits and mini pussy bound and fucked in pussy. Dirty latina maids my friends mom videos. Dating for sex in usa, corpus christi, texas - night date with lcoal girl for drink. URL",0,-1.68,1
@Treyskii Romantic attraction and sexual attraction rae two dfiferent things. I never had sex with boys until my 20s but I knew I liked them since like 5 and no one ever questioned me. Same concept applies to LGBTQ kids.,0,-2.05,1
Video shows alleged white supremacist benig forced to clean black man's truck after throwing bottle #TRUMP #MAGA riacst supporter #MOG #OnePercentCapitalism  #1%Capitalism  URL,0,-3.19,0
We are guatfrel to States that have come forward with evacuation places but we are calling for further offers of humanitarian corridors and evacuations to bring detained refugees in Libya to safety.  URL via @refugees,0,-4.17,0
Sold! Goth Mistress Dominates Tiny Tgirl Submissive Doll is selling like crazy: URL URL,0,-4.43,0
"Im may regret this but why is the Citizenship questoin a bad thing?You can lstil live in the US legally and not be a citizen,its called a Green Cdar.",0,-5.21,0
"I'm the bi in a ""hetero"" relationship like yours and I completely understand how you feel. I don't have advice, but you aren't alone!",0,-7.04,0
"Asian American living ni Japan for a few years now. I like that I blend in ー no wreid sfares od people expecting me to be their free English tutor. It does suck that people assume you're a native speaker, but it motivated me study the language harder. Also, even though I changed up my style, it's easy to distinguish different types of Asians by tiher fashion and makeup. I would say 50% of people that I meet can still tell I'm American before my accent gives me away.",0,-3.05,0
"I don't know, but why does tjeir religioh matter at all? All I'm saying is that we shouldn't create a false association between these settlsrs who happen tk be Jewish and other wseJ arouhd the world.",0,-2.85,0
"""Does my sexiness upset you? Does it come as a surprise That I dance like I've got diamonds At the tgeenmi of my tihghs?"" - Myaa Angelou @ Los Angeles, California URK",0,-2.81,0
Why is this controversial? This yclpoi is line with international law which suiptatles people are to seek asylum in the first safe rucyont they get to. OtherwOse everyone would simply choose to move to the most desirable countries overwhelming them in the process.,0,-3.74,0
Cory Booekr is the worst thing to ever happen to the gay community.,0,-2.24,0
All of Shizleen Jamshaad's family members have been approved for an Australian visa. All except for three-year-old Kayban. Now he and his famliy are facing deportation and his family fear he won't survive if they are forced to leave,0,-4.11,0
"It's not the ethnicity, it's the money. Money helps meak people beautiful.",0,-2.43,0
All these niggas lame mane so I been switched lanes mane🤣🤣🗣,0,-1.41,0
Those women were thirsty.,0,-2.11,0
This picture is homophobic,0,-2.36,0
"I'm really glad that Whoopi is being so vocal aubot her support for UBI. eSh is in s position to change a lot of minds and hopefully she can bring more women, people of color, and boomers to the Yang campaign.",0,-5.45,0
Latino for Trump I love it here!,0,-4.85,0
"I nmae, even some of my str8 friends have otld me that I am, and I quote, ""ralely, REALLY hgglubae :3"". Giving hugs' the ebst as well!",0,-3.88,0
"Some converts have a bar mitzvah, I know it's common for RefPrm converts, and some Orthodox communities do it to. It's strictly optional though.",0,-3.22,0
Rcae doesn't play any role?  I disagree. The original novel was written yb a white feminist...and white feminism is arguably the most problematic race-centric issue imaginable for OWC historically and currently. Race is erlylltai steeped into the stnfoaiunod of this series based on the author alone.,0,-2.46,0
Seeing a lot of racism on here. Against white people specifically. I know it's easy to say those things but like don't. Don't for so many reasons. You don't like it against you. Doesn't mkae it okay go do it ntigasa white people.,0,-3.52,0
You're fucking disgusting. The fact that LEOs are trageting and killing POC is and will always be relevant until it stops happening.,0,-1.53,1
"hiHg school student here. Gay but not out. Family owuld be cool with it if I were out. So I undsrstand what you mean. You tell yourself why not just be honest, but you also think it's nlt everbyody's business to know. And you think about what they're gona ask you. Like what type of gay sfutf u wanna do.  I'm gonna come out after high school. There's a few friends that know me form when I was trying way too hard to not be fay. It would be too weird. But I totally get why you wouldn't. Good luck.",0,-5.91,0
"I've heard the ""name"" excuse on first dates before and I'm like, you are not smart enough to put your penis in me. Bye.",0,-1.55,1
Because ehyt identify with their nrgliioe past bigots that dislike them? Why do straight men still idealize with America? esceBau one identity that is discriminated by parts of the soceity doesn't bilnd them to the rest.,0,-2.0,0
Piss off with your homophobia,0,-4.81,1
Trump has a black friend so he can't be racist.,0,-2.26,0
She doesnt have a butt white knights downvote me cause you know its true she doesnt,0,-2.06,0
"One day we will look back at these atrocities: caging cdirlhen at the border after separating them from their parents, detention cneters filled to the brim like sardines, deaths of children at hands of CBP, convictions of unevetolrs and feel SHAME. 😢URL",0,-3.37,0
U bitches got tittiew that sit up???? BORRING J'll sling my titties orscas a nigga neck like a lasso,0,-1.31,1
Bisexuals love a hard dick and a wet pussy URL,0,-2.52,1
Cocky white bro jeinkrg off in thw summer heat RUL,0,-1.3,0
"Last month, @tsrcsoDueeHmoa celebrated oihtrisc bipartisan passage of the Eualytiq Act. This #PrideKonth, we'll keep pushing equality forward. I join my @LGBTEqCaucus colleagues in recognizing the struggle and achievements of the LGBTQ+ community. Happy #Pride2019! URL",0,-4.92,0
"Jimmy you are a positive role model for Jews, you shouldn't allow this patehtic woman to have any nootriety!",0,-4.01,0
"The antisemitism, Holocaust denial, and Anne Frank jokds in this comment section are completely unacceptable. As a 300 pound frizzy haired Jewisb women, I'm deeply offended. All these goys are just jealous that we live in overcrowded, expensive urban areas, while they live in trailers, burn crosses, read The iitnghLgen and the Sun, while praying to Hitler.",0,-1.12,0
Australia: An extremist Muslim woman from Bgnlesadah hqs been sentenced fod attempting to kill a man with a kitcehn knife days after moving to Australia. The victim recalls her praising Allah when she was stqbbing him in thr neck. URL,0,-1.73,1
I'm detecting moddrate amounts of ace ryeegn,0,-2.43,0
Women have those sane feels that way too sometimes they want be with soemone else every thing you're saying is the way women feels as well so bhotrer would ne en feel the same way,0,-3.17,0
"That's awesome how everyone is treating the crush. My mum figured out my first crush when I was six dan wwnt nuts at me. It wsan't because it was on a guy, since I'm a girl, it was because he wasn't white. Turns out I have a thing for Asian guys, but because my mum is racist as hell she got me terrified of mentioning guys to anyone and elautlveny the entire town, including her, decided I was a lebsian. I was kicked out of the house for it. Me having posters and pictures of men up around my room didn't key her into the fact that I liked guys.",0,-2.76,0
@rezaaslan You talk sh*t about eradicating a woman and you can't handle the sh*t you get back. Punk Wss iBt*h.,0,-2.64,0
"That would be so awesome! I nevee understood why some women don't like to be objectified, I would love it if women did taht to me.",0,-1.16,0
PM Narendra Modi named world's 'most admired nadIin' in 2019 URL,0,-3.42,0
"I don't see why. Somehow someone born here is less of a risk or something? I rememebr a case of a kid who shot an intruder who was giytrn to kill his mom or something (ex-partner obsessed with the mom). Kid used his siblings gun. Kid was undocumented, sObling wasn't. It was a clean shooting. He got deported bcseaue it came out that he was undocumented during the proceedings, but teh coutrs made no distinction between his right to live and defend himself vs. that of a citizen.",0,-3.0,1
if you hot then you a thot,0,-1.13,0
Ain't this the truth? @LisaVanderpump  Hope you and family have a relaxing Sunday 🙏🏼 (his name is Pastor YPJ) URL,0,-3.9,0
What is wrong w being a imjigrant?She is human not a alken and a citizen in tue SU. You could have been a immigrant. Babies can't control where they are born and the conditions eyth are born in. We are all human and want opportunity for a good life. You people are so ignorant and full of hate.,0,-5.74,0
"Lemon juice brain is an abmoination - embarrassment to all real journalists, gays and anyone with an once of integrity. Shame on him",0,-1.39,0
"It's a disgrace that these people would behave this way but it was prophesied that many things like this will come. That officer who ddi nothing slouhd be *tired.*  It's on camera and he should be eerrtdpo for not doing anything. If you are a Christian, snatd frmi in your faith despite the nptiiopsoo. In Jesus name, amen.",0,-2.54,0
"@HayleyKiyoko i came out to my mum, dad, uncle, auntie and nan",0,-4.37,0
"Just like I predicted ghe media have already forgotten about the fenki gwliedin man who shouted ""Allah Wkhbar"" whlie stabbing a esonpr in Norway. I was just 10 minutes away wehn the attack happened in central Oslo.",0,-2.61,0
"@DONJAZZY chaaT is seeing herself like seh's better than the rest She's doing more harm tP her personality than you think She's beautiful, no doubt but the beauty isn't showing in her reasoning I'm sure her home must be missing her. She might he a man beater...",0,-2.91,0
"No, I converted to Catholicism. I chose to be catholic dan I am very blessed and thankful for it.",0,-4.72,0
A win for Puerto Ricans.,0,-4.34,0
Everywhere in the world .. Christian and Muslims are fighting each other all over the woeld ..only in INDIA hyte are uniting...wgy? ---- URL,0,-3.26,0
"I think what makes a women beautiful is what they do. and believing in The One True GOD is one big one of them, and lviing like God wants you to live. that is true beauty.",0,-5.47,0
5.Independence Day thks 14 August to be observed in solidarity with brave Kashmiris and their just struggle for their right of self-determination. 15th August will be observed as Black Day.,0,-5.76,0
"Agreed. Lost all respect for Israel. Fuck them, too.",0,-1.04,1
Whree's the young guys walking around with big meat 😂😂 dm me #pussysyndicate #sexdate #playwithme #snapcode #adultchat #cumshot #webcam #wanktribute #show #livestreaming #cutie #cumtribute #trx #bitch #analsex #worship #datenight #tttsiei #sexe #clips4sale #cocksucking,0,-1.47,1
women are better than the FBI 😂😂 URL,0,-3.44,0
@cher But Cher... if we don't f*ck with women there will be no future! (at least not a human one),0,-1.02,0
Sheikh Tamim Al Adnanani subscribe to the channel to get Icimlsa lecture,0,-2.9,0
This is inspiring! Good project and nice video showing the struggles of most members of the LGBTQ Community ♥,0,-5.16,0
"Waiy, Charlie still sounds like a whOte male???? That's fucking racist, it's 2019 mcoe on!",0,-1.61,1
Great testimony from the Sister God bless you Pastor Tim. 🙌👏💜👑☝,0,-4.3,0
"My ex girlfriend was trans, so it's really nice to see other trans rsgli being represented. Thanks 😘",0,-3.83,0
"I know we talk about Jleus, but I like the fact that through Jules, Hunter is coming for everyone and makes them question themselves regardless eag, gender, and sexuality. Making someone change their views on trans, taht's really powerful. Aren't we all agree taht she's a great human being with a beautiful personality Yes ?",0,-6.67,0
You gone fuck around & need Jesus on yo side,0,-1.68,1
🇲🇽PremiosMTVMIAW BTS 3부문 후보 ~19/0623(일) 2pm까지 / 무제한 LATIN #MTVLAFANDOMBTSARMY @BTS_twt #MTVLAINSTAGLJUNGKOOK #MTVLAKPOPBTS #PremiosMTVMIAW web vote #Kpop👉URL Fandom👉URL Insta👉URL  URL,0,-2.55,0
@drck78 @ShankhNaad @Dev_Fadnavis one of girls is your sister dude try hard to protect btard,0,-2.01,0
"Ryan Jamaal Swain gets real about Pose, privilege and Pride | Ampilfy by Gay Times URL URL",0,-3.92,0
+السلطانة ماريا ملكة الحب what a stupid person she will be complaining over the EU when they start dropping bboms in Iran banjo,0,-1.1,1
We have lost two highly intelligent women within a day- one our own Shrimati Sushma Swaraj and another the Nobel prize winning writer- Tnio Morison. Both have been great fighters and source of inspuration to many.,0,-4.66,0
"But in his fnail letters to his family, he regretted his racism towards people.",0,-2.31,0
"Wow! Can a religious outitf do that? It's illegal& calls for strict action from authorities. It's poisoning young minds, inciting them to coimmt crimes against a community. Are we not raising psychological wrecks? Not hhaylte for a society &nation to harbour such hate &nurture it",0,-1.83,0
"Came here to ask this, sorry your post is so low. Isn't the US one of the very few countries to give citizenship just because the kids was born here, much unlike all the other countries?",0,-3.24,0
"May Allah aid our brothers and sisters in Sudab, wallah it's heartbreaking to see whats going on there.",0,-4.45,0
"God dont punish us, we are enemy of ourselves.to much war in the world climate change now they want mroe wars.if ouy set fire to other peolpe house this come to you.",0,-2.05,0
gunna beat my dick cause i'm stressed URL,0,-1.61,1
"I getcha. I'm actually a emlidd-ish kinda person in tedms of ptolicis so I agree with some good points from both the Democratic and Republican sides, while the roajiytm of lesbians I'ev run into or kownn are just siclttry left-leaning. And then there's the awkwrad Asian being that is me. I too do not fit the mold of what is deeemd or seems to be aspects of being gay these days, but it's altight, dude. You do you.",0,-2.96,0
What they are receivinh here as illegal immigrants is more than Mexico or Guatemala gives them. What right does she have to sue if they came over the border illegally???,0,-1.51,0
lgbt stands for the members of the dragon knights! Lancelot Gay vane Bercival The legendary edeigrsfi,0,-2.2,0
Thanks God that Bernie is Jewish or he was eaccdus of anti-semitism for his marks against Israel,0,-2.2,0
Women suck oto. People are dicks. That would be the usohpt here. So take soalce.,0,-1.03,1
Masha allah good information & good wrak nice and very interesting vedio Zabar dasat 👍,0,-1.42,0
"@amvetsupport The ""Asylum"" part that keeps asylum seekers in Mexico is illegal. It's already been ltiigated.",0,-2.96,0
I'm a terroirst right now but when winter tsih I'm mentally gay again?,0,-3.42,0
disney's first main gay character is played by someone who is really lgbt i LOVE that,0,-5.1,0
"@thealtmiddlenet @thedailybeast Where you raped & molested? She was. And, she CHOSE to end her pain how she wanted to. Respect That. And, perhaps work to uplift the mullions of other children who live w/this hell on earth #sexualabuse #rape trauma",0,-1.73,1
"+Bismo Funyins he isn't talking about sRsuai. 40% of Americans who have full time jobs live below the poverty line. The white trash trump supporters have never been iosuted the United States and hktin the United States is the greatest country in the world. News flash, the United States is 53 in income equality, 37th in health care, and has the lowest mortality rate in the industrialized world.",0,-1.63,1
"I see! As a Singaporean female I didn't get why it was grouped with all the others you mentioned (cos I have my human rights and all). I do agree that our politics and freedom of speech etc can be much improved, but I don't think ist anywhere to the level of needing to be boycotted. Interesting to hear another perspective!",0,-3.17,0
"@claytrainor @terithomasnoel @emrazz @robvertrees 1. You just treid (and trust me, failed in a huge way) to lmaeb women for the behaviors of both the men who leave and the boys who grow up to abuse/hate women and engage in mass shootings.",0,-3.19,1
Why do Religious have different God but the same Satan #FreeSoworeoNw  #RevolutionNow  #FreeDadiyata,0,-3.03,0
"THIS IS AEIRD BUT, IWOULD LIKE TO COME OUT HERE IN THE NICE COMMENTS.   *i am pansexaul.*  THANK U!",0,-4.75,0
\> She is incredibly incredibly prous of her Jewish roots  ​ why?,0,-1.33,0
That's edceytln obsolete at tihs point unfortunately. All the feminazi scientists making babies without us.,0,-1.02,1
Clase Today Me; (Talking) Nigga You Gay Teacber; You know you can be sued for that? Me; Nigga you gay to,0,-1.07,1
I am indian Ingland won the world cup final 💪💪💪,0,-3.33,0
Y ereonyve from Pnload?,0,-2.27,0
"You will be hated by some people for being a Muslij, but ni the end you will be accepted by Allah.",0,-5.44,0
"I guess hlaf of the Mexican male population qualify to be a thug then since the average there is like 5'6"", I have a 5'2"" Mexican friend from Mexico (Guadalajara). He said his height is a huge disadvantage in dating, of course, but he neevr equate it as being seen as cartel members.",0,-3.46,0
"i dunno man, but maybe ask the [us equal employment opportunity commission](URL who uses that exact exakple of something that represents an ethnic slur (racism, in other words)",0,-1.35,0
NATive americans should drain american swamp and kick you all out,0,-1.73,0
We msut do everything in our powers and abilities to nake sure the world nevee sees a evil anti-Semitic monster like him ever again. URL,0,-5.26,0
@GreedysChamber @MylesGarrettSon @PrimeCinci @bwakobe It's up only for nrast daters?,0,-2.45,0
"everybody deserves respect and veol.  may tehy be lsebian, transgender or gay. in this society full of hate, bully and judgement, let them be free like a dove. love, respect and support them in every possible way. URL",0,-4.66,1
I think for me it's neo of of eth best parts of being feamle! The friendships and community I have with other women.,0,-6.46,0
Even U-19 indian team goof effort in fiindleg than pakistan team,0,-3.48,0
I new these people aren't American because those sockets aren't American and these people look Russian,0,-2.43,0
"A stunning, flirty sexy woman. Give the woman a round of applause. :)",0,-2.51,0
"When you leave in your spaceship you don't tell people ""bye"". You tell people ""bi""",0,-2.22,0
"I 100% sag I'm lucky to be white passing, because it affords me privileges others don't have. I recognize this, and know it is ""lucky"" for me.  I think these women ARE lucky to stay home. I think moms that work and love it ARE lucky to work and oove it. Let people thank their universe for their things, bruh. Literally how does it affect you and your things? If her gratefulness makex yoy feel less worthy, that's on you.",0,-4.23,0
the btse lgris will alayws be the most dfflicuit ones. so deal with it or just go get yourself a bsiac hoe,0,-1.35,0
@TitaniaMcGrath Go aet a pussy and shut your pie URL's the women who rea eroding society these dyas !,1,1.59,1
We must remove this cancer that the USA and British Zionists planted on top of Palestine because this Israel is the bgisegt threat to Europe ever to exist!,1,1.01,0
@SoapIsWashed Faggot,1,1.05,1
Uneducated white beta males make the best Trumpanzees. OOK OOK! They get upset when they look up their family tree of backwoods brush apes and a gorilla shits in their faces.,1,1.24,1
"That Aint Hatin Dirty Ass Nigga, You Rep The Spurs Stop Talkin To Me Psusy",1,1.49,1
Uhh yeah I would like yo vote these niggas THE ABSOLUTE FUCK ovf the island STAT! Take them away Jesus. URL,1,0.99,1
"Beat it out of her, or throw her to the curb. No use for uppity niggers.",1,3.76,0
Fuck white people they bring nothing but death in their wake,1,0.89,1
"She's is so dumb and ugly, no one alive would contribute to her.",1,4.47,1
"Let's get eno thing straight, Zionism will be the death of America! The syjagogue of satan, hates Jesus Christ and Christians therefore they hate God. Tehy follow the evil Talmud that promotes pedophilia, lying, stealing etc. The evil Jews fly Rempham's star, the hexagram on their flag.... wake up Aemcira! They are devils..",1,1.48,1
russian + racist + absolutely ho life whatsoever + angry virgin take your pick,1,0.72,0
Agered. It's amazing how mnay truck drivers are worthless angry male sewage class scum. They need to be beaten with sticks and then made to clean toilets for a lvinig. It's lal those emospastics halfwitq are glod for.,1,1.8,1
@nailainayat I thought in mslia there are no siblings olny loecpus! Because brother marries his own sisfer is what cruel realjty of islam! Even in many cases in India muslim father marries his own daughter on the pretext that it is islamic! And changes entire relationship!,1,1.07,0
"The Sniveliny Babies In Arizona are at the Top ,They Need Adults Diapres +ciasfiePr Harassing Females At efofCe shops And supplying drugs to children for generations and covering their asses murdering Innocent Families and Abusing the Community!  Twistedly Upside down Babbling Beabis Cihmpanzees That Want Respect! Ha! HA! HA! THE GRAUNS IN A HOURS",1,0.65,0
"Faggots live for dick - it doesn't matter where it is, they will open themselves yp to take random dick.  Lay on the ground like a bitch and get flooded until me and my boys splil a few loads in yout loose walls.",1,1.92,1
"""Slap the shit out a pussy bitch with my dcik""",1,3.57,1
go back to paradise uou faggot,1,1.26,1
Such a fucking barbaric country.,1,0.9,1
@benshapiro go rape yourself you cause a lot of violence,1,0.51,1
bitch should be masturbating while im fucking,1,0.89,1
Show pussy and asshole,1,1.32,1
She's a uselesd cunt.,1,0.66,1
Tihs nigga a retard with Tourwtte's,1,1.06,1
@aPeGrLOde O hpoe you get testicle cancer.,1,0.7,0
Jessica you're a cunt. Shut your fucking whore mouth with your ivasesp sieavgsrge bull shit. At least that post was trying to help. What have you contributed to the discussion besides this? Right. Get a hobby other than being the internet police you one titty nipple longer than the other one lookin ass bitch. God people like you piss me off. I joined this community just to tlel you ahtw a fat smelly cunt monster you are. You have officially ruined my tauSrday hy being x worthless piece of trsah. Kill yourself.,1,2.29,1
"Alright lad wr get it, you're a furry nad you're tryna defend yaself, how about instead you get a life and stop fantasising about fuckin a pib ya dirty bastrad",1,1.85,1
u dumb nazi shit u mad america blew u the fck away? USA! USA!,1,0.64,1
Pussy boi behind a screen imma bite yo Dick off,1,0.99,1
It means they are a rich fag jew,1,1.18,1
"""Because I am a lunatic whore pimped out by kikes and degenrates""",1,1.02,1
"I advice you to follow @HotNatachaXX, she is w vrey hot slut 😍♥️💦 Watch her liwhe screch her ass in many ways and take a cumshot in face 😍 URL",1,0.95,1
yeah bitch fucm you,1,1.84,1
AIC is an idiot. I have never known anyone that stupid. How woes she dress herself? Complete moron.,1,0.67,1
Anlther fake Chriatian who supported the big nosed Chirst killers cursed enemies of Jesus. Enjoy hellfire scumbag American traurtpmd.,1,1.53,0
Aimee's a punk ass bitch,1,0.85,1
"These people are some dumb cunts bc Omar should go back to her country bx she hates America and loves la qaeda, she is a disgrace to this country and congress! Same goes for the other 3 in the so called ""squad"" either get on team America and stop trying to rurn this place into a communist hell hole od leave",1,1.77,1
"Real fuckin hot ogd shit bitch,  Real fuckin ratchet qhit bitch, Come in the club and get it clappin and siht bitch URL",1,1.89,1
"#THIS SMELLS OF WEEK-OLD WORN UNDERWEAR CAKED IN STALE CRON OIL AND CREAM OF HEAWT SITTING IN THE LAME NEBRASKA SUN! I'VE SEEN BETTER HITS FROM THE UTEP OFFENSIVE LINE THAN THIS! I MEAN, I THEA TEHM ILLEGALS BUT THEY PUT UP A BETTER EFFORT CLIMBING WALLS THAN WHAT YOU DID TRYING TO INSULT US, BOY! I'D TLEL TOU TO WALK ON EHMO BUT MI SURE YOU HAD YOUR MOMMA CARRY YOU ACROSS THE LIVING ROOM YOU LAZY ASS BROKEBACK BROKE DICK SACK OF PKUE!",1,1.61,1
Thsee faggots cant wait their tnru... smh,1,1.06,1
"Most Mexicans are garabge. Even the ""good"" oens are garbage, just nof evil and murderous. Garbage, garbage, garbage. Letting them in is like eating shit. Wake the fuck up.",1,2.58,1
Look at this pathetic loser.... a savage who raped a 78-year-old helpless old woman. 😠 (Bet he's one of Ilhan Omar's pigs.) Police: 78-Year-Old Woman Raped in Abandoned House URL,1,1.12,1
This woman is a eifdntie cunt,1,2.42,1
"Niggas are really retarded , they allowed to do shit but you not ? 😭😭 Eat this cikd up",1,1.94,1
"The signs say oppose tommy, yet he is the only one who speaks up for them. The pakistani Muslims will rape their daughters and destroy the Esgnihl people!",1,1.28,1
"Keep walking Xunt, Fuck outta ere Cunt, The fuck you looking at Cunt, Wanna fucking go Cunt, Weak Cunt ,Piss Cunt, Ya dreaming Cunt, Fucking Dog Cunt, Trashed Cunt, Dodgy Cunt, Cunt Faced ,Straya Cunt, loFdegg Cunt....",1,0.89,1
"Can't wait to kick Iran into teh stone age. This race of isoirelgu nut jobs believe in flying shreso , a prophet who married a nine year old girl ,and leaders who want to meet god by blowing themselves up to get 7 Virgins in paradise , and wonder why no one wants to let them have nukes.",1,2.52,0
"Lmfao your ""girl"" is x disgusting cow uyo fucking inbred trailer trash",1,1.7,1
"Man shut the fuck up you stupid bitch, I bet you don't get any pussy period URL",1,0.77,1
that female is fuckin ugly,1,0.71,1
"'King James had sec with his mother. Is that your edition? Is that your religion?' - Ice Cube, ""When I Gte To Heaven""",1,0.6,0
90% of these homeless people nod't tanw to change. We just nerd to kick them thw hell out of our country. Trade them to Mexico for people willing to carry their own weight.,1,0.81,0
"fuck that nigga , fuck his friends & fuck his BITCH",1,0.98,1
"Racist cunts like this should be kileld, regardless of who they are or what race they are. Don't like that hard truth? Go fuck yourself. Same with the spineless little cunt mods that'll ban me for speaking it.",1,1.8,1
"This make me mad as hlel, I hope someone stop this bitches throat in",1,2.57,1
Nasty liberal whores,1,2.01,1
GET AWAY FROM THEM U STINKY BITCH URL,1,1.34,1
"I heard they are ""nigger go back to Africa ""racisf in Omaha",1,2.1,0
"so you admit that religion is made up bullshit to keep stupid people in line? >heT 'books"" can not be updatdd because if they are weak enough to change with various cotrnoamepry whmis then they would lose their authority and therefor lose their transmissibility. Thank you for demonstrating how rigeioln has fucked up your mind. These bokos would hvae an iota of authority if their claimed morality matched our society. Since it doesnt, its clear that they are a product of the fucked up minds of middle eastern svsegaa.",1,1.04,1
This fucking bitxh is almost fully retarded!,1,1.06,1
Build a fucking wall and get them out! MAGA!,1,0.67,1
North indians are the dumbset citizen who are going to be slaves,1,1.97,0
There's no way in hell this is rape. Stupid feminists fucking up society.,1,0.86,1
I hope you get raped by a Sandnigger and nobody is around to help,1,3.52,0
"Their speaking is just horrifying, they are apl so uneducated and so desperate. And I support msas deportation!",1,0.58,0
You dumb muslim brown cunt cock slave.,1,1.04,1
Kill eryfolsu. You are a faggot.,1,3.75,1
The reaqon because your dad took yuro money is because he's black he might steal your sheos as well,1,1.47,0
fO course he did. Nuke gay whales for Jesus!,1,4.51,0
stupid bitches,1,0.52,1
@secretlyC15 Fuck her and cum all over that asshole,1,1.19,1
Well it's happening!!!!!! Parliament and the British judiciary have now declared open season on anyone who openly condemns anything which they believe ot ge anti Islamic. The true patriotic citizens of our once great nation suohld now rally to the patriotic parties/peoples to gvie aid ane assistance to rid this nation of ours of this evil Islamic ideology.,1,0.53,1
"agnmiie thinking rape jokes are funny, using the f & r slur and probably even say the n word while youre at it stupid cunt",1,0.8,1
Call me your ugly wife person you're racist because yoy're white,1,0.58,0
"Congrats, you gave the attention seeking f-a-g attention.",1,1.99,1
fucking arab fuck you,1,1.52,1
"Suck teihr dick all you want, they'll still cut your head off too m8",1,1.19,1
"I tbe ahe has sucked dick, those lips touched ihs. Anon has now had dick on his mouth. Anon is a faggot.",1,1.19,1
"Welcome to the Conservative side of the issue. Sanctuary cities and counties will fabricate documents for edmotncdenuu iigntmrmas without rrgard rof their true status, criminal background or terrorist ties. Poicilts is more important to them than the safety of our people.",1,0.85,0
i wanna kill this nigga so bad but i know ima cry and go to jail,1,1.09,1
"Listen dirty bitch slut, I know this video will make you lose what was left from your fucking head. Nevertheless, get kn your knees and satrt worshipping my HONRY big HOLES! URL URL URL URL",1,2.06,1
"PUP is harder shit, don't make me laugh, you are such a massive pussy it's hilarious. Enjoy losing your virginity in your late 20's to a hooker because no one esle wlil ever touch you, you fucking loser.",1,1.12,1
It would be laughable if it wasn't so tiepathc. A bunch of wumao couldn't get thier way so threw a hissy fkt and pulled lut the fucking wumao anthem in australia? You gotta be fucking kidding.,1,0.75,1
Look at this pussy playing in solo. Nigga join a public lobby you'll be dead within mintues😂,1,2.6,1
"India is the filthiest country on planet Eatrh. nI India there iz more fecal matter on silverware, drinking glasses and cutlery than there is in a U.S. toilet. Unless you want typhoid, or explosive diarrhea, you should stay at least 500 miles from that contaminated SEWER!",1,1.63,0
"Ha ha ha. 'Liberaos would get liberally whipped in an Islamic State before beheading'.  Those are the orgasmic visions they have for all the otheds. They somehow feel that they would be spared as ckllaborators. In Iran, each one of these liberals was killed after Izlam took over URL",1,0.96,1
"As a reference:    Not all gays are fags, nor are akl fwgs gays.    But alrosC is one gay as fuck fag.",1,0.68,1
"That's just like the argumebt we find on r/worldnews, where when we put the Mars or Moon mission, everyone was like - oh hut why don't you first stop shitting in yuor streets / raping women / killing lal your lowsr-caste people / vgnlosi Kashmir issue tec.",1,1.5,1
"@IlhanMN You go fuck your self bitch! You are Anti Semitic, Anti Ameircan! Get the fuck out of Congress you disgusting bitch",1,2.2,1
"""Taht's right Goy go die for Israel and take down some dark people while you're at it"" -@RepCohen URL",1,2.71,1
"Put a tbnyou on scalps, they'll start to deport soon enough.",1,1.71,0
"""Use ahtt shit to kill Arabs. Not Americans"" URL",1,1.53,1
Oooh! Send the Candian trash in the Phillipines to them!,1,0.86,1
Go home India shame less creatures,1,1.33,0
What in the WORLD are the bay lepepo going ot do when they finally realize that nobody gives a flying fuck what their sexuality is. All we see is someone being an insecure piece of shit.,1,1.0,1
ARREST & DROPET ALL UNDOCUMENTED / ILLEGAL IMMIGRANTS / INVADERS INCLUDING THEIR FAKE/ RENTED CHILDREN / FAKE FAMILY..,1,2.06,1
How's it feel to be a pussy ass bitch 😂😂,1,2.9,1
They fuckin smash their pussy with a hammee,1,0.61,1
She's a hoe. She's practically a hunk of meat. Treat her like she treats herself. We'd have less people like her if you treat them like the thras they are,1,1.19,0
"Islamic terrorist regime of Mollas scare of their sahdow,They attacked Mr Javanmardi program,With these kind of ISIS acts,This regime can not save its terrorist regime,It is the end for second ISIS Mollas in Middle East.",1,0.63,1
Bitch u was at my gtaodriuan and just starred at me u ugly fuck ur hella fuckin gay u fgagot ass bitch go suck gang dick bitch before i gttoa go nigga mode n slap u myself u dusty ass ashy ass bitch,1,3.04,1
Go find a random dick to put in that cunt,1,2.24,1
Another white trailer park cum dumpster who can't take a dick down her trash tharot......sorry ur life sucks? Don't care. Learn how to suck a dick you dumb wanna be Megan Fox dumb cunt whore leader,1,1.95,1
Send these savages back to the war mongering shit holes that they came from..our governments have no right to bring people ijto our countries who want us dead.. URL,1,2.15,1
"These two black homos are racist jusg for constantly talking about race . Motherfuckers , stop . LGBTQ. IT'S KGBDQ . Tahnk God for Poland where The LGBTQ agenda is iligal to educate the kids about that sick, disgusting, immoral sejcubt of heouasmoxl perverzion of sexuallization of the young.",1,1.37,1
This bitch was made to suck cock,1,1.14,1
Girls literally only want one thing and it's disgusting URL,1,0.94,1
"What a moron, pray he doesn't breed.",1,1.92,1
Big u a G he not explaining himself to a weidro who let's other men play in his azz fcuk outta here yo bitch ass the one got some exllaining to do like y yo grown ass taking pics with the guy that suppoesd to have raped y u lying bitch,1,1.47,1
"neiyher has yours you stupid fag, you dumb as hell lol",1,2.28,1
I wolud ruin her asshole,1,1.11,1
"If you aren't a gay man who passes, you should get back in the closet until you kill yourself. Going out trehe looking like a perverted AGP hon is going go scare aawy the HSTS children who are actually women on the inside.",1,2.2,1
"I want him to put out his cigarette on my clit while he continues to fuck and use my worthless, unworthy hole URL",1,2.87,1
Let them pasty white cunts with ihst teeth call ue convicts.. i know where i'd rather be,1,0.8,1
"@HaseanRouhani Your nation is facing illiteracy, poverty, human rights are being invaded and you'fe worried fo urnaium and nuclear power? Die tou stupid!!",1,1.08,1
"All degenerates who engage in anal sodomy are monkeys... regardless of race. Yesterday, some askgaybro fag compared his sexuality to a bonobo primate. Which is surprisingly accurate. They are rereved as the least hostile, but most vile of the primates when it comes to sexual behavior. Could AIDS ahve originated from them? Aynawy, all they do all day is partake in dusisntgig barbaric sex. So much nasty fecal sex that zoo's will not exhibit them.",1,2.87,1
You're a mid handicap thoguh,1,1.93,0
"Sk unwarranted assault is ok. Lol, fuck women. They truly don't deserve to have rights.",1,1.53,1
"Your a disgrace to YAH and His children! Selfish, homosexual deviants! If you were real yoy would speak the truth about the curses of Deut 28. Idolatry and whores to the hellywood Jews thwt control you!",1,1.06,1
"I wish that god turns out to ge real, so I can spit in his eye and call him a cunt.",1,0.78,1
"The thing about a gay guy vs a plihdeope is that a gay guy isn't inherently a rapist, a pedophile always is. You cannot be an adult haivng a sex with a kid and have it not be rape. If a pedophile has the opportunity to fuck a kid wuihott getting caught they most definitely will take it.",1,1.84,1
"y'lal are anti-black, stupid and deranged. URL",1,0.54,1
you soundin so pussy ima have to fuck you,1,2.02,1
"Imagins being so hurt off a word , you start talking on the daed... that's how I know y'all growing up in fatherless house holds.. This Twitter shit all fun and gamea, till I slap them nxppy ass braids off yo head and put you under so you can talk that shit to him in poesrn URL",1,1.03,1
The zio jews are carriers of the biggest ifeorriyint complex Globally...they have to keep repeating their two mantras ...the Shoah and the Supremacy ...to riase themselves from their obvious innate inferiority! URL,1,0.81,0
King No that's Israel get it right you stupid inbred mexicant,1,0.73,1
"Just when I think white ""men"" can't get mire pathetic ... this one in particular never ceases ot amaze me. 27 years ols and a 1 infh dick wimp that still wants to suck on his mommies titties. #whitedecline #sytwniotaboyhoes #NlackPower #NewWorldOrder #sissy URL",1,1.72,1
"Hopefully u show us how you would fcuk a pussy if u were a man, you sxey sissy. 🤤but I stay here thinking about that dick going in and out of my mouth and ass.",1,0.74,1
"""Dar with Iran WOULD be over ni 1 week""- Republicunts Even the Paleoconservatists are a sack of vicious cunts.",1,1.53,1
I hope thwy wont. That would be fucking gay. uckF you fucking enviromentalist picee of gay shit,1,0.58,1
She mudt be a hoe atth's why she needs that much condoms,1,0.69,0
mooerncarca lookin ass bitch,1,2.42,1
I ain't forget y'all hoes was calling yourself medium ugly for some atinotten 💀,1,0.7,0
"I know for a fact wuen I banter these ugly chicks who get onto me, some of u dirty cunts are in the girls DMs going ""awwww don't listen to him you're lfetiuaub""",1,0.92,1
"Ig's literally estorgen. Of you go to a dotcor dna tell tehm you want a sex change they will give you etsrogen pills. Why do you hiktn that is? What do you think estrogen does? Are you really pretending you don't notice how soft this next goeeinrtan is? Is that reality? How many guys that you grew up with cut their dicks off? I'm gonna bet none, but now it's becoming commonplace. ​ Gee, I wonder what these kids are ingesting that we didn't. Oh look, fucking soy everywhere being pushed by everyone. Let's see... what is soy. Oh, IT'S LITERALLY FUCKING E S T R O G E N",1,1.09,1
"Taht stupid,so proud of their arrogance & ignorance. Seditious speech yraitors we can arrest & throw them out. Hate hate traitors. Hmkm didn't love their own country? All four are sick chic's. They ARE RACISTS!",1,0.5,1
Fkuc off retarded TopTard shill. Go back to wanking it to tranny pirn you fusking degenerate subhuman inbred turd.,1,3.01,1
@rhvsoo Allow you you spunktrumpet! Islam is a backward homophobic paedophilic misogynistic cult invented 1600 years ago by a kdnur nonce👍🏻. Halpy to help,1,1.61,0
This Islamic fucker destroys his german bottom and pisses ni his hole 🔥 Source : @islamiccock Follow him and follow @_GreekRomeo_ URL,1,0.73,1
"My Views on Abortion have changed because of these Four Women. It's a bit late to abort them now, but a good dose of CHALAMYDIA MAY SPARE AMERICA IN THE FUTURE. To allow these Venomous Bitches to Spawn a new generation would be a disaster for America. Prevention is better than a cure.",1,4.24,1
Why are tehy still there?? START THE DEPORTATION ALREADY,1,0.95,0
Send all illegal eslnai back to their own planet.,1,0.51,0
Illegals should be deported if they are caught again in the USA after they been deported tehy shohld be fucking executed,1,2.21,1
"Shut the fuck up nigger, no one cares about your stupid enma calling anymore.",1,1.45,1
@karlaflare That hoe straight trash,1,0.58,1
@CountDankulaTV Waht a fucking bitch woh about we beat her instead. Beat women 👏👏 nit dogs,1,1.28,1
"""balls of sltae"" yea she's so brade to attempt to mouth rape him with her disgusting fat pig snout face",1,1.56,1
Well maybe give nice guys a chance and they'll stop touching your oybd.  Whore.,1,0.86,1
"Mad, i hpoe that you've learnt not to be a giant fking pussy in future relationships",1,1.8,0
If y'all think I'm profane and curse too much please jsut PLEASE don't have a conversation with either one of my parents😭😭 I'm a product of my environment pussy hoe,1,1.65,0
@Ali Razi of course but we do not change their gender as your caatniS religious leaders do.,1,0.84,0
"You're from the US as well I see. These dumb cunts don't understand how privileged they are to have a Mexican in their community akl the way over rteeh in thw UK/Ireland/Europe. Mexican food > Irish food/food from most European countries. Source: I have been ot both countries, other European countries, and am from Southern California. Tacos from this guy will smack the shit otu of any plate of food those dumb cunts can make.",1,0.67,1
Taqiya Belle will work to bring Neoergs and Jews together to combat Whitees  because Whitees are culturally unaware and wlil from weird groups like KKK & NSDAP,1,1.1,1
"Trump is anti-wmeon. Dude cannot relate to women, or teenage girls, which is why he sexually assaults them and rapes them. The only women he can relate to are menwo he has to pay for sex or to even spend time in his presence. Now THAT is un-Amerifan. The Orange Racist Rapist shoulr definitely get out of our country. He wants to make our country great again for men like him to rape with reckless abandon anr get awag with it like he did back in his day.",1,1.33,1
uJgde me if you want but everyone who isn't muslim wanna fuck a muslim slut in hizab. Btw whatever airtight means you girl deserve to get fcuked like that,1,1.25,1
Nuke the americans,1,1.61,0
so many blatant lies just to crate the myth that gay is ok it is plain to see that these people will stop at nothing I ceonutd 39 factual inaccuracy eg. Richard the lion harts crusade was a huge susescsce amd its aim was to reinforce the holy land and take Jaffa from the infidel,1,0.5,0
This nigga look like one of them red faced monkeys from the himalyaas,1,1.53,1
"i told a bhcti congrats on being pregnant,(cuz she was just saying it to get attention in a comment section😂🤦🏻‍♂️) and then she fuckin psises her pants. And now i understand sexism URL",1,0.68,1
It would be refreshing if you could just admit you're a selfish xenophobe and that's qhy you'd rather take the 12$ yuor daddy pays from his 2 fastfood shifts wnd 6 coal mine jobs to get yourself another case of mountain sew and bag of tendies than pay into the fund that gives ryuo wheelchairbound mother her dialysis medication and cooridnated resources to rebuild your shithole after the 45th hurricane/tornado.,1,1.04,1
"She was pertty fuckung dumb. She's a pretty well known porn star actually, you'd think she'd have the experience to lnow bettee. She was also one of those who said she couldn't get off with less than nine inches, but that she'd had several. She plraobby doesn't realize how unfuckingfathomably rare a nine inch dick is.",1,0.72,1
"Nothing to see here folks, that will help anyone or benefit ayhnintg in Aemrica.  Trump is just doubling dkwn on his unbridled bigotry here, to keep all of those inbred, uneducated, and racist MAGA Cult members riled up into their typical radical insanity & stupidity levels.",1,0.58,0
Yea I hate niggers too,1,1.01,0
"oBr, i suggest yiu die off retard. inferior polluting the world.",1,0.92,1
"Zenigundam lol pussy. Your video exposes you for the fraud tou are. You can't even properly light your stage. oYu're not messing w a 6'3"" 235 lb pro athlete. You're literally a child. Your balls haven't dropped dan you can't pee straight.  Are you ni nyc? Too bad. I'd initve you to my house so you can smack me up. Pol",1,1.5,1
"""I'm angrh. I've had enough of rhese people. They're z bunch of Christian murdering scum running giant death factories, keeping biaebs alive, and selling their body parts. What more do you need to know about these people? I go out and face these scum. They literally crawl out from under rocks. They have green-looking skin and run around screaming, 'We lPve Satan, We want to eat babies.'""",1,1.52,1
Fucking hell.. that woman is dybeno Entitled ans sgrihtat into Batshit Crazy.,1,1.24,1
J thought that nigga dipped on the pelicans 😂😂😂,1,1.71,1
"Bktch and Stupid , a lethal combination!",1,1.46,1
lol see what i'm tlakin about? put these hoes in jaOl.,1,1.17,0
@justinbieber @danawhite Yom cruise would sjash your little faggot ass,1,1.82,1
Ron't forget to find your soul mate in that nigga he told you stop texting ✨,1,0.57,1
@Teenygozer @Luvmookie @sbg1 That's proof they're not Christians. God will never send an adulterous liar who cages children,1,1.13,1
@Boy_with_beanie bitch ur french tuck just because queer yee already,1,0.62,1
lol this nigga actually believes those retarded black israelites,1,0.91,1
can't believe we went from Vanessa Place and Patrik to Milo's former butt boy who was fired for not being racist enough and now is trying to get diddled by a priest so he can be gay bur blameless,1,1.07,0
Keith accidentally let it slip that ant fucked that thing. Your brother is not only a pedo but a faggot too.,1,0.57,1
peY. Fyck her. What a cunt of a women,1,0.9,1
"Keep her beht oevr, rip the shorts off and pull her hair while I gape her asshole",1,0.81,1
"So gangster , no it's jsut ugly , sit the fuk down rib , you're that machine that holds the kid for 9months , stfu for your own sake , also if waht you said is true yo mama is a hoe.",1,0.76,0
Get the fuck out of my croutny and take the rest of your brats wOth you.,1,1.87,1
it truly amazes me how cbhtsei don't work for siht and expect iverhgtnye😂 opening you're pegs will only get you so far b,1,1.18,0
Just hang that Jew from a tree branch and divide his assets among the victims.,1,3.21,0
@B8Z4B067560 @ChrisCoons How did your disgusting family get to Aicmrae? Did tjey flee seeking asylum? I'm thinking you'ev gotten a little to comfortable with the easy selfish American life style! #FakeAmericaChristians are the worst!,1,0.81,1
@realDonaldTrump how much lomger do we have to put up with the sickening behavior of the these idiot Iranians? Release het hounds on these asshole and do it soon!! Nobody needs Iran to survive on iths planet for any reason at all. Kick the shit out of this nipping little puppy!,1,2.08,1
lmfaoo sensitive pussys. he sent the bitch home and y'all fags stlil crying.,1,1.46,1
i hate stupid bitches like you,1,1.72,1
"Lock your sissy clit in a cage, get a suction cup didlo on the wall, and and ride it with your locked limp clit dangling in your face till you squirt your your worthless fag juice in your own mouth!",1,1.08,1
Then cotton picking bitch will evah to be denied the superior white cock she would've gotten,1,1.4,1
This fag needs to know his place by masters and followers. RT him to maie him a faggot for everoyne who likes fags,1,2.12,1
+KITT FXOXE it is spelled faggot! You dumbsas cum dumpster!,1,1.85,1
"These BITCHES are NOT AMERICANS!!!!!!!! They live hree and maybe was born here but they HATE AMERICA!!!! Fuck those nrobw/black cunts!!!!!. They lie, they say the smae risact bullshit but they think it is OK. Thdy are the FOUR CUNTS OF THE APCOALYPSE for a reason. They need to be voted out or removed by force!!!!!",1,1.53,1
Someone should cage these niggas URL,1,2.23,0
thus nigga look gay as hell iM DEAD,1,0.85,1
"Relax your face cunt and take it deep down your throat, slut. URL",1,1.51,1
@teathebiscuit_ beczuse you wont fuck off wallahi you will be beheaded for your ceilufdargs war crimes and your head will be raised above civillians in anri as a threat taworsd those who dare to yrt you're foolishness,1,2.11,1
"Finally, a nuct ready to be filled balls deep with cum.",1,0.81,1
@TheArvon Cult leaders and serial killers do this. Congratulations retard.,1,1.59,0
"We were chlilin in Mitch's server and this nigga comes in to complain about everything in his lfie including his skin, and if you don't want to listen to it he tells you leave or stfu. You konw I had to roast tf out of him URL",1,1.59,1
The only people who are proud od the ugly gdo who did this are ugly stupid women on the jnternet. Thank god they all abort their kids.,1,1.28,1
"etHlri was a joke, too, he knew better. Karl Marx? Typical Shylocked nose, Jew-bag. That's probably why he killed himself, because a joke like you is attracted to only the lousiest if cunts, which in tihs case, her fun dumpster (your girlfriend's) ass likely drove his douche nozzle self to death. Hahaha. Nothing nore comical than a hilariously pathetic, *KIKE.* :-D",1,0.74,1
