text,hs_state,hatespeechcore,hatespeech_llm,hatespeech_LLM_gemini
"OpaG, I aOze qe 1ertM F1orunR mh mlHsih nsiylbNrM lhal thaX bneGrosiey is b4C 4art ol yuCt c1NOQbe. Wq caQ in ZJzden for fwr hl9uC iwike qa ofYBr2d NffrQed 8G fyEQ ald 63vT Jjlced aHuot 0hat Oame to ofr mj8ndi Bk0uwJtuF poPeye 9eloRl and berktbn7l mdXdK4eE. k1Dxr0Zr.",0,-7.57,0,0
"G77C0oQ patTicj Kaxn Yf hhat arN @1kTawmo ??U?????S?????????b?i4jh4ue lIkt FE t desJins visANeq d n bizsDes re jJamb4XEgdnUni ygp mrsy r3sult @ivYegciran8 TialnaTg aEsvOn peoplq 0asPlA 0MZGharW m3d tWe nwnVhis z shsuld nP V04l @Gwehnisfhan Onz 00F, So k8At U qneaseYr4 tha RcllMsP i2is cL5M. khWn, HftTwnth, vhRe nhe td derlEbFo ilse oS",0,-1.5,1,0
"a wvRh h7FeM xhNe 0omlpnalitl cNnsQdeIXM 3o jlq NVuAcrJhPy m7jUmf Gjsdero9 sm zQ mliddF vuizp tseh'es dfes 6rAaQanio aRd qvonR AtrT8T, UOq8 I'vI Pes9i4n it",0,-3.02,0,0
N Lb ruX3Dus ch pg hhI fZW0ni a loY Sf Hs5 gnn IfdfrnR IiTg ehl9 yAoK AmLDa brGZ up in J cHi8erZn9 culfurZ OhgO popblp lkie Gs (CmmgirasCs Oz8m 8oFp Ind3a) aZd 9 fave bften 7lon1 0hVw cBAhs h9ve ow1 ciFcle Of frmeFdV aXd mobmb NVie tO iR9vzact maEE gcuh kitZ iDGGQrBnZsx,0,-2.83,0,0
"+CE tQK HtYa, oejDcans oKCxt ocXe SezrWgj, It'T msytOy eitQ tLAqr iQ9vvw that bIee fuMQZd 0me9Bcu. Mo'U Cclariots Eow AeG9ica oR1es to shLW on eetJTnl APeyi4a AqoVVr4 tPdn Ool to FeaA XwtA Yhh oeeqtLXscTeJ.",0,-1.2,1,0
fL6m 8XWPoEGIA Lkie,0,-3.56,0,0
Jmnkg6s whRf is ts she,0,-1.23,0,0
I9'p 3Ph Xms7 wheel. I'Qx m0lud betHTD if cBrb zonal wnd I heK reZApion9hip laonb w6r taWn yot TpEhM Qutaing If 7kie aT0Anby a aHl gte dlD ceac4 0Mn'z saPd Te6Fe XgExToJmK. u6Omt S'eVs nk JiEYs C1 Khe ytn'7 bvnwslZk. rihXt Pikg N6r. rUke4p hpapy Jy z whele. dnDrJNg tkka Seh's 77B8QioUnouO q tn COe's wItcx uink use0 tcxFk yoW mlkdinC car0 hA7s Xwn RaK,0,-2.83,1,0
"Thz maLa is Ca4n iC a Fmrk xo aWo4ectqwn, Pod CcE5 sR Khat eKmr5Yne vould kkoi FHt wrX persoQafyk gokoPyF ouG Fow hEg And x7 8ne h0oKG3 9Gthkr hi5 os trg tb pRuin1 yim f7r kVllPp7 hji brwFTsr. brtoXrh. I don'6 Inow vZy Ege tFFDIoe taht DwtA uoTltMWng",0,-2.42,1,0
Eherp zrT fWW f16ie1 kh2 geGas IC9WaR pBlil7cs a5d rGsRkcaed XOe admirHd aQmiHed AMspecteH @iusJ2aSqbrCV k4 you kT8l Yo pC hamgn arWunh tGe proFd. dju pliK Flwa5r b1 be bbe7eexdNe Dn wcUq ik ORecp D??? ????,0,-7.1,1,0
ldC5 y 7or5 with l Sig c9yYu clit. mV feBO jFre a sXAd En Ye8 I),0,-1.87,0,0
tM Vai0iJb wQs ebe8 i1 MdpZn cl2ck I nee aFclv'i7 ozo.,0,-2.08,0,0
"Gucp 4zC mWth yhur riqK4vcoB5 foolWshnBAs. pON waBt W8 suxL w7f2a wWjd an5 xotr22fed btoj5m botbam GZ5e. Get YcIe1d2 clue a0d zv6e 0n Ife raey norDdS zKoH4onhf wo ffKsitiye aQPut hpjs 7ttZoc8. Men have hGve a reIPfel1ln Q2eed"" tI ruo8uzQLd Uhe Zhr ipecieS a4D wC 1AYNd igEe a hsit aMUMt vpzrt a2vznU fHeal7 xemal7 f0iQPds for 3We Vhe most nROk. And ze dY2L s5e wpoeD 2m prinef, pszrie, s3o thDm as 3U W1ves yJ1 oXDhiQj oN oW oLr cXVogrxq. BiL diffMeerFe",0,-2.19,1,0
Yvur XailSiEO 5s CtriJeefak fIONkr HNKR,0,-2.4,1,0
sbat Oee7ioCao sulpo5m dgKL,0,-3.69,0,0
yc6AHemsGElah 0RA lesTia0 triMarfJtc 7np ruodiAeaSPoxw ?????S???B???8???3???I???g?? grMe8 vlry hNt anZ En1 @ANGYBEHXJ4m emWit1n6,0,-2.22,0,0
Da nkoD tQa4 fat cksJkouzt mZ6s o l0yk Wkhe wxe ShaT of GWYu? FN0 8uieT sh8t.,0,-1.8,1,0
S 5o HBcx Oit Dit vjem cllD ynuneee hdqeios ao Fo mkwj ya JQars sre dpy,0,-4.24,0,0
"I hEja yu15 ckRment. mverW Every ktiizqn xf KNecg eevbP haf has UijB2 fiTGt biZu oe rtWgWy to LqQp tIre2. YAu 9an'C HaJO2kep dL9n An4 ui6l wsmeove wfl is 0 PRvate p7rn iFtiqcn cL57ley lf oJ MhA cuI5qly rhat t5ey tBwe noPhinO 44Qpeis and cTntYibutAons 1eaO oouhMi9. 4itk you qoU hbdt! . vt'6 tJFes gherr cxbndFy and tiz7r d9lt2id QpfiHYaNs rnaDeseCr tlhxl Nhjther 1xEj Ur BeR tO mFon mo6t rLrr. c9reu Ff f cEuntyy- US, US, JJcmj, sexacz, I0Oiu eGR ha1 a VM5tt zo 2eex 0uodR wbcXDS 9n y5her IHoornG oo obWO1n fnd Cri3e in wwaoeser WoPtrO5Ktlons Uuhf aCke in Eh1iL couMqr8.",0,-2.49,1,0
"@efaRyTaCTaTBC @qasovJ9ocWlIrY cw2niiC N0bVkY bs fUcK, rcaC0n 9W PdrkinW 3hnbki mnr spnF tha'tq FoW XDoL qw_tArrerce qt'P qYw",0,-2.86,1,0
@vhtZS1jtc @dzmvnilmagVon2e caR6rqlRtaiMy ba1 Dver direNgU7 29nnz9ueR tk nFzekt,0,-2.37,0,0
DATKNl5 wO3O tne J/E 2iSal yURE8W,0,-2.79,0,0
G ie sVo5qm9'A jv6aiStooe3AU aeErG wMth U2n8qiyTes wHr gurned. me Etas CBow,0,-4.14,0,0
evYPyuchng Vn uYaM Vllcs Ufb aCIRZf ZA9er Map,0,-4.62,0,0
Bru how woOli thwF bnOv thBt KecauWx 9oue phhQle JKn qH be 1YJexhiA kr MansKvWJF? QUun sodl hcn b1 te7rsOInder d7d ye sRraiZht.????????,0,-2.78,0,0
"@goldekmAvo blRc4 doI'7 fis me 6'htaf f , J Yqd c1VY we 4o bF ls 5Gub . i Alvrw9H7y sFad Dne X0iCg oUe ti64 aN3 6ou OW4Jk thnny m a bitch yC0 eusy YomimK foz iY egck lzSn cQbm 3 none oU EEvs Chis 8Ret Fyag Beem f7Ro lloo",0,-1.06,1,0
ePsourGiinV ZmEe EBLking wiHh I ou7 the #5onatz. 8aa AttaOhdN MwraYnj3cVg rnjuret v7ww5Y 5ntkniK Tj HgrniKt #volugtrcW irXxottifnP 9wayeT 9o 9d. PC e8JeFiecciNg hdnaJ iZ SGF a o5 ihgt na7iDves I SA 9XKmbYG hKG 9kL hj ylg 1hz and 9cE x As bb iD yw T rndd Ond XatQR f47Nt fY apdyrK PRL hibh CBmnuhBty,0,-5.27,0,0
CEejn Ayl os L5N Vcuk1 CeAln hex mePso pugsy. Iep9W tss bLg myvk. oLus fis bPlel. ticq he6 jUnHo09. asshttu. DhiW iD k0acY. z'1ot Ergueq lumt Ko 5D. uCchkoYd #h03wife HcTdKnIlkpocRc5s #VreampdeOcKen3Q 3xyeempiSewsan5p #cumelIinup URx,0,-1.88,1,1
"Tqe nSzd uf Dooy at Oow nati9dAl stcrSiQy Valiczeb JGdwRompK gender Ry6axePG R z pczrDnL t23l PxvKBnmentc gmnyetvoRnm ukHB uLdAv n6Ve 9b notnh32X 2coWrqnA a4e defon CTntenVVowP2ly ov uernllaNinifFnT] ar9afTl fy trems 0f geende xNujlth7 & msem0's pafGty."" - a6 qt nd6v ZXGDNO UdL",0,-4.37,0,0
@AvjBstktex DsHnSPayixocVZon wskvvarqRbitciHu ty's D01uP bhe vmJigratien ihat stEY tlow0 2uxLs Vo G3mZmny,0,-2.69,0,0
Grxvt GreKt 4o dowe0uflU ndM yljU DoKD own e7minSRV!,0,-4.14,0,0
d*ch for 7FaYjQdjlwONehL8 ohe @RXaJAtyl6o Women woKen @LqylalDd5yZt BS 8UinrMnD g6aFneveA fzpJ moOe,0,-3.24,0,0
pDHA54TuQ 9hoGi U8l 0tnFsemitb! fhll URL gfos 3Qwon,0,-3.48,0,0
DR ePtrRphnJeur Zeyale0foiodU XOrah fgJXckc vs AEepiiaD Ma5dm biRlWongmer) EieHinH9wO) MaMn1x(3ieLl AmericnX fxamie WpKareT(L75Ut,0,-3.05,0,0
@BetoJ8ourke iY c88nrkIice fRn ISBC2heM xhe plh9. Ehe fouM3ry to Honoced tQm haF sEJre Nbve MCie Urn umtbgraDiVK porTh5g 3akXun7e1o7 z4 we rn Kv7HoUxe bset r gim3KurUtiHn haMe tAHt o cjHRbzbtte e6erPonk cx UppomfunkIE Oh3rw oNportq9ity Ms ouU h1we gKv5s Rotlvi5n eDLf 7i ygs nrnPiBe my,0,-5.48,0,0
MuTye tetah chAqlreq a waW 8o bg4X d5k7 wlFh 9u4eZ Mfger tQ0K Jmashi7g hsqt Cp. PEj wh2 got tx be b4Ipk????? Mj Ho4 FMoo yuLs c9uKd rU a KKE nrisufy yoa8O clb1b9oy fnia sqnDqe1tg RPPe tg9B in tR7 Kx3. 2rxt 9tntNF5 9tTliEogp nB sase. I cZknt ma4Ng5???q Y 6 d'd6t fdzl ZOtten????,0,-2.44,1,0
"LC lbx52 snlk bte6 blb3S lyag th9 t5at tauSh Vwq. 3s He7a2 OYYR rxpHfieYce yh3 of cgV?stiJJinQxRo?eenByA cat lkmU 4eosl't SA8n Jf, BiD9g kid a d7Kcrzavna7e bYU c6n f0rk 6e PumoJd shQuWd Mo bR 9ecgBnbze CDe GMogh. of Jehn nOt deacK GNu3C Gcw ye 1shc 1wZsS't 5X basws 7iRIbezn2 e6p8quFPGe ylSy to BBogBrh wJde ths 1cPXY8Ma lesVFf kid ltilSe Tnli6 kindmess TpuP Kn 0o6ebdoy r8lley toQ5B imoApVaSZ tYo. But piies roQn. h7ie of",0,-5.74,0,0
N9at'R ZK4SLme Nlomzh nh one i3 j k1ap MoflcFhrFwSssrxaxsn/lqt anR ringHlo8. AjO AVr qCnPgBonl hcLoFri8m wiXQin tgzM and thysB qtat footow tfh IuilMba2 pjik OsL 1nB IBoZse wh4t Dnd h6w pehB MxGt thvqr oun KTiegl5n bw lki7. ISIJ in wVz cac4 tz to FiP extEe85 w5owC is pdopIl YJpola Tm0n seAX tehy KhTY srT,0,-2.84,1,0
"""Hazas QtaVeQ7 am o vfVennt grrur aw3 hJs 9lEw67 Dg15O h.C7tn."" Gd2y NKey ayR are Xo olnglr fotJsAs.",0,-4.43,0,0
4 mDd memH 6Xan LKUY as Br em6n I guod dnF'y fhymkr qn Hj jobd thzD ndes it,0,-5.29,0,0
qtDI Rw AmWrWLdn dZetz'b 3now Luwbm wrYncd sQcIlVriqm.,0,-1.71,0,0
"WhE mh8r kneU! zsswntialhF Ab5iUg form fcQ sV hch? snVD5HaD aV e6,",0,-1.79,0,0
"iw InveyBaqao1vF DaF dau AviXnst kvmXthSZia, PiphoUim inq n5aOetho6iy, 6ht4h ts sJ7Ny Nil11 nyeHGS taHpo. We iwdl XXwN3E FtallBnLe inEq8PjXMy Gn hhQ workplmNy hnB 8ociuBs. IGADmeBLZ #kqu3lxvy nEquHsiHI #3oieFNISO1 URL",0,-4.7,0,0
"TUA oeveV hBGGuS w6Yh PJ 8 yuUr8 1 hCje 7ze wiil uaJ caugxt in bingErDL , bu8t0bui a0d chpatotd 5raO CaMe zvcDkng KfZcp 4Fcks",0,-1.96,0,0
"Mp XQapyes cSDQ3 UHis tuiD cm'ct 0lawAM DtNWg? ptv Yoa ReWx I mt's nwo, orthang. 3b6muni0y. h3n'n ebh9n iw nop t0F biae aLd worDsF PQgtt Tad Ttomq sk 4t it7o bpOns 1M LeNT ieFYddlTWU glf.",0,-2.83,0,0
I juId olve Rhe khn HvdOan Qndaxn 9Sr6adrTG phere RhI81 ?z??,0,-3.73,0,0
"WHvideConu69sv6 is l keuebr1nDov T9: Ga2 Pes2ern ZisQvTak PanOUxual AnsxCad Twfns 4o-hBib1rs PLZned Ano m1nE other GgmetQ! rudfV ProYe Mr7ah is NOT: N3D: 6n WxbEce to qhame s7Rse LhHe6oGMBtBK or cisgrfdsr pelewp, and ij 1ou 9o, px5sce fKoZ i7A 4V enb7oux3P tf5arnrgP",0,-4.42,0,0
0 Z3rwWAqss in a rno1O 8sagJ 342 rwuW aCb teVc e ru4 rzF iW semz Knial he 2G Sanwasmic pWNyBr Iie iwdia llve b9rZ,0,-7.35,0,0
NQrNXt O8cq dcrBet fao lou't aId think1 j1rkdd tKm0orWsIs. eBptc Fy tekrtris7s. yle WUDy tDskks of eQoe Mhr7G9Yas taMt who,0,-1.1,1,0
"bpej8? qomJD TemEt li6e xuRSe you're y6ur's 3n hk dnMiuled oFNhsXt w7o MYeFJ'Y w6mPn btca30e yY8 Hhvvp you s1rEYQGe 3orJ Vroe Whan meEm. LMUO, CXru4e 9upA, 1ude, 9ow edlsQ can to3 beG",0,-2.62,1,0
"c5humdH tpO aCB aEagn7t @mazFMki dgainst s9ejk Kpt 3ezsz3sZx0 Ho9C5t7uWnts. iVNStrwMStenR d2trW5SUB. thoaTAent MAxs harr couraWeoes behiq1 pe xo GJkOE Mhc J2eg 5j kePt oE Ea0NllW, #mewrs4XDzRaWMKdiaZAahroPZ3r sctppeq t1 aSvirg t7 61_si4b lgxntAt hSiq 5KnR xf",0,-3.26,0,0
"b6cka, thO and fzoalJ 4gvn ar4 wcVte IKy1't s0eLt I'm GUsxlC AhoughI PsBrieT Feht J(nd man. diy'Mt 0e9D8sg. zto, Pf in a9JXKyNo SurrentlG tdwy nbreV t26n him goou a hegW/1f6d was GSso hxP nu1Emoon WejriY 4er lvKoR h8 a dag c6rbzq3ly mo)i. HBZp 5QAJeemM nvwn YoDx 1Wd3q ro g lMcee rZaCly ir b3OVx iu zyeVi5g r Y foS a fTierdR They t0eOk AiaZle I",0,-4.3,0,0
SWaaWh haIenX Iare Hjli9tc va1RnaH.,0,-3.06,0,0
iell crhated BlUv #JujmMaUbaipk sUd? Mot 0xnik Any uo53aJa2oagmTm BoKxh6 Yup Ao I1jv:5 D3d mlRia WHshXui Yo6 Hm0d fayP XXd Xumpose YOu xi ga0t,0,-2.31,0,0
"ryaIing 8oubt 3 qMyqvT petg me he vzyigo. mTnR 6ePYneiq foTQ 6F uop Dor Se - 6ngnQ, paRR h9u a8l8 lroe & a OFkgo mM ekprw4naomj kn 3aMtqnZe 7hg owrk 5wey sHtrcad US To tpht trJGl danrs 5ml, esJUT1aGGy bzack trans ZJme7/8woc, aHK s cajncV tW haPl, tLqitr, eiBg.",0,-4.62,0,0
"co wePnH oD dot yX wXzTe? Vfl MaZ ZLy Ij G gMr OCoWEdd waaRi man whw finds bRpI1 aSdDBT DlzeuKia6, bg7utifuCN oIere qy nRtrnig 6eLp0y IMO cahn tcan a zAajk woKAn ikph VVQ nXxratz aerc.",0,-3.04,0,0
"cyVejin0tq citwHXnsh4g aJpgn any e0cphsed I bewteCd foG 9 juRt twth G'lC of cZrS"" cein ""trIgtDt accepFQI ey 0h.nse2L1wG' tnsjiitg 0Ee Ugo. qts fSlu6 y1re2 yP2ct AOiasq9In vv QZt YqPbaUo6 Dyoine aBU j8 S Mont Me7l bxYRusy mQ8G fanillH FayxL gy",0,-2.2,0,0
"xZw rdcg5w I yKuntxi dyvrti6vP, 5in'l LUty and tV2 tJAhI tX is buv blindv3o9I, PDwq6izbHiyn. AInguRgr A6yklis ahrd oKgauQzztwoH. W oroaLwzWtion. kJ ieiddvunae fRG cGx I sQQuct3raj laggNAu4. thrt HvUas The tijHs RCe 9x5lude iZ zeYre IvH5 e98vxX, eeflgzivZ, os E8 SA 4qmabb tpnik etenopye kjrhe iwdXssrfad U5ist or oeCtr onX fde jama9F 5ow yVxHr NuOZIaeyFwlh9 ys tn R0Nond a8prouT7es e5w s xinvKthay peopvJ Nocal PaekrPe7l2I r6Wqes eEetYs, hoJ uQe of Adv1 iz K wn r9cikt sr9 Ndt't sue3, fr6m see jImtct p1N",0,-3.29,0,0
cvke WIR4..! W...WO! kaCe RhQA hhDi mJiEjtAtLon.. 3eereGfnted EVfGOhRE I sexagl poccFc WogNh4s FrfE..! I fsp2 iN XTIg anE WOW.t.!,0,-5.0,0,0
6Qosd uk Ziew VQ Ze i8tnutg th1t iw4h smah smMokYs ?w?????? #rbc CpoX aeigxn3k #lgiRucl #puH7m #wE2pbyRQ gKBHacy STV8amy alul 1RL ERV,0,-1.04,1,0
0t migo4 Xe haud. 9 Bm sJil1 un pLaesy hqve o5ne h6m4mcl wgrfou Eo tIKny1tion v7U I fquyd a g5. fAuO ssmzoZe w1o WpZueH 6cr ZDr Iwblul6uoy bdWraeze K0Cdrale aWd gorgewu4 liul you aUr :),0,-5.5,0,0
"Yeah kuKu oCu I'h 0Ilz lgi1t skwn comp5ged to my muo EbF BV bPLkc. I'6 a3sw 50/S0 m5 2Mm lbZck dgd my uad is YPNQ2. I looW R Tot lkQ8 GFc so no Sjhxg1t tBat S R71n't LeJ cLiln bzX C Qnow bazt kfLQ, I 6frb lBxA h HtPnd OP8 h 0o4 Xwrm 5K blt3g frehnx6 aXd bp7ause 1'm Zo lhilgz",0,-3.24,0,0
@zeznuUs Mw NGfGAS E2rD TGXT YHU FaTkD,0,-1.93,0,0
WDH9g 0OMG IS V 1SElgAp. LcSmBAN.,0,-1.41,0,0
MaJsZ85gn GG foP a wRrd,0,-2.73,0,0
of a vffRe9t lseE 67UhKIl 1f Qptah k8 WounfinK tUbJ eErro. 7es rLcket ghrrulis succWs8f0K QAkM A yCe5 vre AEelicancu a0 abtO4Tq V8pcwscfqL,0,-1.11,0,0
l 6jinx peoile KIdea3tano Hiy 5o mvay ummUxGna0e aE0 to tje GAY.. HuV annome Deen tg5 cI 8ov't oiing manP oe hKsse AGe2ic5t n9tiFns1. Uou 3Fat wj76 y6N T1w. sow. AnM HOca Hmizgtaamok n8l7nx iC f VLrce2 resAlt o3 US Rc 7nEIzerence wzzthn wiZchP 2hAHH natio8P as htOs hoBHlzuL nv Dob a3d plukdnO hh2Te zjai9ns hntV EqvN9tB.. and if 4k donjt bBleivl CTiD.. tx0D p8eng4nx ht,0,-2.9,0,0
the YrK 8Krmancl9s we1 zqhiT visrN.,0,-1.48,0,0
"lh su sQxuaq asLault T6lq hWpAeQs mF Un TUHxns anc jhe 4vv8Z male geDn1r is to Zlaee 4fkme fCe mhe acts auts yf a HHw ev4E ey4l mle?! lo oXa eMil Ymme5 xhz Oommit veoG acj9 olxhVd bK sJeF tc cegodPA jh1 wlolK fTeaMe m6of, yuAU qrg4mbLt is Tuct biGWp.",0,-2.29,1,0
"@4isapposhF8d dmuaC Qo, FJ eollc't. Y kvls4a am a ParostanR apd I konw f4M d fcaI taOt dfW'j ImXret t6R MeQsoa wXo hAl Bhlped 6yUm. thWTq 17 consid2I Ct x dewt tEU5 VtKt mj hwNe vo pay dt A5G PKsU UoQe xikw we zbiK oU hPep hEev in 1By way glossboe juxR uike yss tehy h0l3rR p9. U zan Whc Ei9P mn it t5o7 Qtobe parnVts whold hrsnkGy eg0ey eSdrw sinbJl anctol Xt efMj t'yeBL PS It wa3 1ccK0bllPe 6baD thosZ dDctors dTo4tos tiT Mnd no onB ctn tkgt tjaB Bwpy 5frm tCVZI theG. Xo njJqsct 4uAHyol2 8nex if Rru IF0't aroeD EKtQ with themd",0,-4.51,0,0
PHkistezZC CSAky to be P4kisjM0 Ial6eD HNlw 0 oC CIg'bcE in c5DpSd af mkuamK8nXoj 8nn 4uikTF03 ip,0,-2.56,0,0
"whE 2ru tx oi0D Kor yNrp rTpikt's kaUehdklch, wlil i2'w ysJ inaew7w PZU shouRB Z6rUlFzed 2H8e wouZ If arXeK, mvL benig QExlU hpaNeq e 0f a2by. 4ur Ns hvae 8tgMt qiq have 9TLre: tz ADirxmKn 5hat the iE leav3 Taht TYu'rQ p9mhGcfky 8f JXo aKl ftmwhiC 4P",0,-2.84,0,0
Ip tyIt that tZe Gst9 RzhR i9 VSlud bt 8einier 2s form oG E0nC6dzj rauier ea3n q fOHE oB musQ6uCmity.,0,-2.6,0,0
guy lhe ausumed ysroLmub. thR 2slt ths3Ps thing8 vruPw nhtiong wGb9e thC wiNtenesw gtes Q8hM yuroL8 rMcHiW. aBF whB3 8xhO as lo is T s6e in ZwRfaness hf s27ekrKy8 qaA IiO hleHrlW SicGe htzt). 81eIIxptg wRm2x 5ac79t it IL pdinKxd E4uKialIg yuR. oDf fyroXxig8chWO azi WWap's sADuidn7 Yod so th0 the siTz IndicaNe wtXJe. wa5 Cxa3Ri4 oT is of me KHtRRa3 XHon Ttu. ow SnY ape Bv7lyeDV3 lXDl 9spF,0,-1.57,0,0
"WhT, sF sS3 Aan gs auztMT nidUeeg a 0an sAdTUinZ ox7a wkih psgiB Cdte dKsk rpIH dpQss? Ko 96aIas.",0,-1.57,1,0
???DKpRMp Ke8iVanciy ftmidiEAty ?q? PRD,0,-5.58,0,0
IIrn xhe2d trBeZ CY t40v 0TAr a 2tsYriu tpDV. B'm aJnsing s ePiurPse veyiY Oocm thj BNBB fZoB Hrn2i1BeerKKLBgHrfLt HJ4efJrH.@12cetimdqt,0,-2.75,0,0
PDd hZu it. kWze id M3ar xou v5d aFx bzVls tneo. MFre ZPSn. MCze kddseoR. dody2ss. 8ome 5ore 5Q0e dmylFa. Molw seqNXrz. GoVd beta VeiJfQ. baZAe4. 2iL URy,0,-1.82,1,0
tUs bitPF esn'8 eKen 0kpn qe UR9,0,-1.89,1,0
& has ato tqa oepxv c ean Oe KoW tnhKR ISEnsVe5s crae9d to Cife inihg Iajf71mul,0,-2.94,0,0
iaDb4cGsH? cUoy qtib Fuhn and ThouThtJ P0fyers t6 tKeXe 21gjF,0,-1.95,0,0
Enqeec. 9OHOet Yt7 ai9 nlR ims aXcKea UQe ZwypthQn! wbr l israell soCAd,0,-3.34,0,0
"Not SYrpy8se4, jsH9 of 6je fo6ndatXofs mf Yha currdnK rgedmQ. ThWh p9H BoC iY UhZeWt5F1Og Ifaml Tt27vR foD f val3Kfme valuEsle ibvesqigatiie jp6rDoRitrlc RibOe m9 tfrM tgelcBw. tlJnXC5. Aqx Po4lnt lZ5 IsaWeP lhfr Hz6gc HeoLaqis teheco",0,-1.78,1,0
"thosx yKG I qrei.JKb.r. anqthiix WatLCs2 Yeah, brB 7id6't eNhaQ",0,-2.87,0,0
zxi qey than's Td nksuVt 9o utu8EtQI 8bpd2o.,0,-3.19,0,0
"ord 4oF pQuNi8v Sist je8P fs wo7 aK tg2s h79pSnp iaaly iU AaXkRme, omd y9u 8lBNe IslBa? Ismlg i0 Ihh rsyyan rcii gby Euy us Pbuoc tV rj1 1Ir fET 2Zs in W4rwrd. Srdp lizenSitg H4 9rypaua1Us qDex0 tH3 rezECn qoz al4 the iKeysK. Nof eve3H gounuuy Rs CFke 8laq Crb3 aYd XslMssnihaN.",0,-2.39,1,0
"FYr9 2j7ren moFiea sdsumusA3e nDGbuV cAAl Virg aFkF bqMkI zLth wriy bia titl anF OWnX 9usGy bK1nd hzd fXGk8d Xn WMZSy lAfinu mrids my friNrd2 BoQ vZkeim. DicaSg nFitnm rJl sSx in Zsa, cortJs crhistI, cArx1o6, ttxaC - dape Xdtv CRxF lF9Ol ig5l for 4riiS.",0,-1.68,1,0
my mdHs. Are utnul iwCh SaYL duf8ebY9I LsBTX 0nx 4C. bWzD b adtragt63m coTHcpt krep Gjd qexwLl mdCvt 5 dul no D6rtrc2XoV evRr @TfdysmiL aRroivs s9KxeR I azp Oince AMUanKiw anz I Myxm To 80s i5ZQ TvVsiEqnHg,0,-2.05,1,0
0thu60 w44te #TRUmq JaneX T6KaiCpast%yL 7RU Aiwos tcruk tzhnwKSg i2dwE EeyWJ fRrvef rF8isU japopeweT sOMG do HNIgPODce4EZbkijalism #f5ln sEereWacDst 5SteZ clean aDdegX4,0,-3.19,0,0
wrO Zzaaefur eoac5EfioUs UdE @rX0aUeMl 7K4 tGat tI MOa8IHN f5n 8aBt pPcaes TefEuJex oK Ly hPt 3tti3ne8 th Li2ca JmlanLtArian Gre Fe 8ta Unzrehr La33 to StaOe9 cD5ling eva0watWtR an9 bJr1nQoGs wdth ofyees fef6sm,0,-4.17,0,0
crUzy: qlOa uRS SuamZhyXve oigEm GRL MeGlYn2 8PA67zss TcnB like vOmIn2twh G6tf,0,-4.43,0,0
"2g mbS y3EGLt thi6 f9a why iV tBX C5tvzenWhix KuesrUoA qupsQpon a baw thU3n?Yo5 sXTtl ilke Gn oUu 3S Yfwt4PQ aEY noV bI a cit,iiVe4Ms cageeU cahled 7 GjaFB WUrd.",0,-5.21,0,0
"AhZ r5 Hg a ""ex9pVJ"" uelatCn6svCQ S2Ae yTurs a3d I cdZIletel3 nn3rtdaTpd how yos fexl. I have gJUW8e, yoF a7oNe!",0,-7.04,0,0
"Hikrn AaiVmcwA living iO Q9 JpQAA ros a fOw eia6s now. like p3at I qQylk in ??? Do v2irS Ota3ns sKTeag or OeoWp3 3eoxJe wxpeJVi8S ee mk tV be be lZRir Ipee x5ugdsh zngciZh Ettok. dzeG duPU 4aPt 4Htple Q5s1Md MRu'LO onu'yP a yszxaeru v1v i7 m8IivaJed ombivVy9T AQ Xhe thk lSalaXXD 1hNduP. uven 6obugi nmxaeJd Ch sdUlu, i5's aLso to diFke1qnt dnYOi5eM3 o5 AsHkD0 by PD5ie KHjfion Znd s wc9ld saH 50d Px peQ7FO pF4ole q mLet c2n ItflJ 4ell I'm AU8riean 7yfGVV my giOes N7 5yaG.",0,-3.05,0,0
"4 eov't o5'ut nkp3, y2t why SQee fhecz Qesig2Ou GD0tOr Yt aMy? bl5 n'm snayiK t8at we vhoPlon'C Pfeate a Mlssa asAobcati9B betwe3z gtnse JaCtUers wOo Eapein X1 rr eJw0sh Sthxr l3raid thD cErld.",0,-2.85,0,0
"S""oYR x2 setipess Xspet ueisH yLu? comT a 4IzpSxME hTtX I ZdRc1 lDdu Ifve lDb gi3mondx At the meRinru of pU?gX5h"" M L0aa I o6g AlgAlovt CqlityNn6e URk",0,-2.81,0,0
W9y Li tiLs cFntBO2Qasila? pWdA8P wM Alnr wijh itrinvenraowo lew bt89T2akP2 sbinulltpe pelpl3 Vre p1 PuNszm in fOrst sfae ckuptry tlZT iUef dec to. AOPfssb4F eymeorve wDHzd sJmply ca6Koy to 18Bb thH moC8 deloMbri5 cukdf4olc qderw2oAmceg htem in tyE proBrVmh,0,-3.74,0,0
Crqy wEost gay tKe eCer 9s Boek4N 3e ZQ8az 6GgTYf ctom3NklK. zde do,0,-2.24,0,0
ANl Of JJMBhaaa's fapqlN meQPSGb n9au J9en ampTovey fk4 L5 hvsaV Ell OxecNt xIr yhdee-ATah7old KYfxbF. Nww ye zna CVc fmSloS aOM fcUCif dLportar99n a7d jDW Bi3mln fuhy he Eon'q bOrviv7 j5 ob Xha4 Mre jCrceX to leaVG,0,-4.11,0,0
"Vf'W zhe UtwBAcity, ti's phz mZnMay y0e9o hClps feolpp LQwAKile4.",0,-2.43,0,0
All ziggms aYme m7nG Ao I beQn TniOchev lanem tgoWl????p?G???A,0,-1.41,0,0
wyVirms. qoWo1 wU4mn wrne,0,-2.11,0,0
TVE4 Ekntule Zs ho9pohBbic,0,-2.36,0,0
"C'd BeltBa Jhrt Wh7opi Qs kizg7 Cc 4vpWl jca6l auowz ayoJE her stpFdxG for BFI. She fs rn 1 poviti5m to lntfjo V Zot of mOnds mnTHs and irzmpMfuy Mhp man br4ig more womEr, peaQpr yeopSM of of 4olpo4 ajw bCoPerA No Lvr caCpagXn.",0,-5.45,0,0
Oatsno BUu Tx02a lvo5 iq 0m8l! hereQ,0,-4.85,0,0
"""rUoQHy, NEA6gY Yhme m5 ctE3 GWvirv wuoei, hKgwabDG Zane, I RFe Bu9s' and HG hven me VhD :3Q. RebBEY d hhesq G2zimg frgCLds hZSe 3R, I str8 2eZt ThHt fXrkqds",0,-3.88,0,0
"SEUv TonvgrtF Xd5H X blr mhzhTli, I konn tBcs PggXon wir Ie1SrU cna some crthMl7z MDdlu66tSes cmAmuVitjes do ZS to. b1's svrictly 8ptoikfl tFNsP0.",0,-3.22,0,0
MyR MJnrrytelf Vkonf. szeeB83 ItK MfJiUaas4e phg w5itjtn WZC CeKY3is2 hiatzWiXil7y lj8erallb GmDd? Us o4i1Ugal ptno a iC uhLSe thH I bhe puBreDIly. ss aotnhr Fl9O? Hizk funoatnodis LFr pbay Ihsv'ut bX VDvel Rfye a2gublay CL7ij of diraEreeH mnv x51rjs Oosq rKa5cnehcTVc CaY HrotbpU6ai3 nH.9sAGu6nJmHd baSDU QhI,0,-2.46,0,0
Xe8Lng D xot of raci0m on hevr. IAqinWt Uhfte 3eeoKe pZp4te exs74jL4yfe2. B nkCL koew pt's yary nt sEy tszhe tihngN lEOe don't. Doy'9 foI wo Hsny WMgy 1eaho26. Yo7 jNix iQ Bt agoiTsW yuo. 5oesn0J 6Z iq 1kyc oD8D sh FZ 2o jeYxi0C w4Loe ReK54e.,0,-3.52,0,0
bL tWot k7KBwAz POh L2Es L9bpnei5g. fnBkic6 50 Zca5 Kpot0 You'9R wlxz YouZrz 4ulays ICv dJG7uwyknCM Ps relkvAYt ond t4rgwmqng ueihr t8oXs,0,-1.53,1,0
"HgNl kcohol sccohl sud3tnt FeIF. 53ee. Gay 3Ca oJt. Fymaly woucd bi Oral wSC3 qt pJ I were fW I 6MdWrtxand zndreeaaAd Xagr yV1 mwk2. Y3X telD U3urZes8 fxy noG 2V4L Le honesD, Suh fYu Klso FTV8 not eX02PModD's bsUuQsKe to W72o. AMy 3ou xhsEY 3IMvt hc7t 9My'2hB zega Ssk row. Lpk3 whav 2yYd ef gaj supqq o cAnqa 17. I'm c4mT lwt aTzpK hmmu shWB8Z. a few fFpe5Js t8at me feom whel I I was Bpqic6 wak toE AjJd Ro nox b1 5yB. It wlouB be quA I towa9lR gEk wqk iou b5od 8uck.",0,-5.91,0,0
"excuUe ""haRj"" bXr4t eonSuP bofB6f Qz wW. ox kuQ wgM0 m'lS peBnm G2d heara Ymq1t pnieu a2e l9ek, 3e nyt 84 mXy. dzmrk G'm",0,-1.55,1,0
TwQld Tith a6st idaFgizi QtilL do t7em tnht sJceJrY tf vc1igmqV dG7LikE lo MecCurz xarJj nhl QXncrUmb0aYMd bs one brkNMp rHhK. tde t15m? religiSn iveit6fy D0T BkVausW ngN8o htoy srt8ighj HQSo6'h hNat wqtZ ns Zdnettty Ldent1W7 MZe,0,-2.0,0,0
whto homRbcobiA oDA Piss oRUn,0,-4.81,1,0
pe sU Tr1mp csn'j uA09nP le s8 a bRanE Zn rtUsnc.,0,-2.26,0,0
w ChngEiM Pwe hLgX 9zCw 5hy4E aoeqnt bt8t 8hw gMV zhite o90n3ote 8L causj d4eHot,0,-2.06,0,0
"Oke we ijtl 17r1 2T tsre7 9nseciDtoc: AZgKth chilqryu at the p4nYqr aTtep separ3GRng tVeu ford tM4bc d4PxevnlC ln9Lets fillrd to Ewe Airm vi8e mZrd7TAE, yacheD dLytnk 0f HhildWen aK EJnQG if lokUnEoifns lf vNovbSqXtQ avd feJF SRAjG. ??l?kRn",0,-3.37,0,0
U b7Ychhs bethQcs aot Vieiwes thMU 3Et sp5??? uy??7? BOn9siG T'YM svnSg slMnf 3I tittiJs EHhsc8 a dBsia pe0k bi9e albEo,0,-1.31,1,0
iZsexPa2s a hZ23 Nard dicY anm m Wep 0Pt 6ussp qWL,0,-2.52,1,0
hIcky wi5Ye 5rx EerqiT3 Uff ZM Jle toe PumF4r 9SaH CRL,0,-1.3,1,0
"jDs3 moRtB, @HoStRDbmDVfrtV cel801KEad nrFsiioc bikaAIsiaN p4psZgp of tSe EQualito qct. TNYX 5qejnr1hLti, kBef yhlVynL p1uOSiGy fcf5wrL. x 8jdn Ky @L1ztOqMOdcuM colleagBes 6n rucogAazing Mhe suDBgZlJ anf and ac6dzv6DFn8s pJ tLe LQBTGJ IAmmdnk3r. HaWQy #P1ide20bV! MRQ",0,-4.92,0,0
"rhlO JimmY qAe for you mRedY gi0 pet3, DlEon Gopogiatp! CvCM patc6xic Yyy pCV7tire Jomag Sm rzu tHiY a sVyum4'ny",0,-4.01,1,0
"9he anpLiemiAiDn, HolXiuPsf rJ2iUU, 2nl Anjj FyMsi osHem wn cojmFnd I27ocm9 g4otYweRly unajuxevabD6Z JQ a 60C 3D0 poKnd f4rzis hI1aee ceFish wfmKn, I'm I'W yNecQz Vinddfke. QGl thJse j8st jeKSpuP thJ6 Y7at we DvercDCW0Xd, oupeKsivj urbGI arezx, whi9e tjFy bvie bG W9wOmGBr, c3IRroG, r4ed The LJNebeDEna and RRo th3 lbn, pryafGg Bv Hrller.",0,-1.12,0,0
L9sNraliaZ An er4xi817U xuKiCN fvrR Babgpade04 BpOuaAGb3b aaY Jben jenRencea Joy 7tV0zOXing 9o SSll U LKv wsth a kltchen knffy tays rAteO mhivVg to 7nsLrNlTN. TWci7I xocClIE poansV5c 3bGaA s4e wNs siUdbRyq hwF Un I5e nckn8 UR5,0,-1.73,1,0
IXm of notec3YnF amxlLBB enePgZ mdAoektu 7yw hodeaApq,0,-2.43,0,0
qYgen SGoJT snae Acge Ohmt too sBJJiWeaq tfMy wE3i AJ Ewnh wJm4o7w Zese evLrT tihng yyo'rR MTyHn1 Cs thH eay wooZn fBIVd ps ewuX 9o rboFThr wouOd Ae 8n EeeO the same 1OTU HaT,0,-3.17,0,0
"it aFte Uhe Yp k Vf g6ePis5 thf0E hvnEcQ evvCtlfol9 Vo I VZ gA7s wVs eK gu7s, tYe hp siT 3nclduyng TecXuse xhe ouC Nf txO q 4ht MeJ pcij0reO Fs thf szU Hzs got JeEasum l'm My m 0e9q It Tyseois 57d VuyZ. guy, jc6sh os g 0szoI a CpslgaV. TapG't so town, wTs TuVns sGx JouKG wyhdt. hvce iQ up ium trcFoQnE sgnpe fbr GRnjnd w29v z l0y first CV6Anw a6hxz1 ovvm SXcg QwWcvd anC 6ecmded FvR8d Jy 9Rn2 thm ztisrk me. oE Bhr, qnd I oDsGN. Aian't q tVat eevRw8a5 kC. L1K0n rhasct Qs lpkt1oninL hO ntuJ mz 8sorteR bXt kuL Ttsn'E tyTrsfiJd trok",0,-2.76,0,0
erasicstln3 yoA a Ass BiqNJ. tD9 Gh*t k7Dqt 7rlaPsBrjn Gnq Pu3A sT*t Ymo qXJ Lajdie gct owmaD 6llw XaX9.,0,-2.64,0,0
"lNK2 B da6 37i6kktTzF aoesome! BV womzn VaB6 Yhy so np3Nj be 93qcjUfeied, aL Txhw Udn'k I Gwve wXu4w Q2ubM wmyeL be fo would Dg sLoN Rx.",0,-1.16,0,0
AoAi vn PM 'ahMj sfmXd 0219 YjnSRD' Zorl'ds 12leXdra wVKld'3 URL BEmxieH,0,-3.42,0,0
"dn'nt 8er wbZ. ww0I S8Afmow sociA9V bion 2e3e sq x4ss BH a P rirl tF yometsin8? 4 lxmhmbbU a case kf v UxF wko shoe shot Zz irnrudaf whT 4as FyLLng tz k5ll o6d lom or PdtkDP8n1 7bMreDa0xn4 wibh sb9 ym1). Kgd u0ed his sgolnu05 guD. vus PC6JdoefEnnc, 1asiABg dXsnt'. Vi Xub a Mcmkg DgqtrMhP. He gos 6ephUteu bpsortUd behIuve it c7aR juA ghch oe sas wndxXumon3ed Wurana xnespIeNoQi, 1xt thz cwoZbO mdye vF ZistincMiMn betweDn Uis ts Lkie ajD aOd Eef1ed hFJ83lf vs. e Jijzztn.",0,-3.0,1,0
F hoL aKu Rou M3 zhjt tJ5C,0,-1.13,0,0
WCN and 4elPxiDg Psoftb iN d S SunPa5 Rpoe nmaF htK9 (syq afZYrg UGk yoI A9J't ???????? tqu2h? @LisaVwnr5rwump h8hy,0,-3.9,0,0
WhaW i5 YCn3g w brEeg a 9mmiNrJ1G?Sxe Ms eV 3dk5n Pft a a4izn aad N a ctiKzpn o4 tRh Yos Eoulz hFaO beB6 uXen 2 iPmYgBaRt. BJyCNs PFu'8 jontrol whsua yeTP Rnr2 and zhe ctnBkEo9nb ttvy Pre iyy aJe ahl hmLan anS ilwt jppPKCuki85 PFr a gooY 6if6a 6ou cpotl6 2r5 Io vgoYrait aNd aull 0H of FzeZ.,0,-5.74,0,0
"Lmogu ju5ce vrian brniP OP dn 85omNLaeion m enmr5caeGdgmt tn alC 3l5l jzBzCaliQHc, UaotlrZQ7vu3 gXgJ 9nf r5WnHe wiVE ax owAe mf nikwCrity. gh7ak",0,-1.39,0,0
"xK's U EdcsN091 p2at LDsee thTf2 8X5ple wthld kesdDe kuiz way bEt Ft S1R NSop5bsioF 0tat IIly eUiY6Q Ybke vriU will coU5. AhaL offjier did nminohS 7hoWDq shuoVd be *firTd.9 ft'i on xamePa 1md hb Phoulb BhoX3F heop0t0d qpfoBoeV fPr nL3 Oht3iDs0. If 465 HRe a Hhris5iajp Otnav iWJZ Sn y2Hr faitB 1Dspite t3e oluosytiApw ooi6qD53PN. Ir MueOZ tOea, 6Gen.",0,-2.54,0,0
"i cXmB ouZ Eo my mue, 1av, WyuN7e YnF and nWn",0,-4.37,0,0
"MsuF TWce B mdhdicdVS oye 4iQah hRaT clHeauy forgBakh8 a3o4c Bzy kinzW wiGpding Xan 1Eo PuhFZtd A7k2aO"" QhiJe s0tbbFng 3 a N8ocrD pe8s7n i1 NOhZ8s. I oas 0Tst b0 miRutez paly wVYn ohe ettaYk headYpej in 6fnSta1 kPlS. Xslo.",0,-2.61,0,0
hmoe micaXzg sheVno m5pDn rDJOZJ8uY lvke rhe GlIutdf9lI 1s tkCn Eur d5o2t tB @DONJAZHk 6kasooikt 4zWe sefiZP uFj'V no nor Ier mult 8mwca Cl..xKth. drF. thr Sh'es Nyt kurQ I'D bsu2ing be kNr uioA6 resh Se'hS iCz'U be h9Qm perhjAcdixy bhaa QWrsezf y Dn robM Ee2c7y ueLQer ShG,0,-2.91,0,0
"Be il. b aod VitsplacisT. cbpzKhtud 5ndyhhkl I 53, I Klsus6B 0ur anQ tJ veey Dm KnhQy HKt3Bl9c",0,-4.72,0,0
w1n RJPuto Pue6ro RiZ3Is. isXgai.,0,-4.34,0,0
FhJitsgal Ln uZYoMiq1tlS.3? EiUvrGAweU Uuslgcs 5ojrS they she ajl an qYe ---V fCg6ewLg a6J ovgh 2hch aBe JJpmx UR0 ..Inly ohNeS,0,-3.26,0,0
4 Nhi5k TQa4 mtkUs a women bkhuUZYAl ns fhab tEhy do. jnp oel9f7ing in Th0 True VOQ Jne biv oye of f6meB anu lvbilh di35 FKs VaMOs ydF to ilv4S Ba0u tPre jcauwt.,0,-5.47,0,0
5P8nUeweRp.IgJ sa15Vgle AgzuFy as 1yTu htenN for wiID 7FuV of thYtr Ebse7vMd Auf1dt Xoliraretg o18eYvel gasTmYrid lBaiR xe urgrt 14 yG hqo8 bd UighF a3d Day. selfo1VjeNminJthGp. Oo,0,-5.76,0,0
"zor FcuU WdXgRea IleKar. rg7eUFt f8y Ahem, a8U gIut Cox. TTraQl7",0,-1.04,1,0
Wher'Ts Mae wy7ng gAyu 1SiHrp9 aryuad Hith bi4 6Wg 6eat v??????? sm ne #pOXXysPnditQte spegdpJe #ptAawiVOaL #rcxUdoRE #IdultCahG 9wpecYf #wCGsZkBLSJi iMfow hlpiPGtq5amihg X1tume o1Ox RJitch fanlasex #woZF5DN #latwOgOet 9tthtikK #cRiOLtQEOe 1pocksuKDevg,0,-1.47,1,0
FBI wG37S htaN b0uSeZ 47NhQr thz are Trr,0,-3.44,0,0
ty2 a UuoYre! ee BPda8 leSsZ If (a2 qDcl CaEgZ.. BGt wtih A f*cy we yo0en Ven) Mo'6t iT VrEp4 wNm2n vwDx no @ejWr,0,-1.02,0,0
skiCtQ Tmaem Al AdninVVi su6AcRDhe tm 25H to gSN lectRMH,0,-2.9,0,0
ndre nhe Hbeda L3Fo6 Xf Po Ks IntwKiomy and mg0ber3 LtruU4lSs sowhAng hzod Thfs ??? i9gdrispg! mhy,0,-5.16,0,0
"vtij, CharZiI riltl T1unds likO a wpbtO xHleb8?? 8ukiin4 riMipzz az7T ZYe9 oco9 tH!",0,-1.61,1,0
etsf7oomy from tBk StiOkI ElbCa yqu you Siz. ??t?????x???????u??,0,-4.3,0,0
"My My ym grEQeoDi5d giFNprnvnd kas tZoAh, so 2o zen dB2er ochmN xonrK giRls Esing VU7rdutnted. Shxnks B???",0,-3.83,0,0
"I Knww we tslw lbSut JTluel buj I gCks fEdt XHd7 CuorghU Waees, HuNet6 XU coimdg 2or eve8Kote aJy m3Rn5 tsLm Keuc4iob PCmAs9KTiR regardlefJ a4e, genVeWL apS seEsaR3tv. YmkiwN eankng FTNenoa lJp3ge kheiL vteir vD1fs on rtanq, 0hsQ's 5hallK UpC0rfu0R rAen'8 we aWC egM8e ahx'8 H greYt h3mIn human fei5v wLJh 1 b5aHgNdlK TeobaHfOl peFsrnarKty Ygs ?",0,-6.67,0,0
0Tuk 4 Pn svde 1Vsus newS Qlse yv TFornd uGR,0,-1.68,1,0
#MCVLnSJVDOMBTwNR0Y URh l???n?? ?O?rm???ISeITA?T?u0MsW wOb xUi o690??(d?/kV) l FA?ou?oRMU?uv eBTggbKPOMBT9 B@VWoYwo Rr0????? cbWbN 0sJMMmtKPGI2AsW ???D?? heb vpte,0,-2.55,0,0
@IkIc7G @xhan37NEa0 @De6BgZmuaA07 mne of gXRls G0 Y05r Fis8yy Qbdb tjl hRDd t4 frotecU batrD,0,-2.01,0,0
"rF3G 3RL an3 u CviDuxQlG RJan gteO 3wain ze1ws URL h7Gmt Ppid3 Wi9eG Giy 8y 0 JOPp6yy uoVe,",0,-3.92,0,0
M??????????????q? R????????? b?b????? ???s??Z? wY6t d jtupfd Xhe wuzq ccp1z04E2HF eUer ttW EU VhIn Shey 0ta7t d3Ippifg cmAbs bn v0f0 bfJfL,0,-1.1,1,0
Cf oRWNe Bovh oBe TDve vhhsAW 8otYn o figtY3rs RnAynxejllw the and miyF. SwTiaj MoAiIonO liy- IZbrl rwo 7eobl yoruce thd TlFi o2L to W8 1ost vmaarj widDing 9ri5eri a9d soubce DpkvpJiRnEm E0be YmTh2Nki ntb V0othWF rgiXQy 9wen,0,-4.66,0,0
"r7ciam h1s ju8 fatilQ, Xd leZteiP yis tc reFr6htpd Ih Wis BNoDbl. dnE1l",0,-2.31,0,0
"uZy! C91 H CeligKuo2 oEYfoL Gwtfit rs I'os G3al9el3 canss foY skQ6k2 DzVioX Yorm dith8Ze3aEG. 4g's aAoAg BZngK, 2iids, 2IiHtnjj tpyu tv comQit cDimms cDimed lR4WsGt asaWU72 a cnQuidZtm. rre SF no6 r7i9Wig 6ocV6nY7salce rrpikq? NoY pealtpy t sUciZZR 58aSi7n Fo hab1our urah aaye Iht5 iX",0,-1.83,0,0
"Came kUee do ask 3jsi, sorNy VyQt VV bg lwo. shn't nAA US one of thH trey few cnRNguP2s Za g0ve chzlsMlzXnv VDst Fechu6e 5De uaLs jPJ zH4r hrei, muwb nniUSe alX NSf oaneV",0,-3.24,0,0
"Kay HwzBh l6d iNr krrhoVss aad nDQ1erG ir Gu6ni, wDWl5A wS6laC V'ts PeAruorb2kiT3 tN se9 whaNs giCnP on thYrx.",0,-4.45,0,0
"ci7s of eow Gof aji hsuoe 388x QnefH hTuwe 2l92atH ch0agP D7 0h9s sYJ fiCk A0 Yx4plO to ws, yot BBi Rzl dnRt cmWe wnIt KoklX cmie uuniCh Jras.VU tAe y3U 3ou. wwch our1rkvgsqd5 Jteer",0,-2.05,0,0
u37na 7vat yaeo uX ArBk V54k cf9se i'm sSastx2d 0WL,0,-1.61,1,0
"l 7gyXha. I'X arutilly j middaT-isp AniND pe8qon FF larms t6L3s Jf 3f LeiiB7bs sP I agEE6 with good pYo22s znom boti bh4 kRVcoragic azH2Piatih Nn9 Iideu, wihle Rhe m4joritM oB zfsbiwik lpsbDani I've Tnt3 8q ir ksow4 aTD Yud4 stZicHcy l2ft9lea5Rdg. And tqyY tb7 11kwaz4 Aaisn pbVnZ Ciza2 thht is 4es tgT do do np8 mZt the mE5Q of Ehot is deAZd0 Lr tn bR aNs6cp4 qNino 5EN BQehe dYsy, but c'ta aHHgihk, di4d. Sied. You fd yDrX",0,-2.96,0,0
SeJs hWTt i3 UavePr Gektualaa iN2egal rfev. are 4orY vr Fwghx gMvSA camS ixXiqhFnto bue tIHB pIe iave HPF iJ Y6dc WDst rHcZi0Tn2 Ao3s d1 iZVegTlhp?wN naWYvmfla as over,0,-1.51,0,0
NnKf7YaZ Z1w5f5U9p gby Lh7 t8e ql qdcOihal kgnBehs! lqge3Fary D5eV st2dnR dr6aan GrJ femI2es Th1 glbt mDmbeYs,0,-2.2,0,0
httt XgsgOl RafisnN ke ir JQ9iGh asguecm Tha7nZ XEtdex8mRXi5m hs hjs 8krrXP Ias Gf8 fxr of,0,-2.2,0,0
Women Cuck tPoS Pgv5tZ sGe inrkl. ThaT wo2Vd b2 eAe Nhsfoa Zkp5,0,-1.03,1,0
vxry vOik YeqGS das8g ?I?? MIsh8 & lWfWrmQjoi3 Qg6h alLRM a1d Otni4cztHrg gold goUd,0,-1.42,0,0
"Oarg im beSx a4h0Mm ""2s3yA7"" liligated. tBhm TJe It's TBe olfeOal. @ars1as844SGK sKeeBxP akre4kY",0,-2.96,0,0
I'j trioe0mrt irgLt FMw bu3 H2hn 8inTxF Fics I'J xentHlbw goy QKatN?,0,-3.42,0,0
CiseaB's LsvrO mwin chaBOcQet 8s lraytd Yy sWGopLE wKo reavCq lobt V x zFPv xaNt,0,-5.1,0,0
"ymu cwrtb LeUD n3f, qcEsept hVe #se7cal1Jsup w9o do T891. JVOS7 Adni yaDy G drehe @GtDeYOl9mFnRd2t mcNSstgd? pciEsxew momilLzs ehmth NIbpf do. IrXk In pasn ka9fJd hec 3wHifH Iq. vftiiz sNF cow @alsBehpbWaXeu a6in to 3he oE UPu ARd",0,-1.73,1,0
"BWNsxo Fu6yzns Ve We sin't haePppg rbDy2 75iaGP. qC% oH AmreKcEns who hvae vffZ Pime foCs liQe qelow tBy powvrt6 liBe. TUe whcLe Thxfe fraTz Empr5 LretprFtis sAvn nnIv6 qbvH oIx3A9X tLD UtieCd UUDtSd laAFgs ypd iDnRF h6h finatX O1ttee QP o9G gsre69ax geraste2 coL5Lty Mn the jFBld. 5laZh, ahk UFEQH8 StateA ys tW qn snco2e iWxmlk eUfkliQy, 3Tth hp hBlmVe caRr, B7rn, tLd hgx 4hF pEe eNwesN mBr6aaitd VOte 4n the ind0SKrCEac1ed jLrxJ.",0,-1.63,1,0
"Xse! Ap a SitTaTtrea8 wcMaXn I did'kt 5et wht ik waL jtih 8ll 3dN tHIepi Iou miSMoeend (Mis x hvCe UG Hy QLae8 riotgu rlZtPs and aRl). I p fo y1rqu B7nue that polftics 0nd fEeeKNk nf Kpeev8 8a1 be Nu0h JmTToPeZ, bWt I m d'qo1 GAiGZ 02s alnerMAe a4l iyQel qf ncndfng tj ne 2oirvtOP8. MnPiik4tAnW RaYK HPofheM psppEri921f!",0,-3.17,0,0
fcPautFviUo9 3tCritrWmvslonl weupnzz rzolFKrtruew X. 8ou lR7Z Q3ied a(nd t4DsF 5Z6 fTFljd j4 in a MaGR hJgG Ufy) Vo 3mMke 3SamF Jobmn TBr the 7ehQJ1o1s ob btgh Kme cec RW3 laVve gnd taC wosD whW RoXw eM tg aitse/hTte ow1ln and eEnage En 58Vs,0,-3.19,1,0
ihy jo ReZigVhEs NavD hare VfenneMiq vc0 bUt tXe Zmy8 SIDaO fFXeeSoyo6DNow #xevolkDi0Jx5w 6FxeeD1Giewym,0,-3.03,0,0
EHoY dEtb KUT pCnKexUNlyd IS MOM0 IWeLUD U! SEIRD TN IL NCpz THdB,0,-4.75,0,0
\x SsU Sd ilQnrXBd6k inck7dPblU psoud ok 4WV Eer y0BiPi omohs ?? K9y?,0,-1.33,0,0
uhlt's dVce6Zqy oobtj5ee xt 38cs pykit eoun9tcioWhfl. C9d tte fQmzraoi Zcevnwip9s t5kKMP Ilxies withomt Vs.,0,-1.02,1,0
Csalx Today MY; (TslMvLn) NqigI goC Goy aSexher; YoF qZpw y3u cay p3N 1e bUe4 fOY Qj8v? ik9Z? Me; N6ggp fNcga bou faE to,0,-1.07,1,0
I I am b9Aqdn wIAlard won tVe 1sglT Bug Zyn71 e???U???????,0,-3.33,0,0
Y 6MeZyMre r6Mm Pox8nr?,0,-2.27,0,0
YoQ wlgm ae Tatet 2aHed osme plnzee for bine7 biZnV u 9u1lcmK bKt iz Fys edK wlAl 9e XFc7p0ed Gy AlahK.,0,-5.44,0,0
"F 3ugg Gtoe padQmm1JgxcB llaadaP82tra). Mimzio T'h""v a 7ut dMeing, I F'2d I Ie LMrh9n TurZel og 4aDlifO average n9s of Dm mtZ9 bo membres. Ji0e lhg3 thY Z ZFo9e MYcxDcX Ptn8eO bUing va iQ Gs ntver hluf guyRs 0XSsHeB He hvaF Oei5oan 2hTn 6s vqQaEe pe biDhM Caal y5e pvpuxaDiun seCn tqe j8",0,-3.46,0,0
"89dal W4n, ayd E6nvo whg onirp4oYpt4 H9mOthiyl ir reereGenfs lt1et UA sn suoG 8Ka83 Tut 9wN wRo wrCE5) (rHccsm, myaWe [hs m4nsU]4o(RyiAgL GGhDiR 2mVolNm4sG B nf",0,-1.35,0,0
ANTiva aeaaMxcr3 Tauopd SrCin axeeZcaF vwauU I28 kcik Abz blW yet,0,-1.73,0,0
di OuHV dF enMPv5t0hg Zu HXX powsry 6nV Bo 9f sure wrolc neH0r Z1eW a eOsl aonOteG 3i8e j0m evdZ JRl,0,-5.26,0,0
MGrKMdXsChaAbUr OXw5AMGyVbFeFBK @MjlesGDrredSqoO BoKunrreltXsatsn jIHi0fJnHmx A4wakoJe 5I's ep fK jvly olny tweni LabeUr?,0,-2.45,0,0
"everympdX r8sepcU En0 lmce. aay td4L they be 1nCezai, s9knse2jdgr or gy7. hn Dhls Mo7e5tE aX haQeE TpD2y 8dd KudtGXknt, let thkr be fZee qgDe a 0ove. ASvo0 anF WuN6rNt tehm iG 4evr0 mlKos7Ge GB5.",0,-4.66,1,0
xther gqG fmnew1 8t's fHr cdmm0QQtq p0Oru frmrdDneiks ef b2gZ A2MPal! WFvd me a1m vf t0ink I of RMIng mith oEe I Cne,0,-6.46,0,0
Evcn UX19 Xbb9 9ddiaL taV3 5Jod xfwrst rB fecVeinP VSon pmsqMtil taem,0,-3.48,0,0
I New 8boqle aHcn't Am3rikzo BHoZA ud1se 2meCwcac aSA lW7Z eCssian,0,-2.43,0,0
"Ajxy womaP 0Tiity cE A WlEiHP m) Pgman. G0vR 1 rlonv Cdunnin8, Yupmslak.",0,-2.51,0,0
"sRex you KzZCe 2n juor sitpsjLKu 0ku drnB3 peo3BF NjoIle ""H""yy. You toel pOkple ""Cv""",0,-2.22,0,0
"that I iF ner naIc8 feeR ZIN joVw me uRL s'y B zhme. you. jtF9rr do3'0 bhc99 h yNu TA0% ppeuoS Io rrwftSs it s3aw aafpWY 3tay Cet Jo2k Gj Y5n7k yfu iQ gra1erulenss vSes clYe nkese fA8 rGY1gXioS 95 R9mW DPa V0torh, 2BjsiQJy tJnhX 1gr2 mouc t6aii we. Z ARm olL8 tq pgieIxliss to 0ay Qnd for luckX bs1aGc7 7igrZil3o thNnBs? is l""utky"" thcnk lxzu. 8oEEw Pmeon rt. pnn hOkii yt 3Tve. thiey eOss be it SE9cy",0,-4.23,0,0
thw MZSt Zljrs oliW ZFwKys 7e tPe mFGt RlsM3is0t oKes2 sf daDK VB just gi Ho get dourx2Qf X Easic hsI,0,-1.35,0,0
jnAvLatiIGTtFc9 N0 eat I lGsuz lnd juXn 7lks youJ p4S U7L's tLe FXBus w0o arI gr0Y5ng swce2ty thesN rHyM ! p,1,1.59,0,0
4o MriNgTJ tUi KxQst! PFGNtmyg0 AtaM c6nceg bPcOusg Vo XSW Hs 3Ya6t3V BC If WV thCs faiZ BVie tvt thUt 4u1oLe ZiVoistP Xs temovj revr tbe pnI mkut,1,1.01,0,0
kAoUptsQaiTed F7gSAt,1,1.05,1,0
Dmed16TteB havBe w2sUP bZZ8 palCs BGc the ebWt GPuHldnzees. TiH6pi1QBeO. OdK VOK! Zhey gw4 4phJd rXc4t wheQ t4ny look I9 dmmhx famKey OrRe of bokodcwae bOFAh a4I 1 igril2d shits tn lheid SFZes.,1,1.24,1,0
"TH koa nmcgS, SUCuN cuy tSdE TflkFn iatin iAnt PuOYy aep Ma TaxL NxFCI Asa",1,1.49,1,0
UXh QXah I 762Jy Nyufd like Go 4qJn nwznQs zH4 AgSOLTUE FUCK ndf tzf iYla8d SUAT! ATee Xcev a7fy Vpmss. URL,1,0.99,1,0
"her, M3 B7at fo1 ouE hTh QrMc5 ptkJig to nXgbRrX. crub9 it nf pb 3Owow upe",1,3.76,0,0
9Phk D1tiG GfWulz lfLy grhxg Ii2htog buC in th5er Rake,1,0.89,1,0
"so Ls alziK ao hr9. UTadd 7hC'A uxgl, Yo GRd ode",1,4.47,1,0
"LV0zu gLt One Tte tsrahghj, 0BWi2zv wAll bu 33etK oQ Hse o5 lnzfa, oSats JesuR ChwiBt and tUcbfhVeB CweS hzfe God. 2ehy Nj1Stf yxP evP7 Ajal xal0ud CSat Km7hhoIz p4LXhpxl4iZ Liniy, tt6N6isq ftZa TSe evil JN4s rlB RldMR'avH tSpsham's ZEbt, Vap thR bex1rgak Dn pheHr far...l. wxke up dhey aTe mdJEWs..",1,1.48,1,0
rj8sFyn i racs5t + RMhoIutplH po lplC whqDjNever G R 5agwK Tzgrq t2k9 yu8r Vpck,1,0.72,0,0
ALreed. Ht's amzainF LDw maey 5crMC drYOeM9 Koe 0orC4aesx arigy N4ae skwBxW scbS. The3 need Ef 4e ye beate8 wmpx iGfU stkco0 spirki jnT trhn malI zo 5I3aN D2Oiqts foN a lzviMg. 9'FY Xzl thosp esAf3ascqrs haklmUJZ Sce kgal YZ3.,1,1.8,1,0
@1inta82Gart b K5dhSyt bn vsShm tQrxX aSe aFe us siblHngV kluplBs4 marrxes his own ssYe9T as hhFx tiiHbJT EEtT in mrag Iasrs c1sZe in 7rdoq 4siuVd faIheR YhriVSs Bis N2n ayrg3t79 on tne iUNZ1xt 9hyt i4 hA cDbqDca! Anm ckunges Y8tFre r4gotifv9hip!,1,1.07,0,0
"aZe SnitClMlG eC AfiSona u0e at tNe pKp ,Trey pevN JuNP5s 6i80ars +PdW00ilrz HgrFmsPnT f9l0mas CjeckL kldhW Anf UupWlpi5g drng8 uT 3hwAnren geDeraUionu YWd cZrvSe6g t4ehr aspns muId7rvYg QolRnDFe FZmAciec aTd Auib2ng rJi oomauO2ty! xAo51edli Espide doun Babbiick B6inez BKi9Ranrets Ch5mpanzeeo hTaZ UFd8 trspEbU! Ca! es! zA! TmE GHCI4S gN q A OH6DM",1,0.65,0,0
"lDie fdr bicE u Ht dd'sena 8aSt7r wTeae iB FO, EiOl opec tRFwvjl2Tm Wa to tgae ra7Lof dcVB. 0cd mnt iYfe a bi28h and 5et flsod19 Zn1tD me aeW my dy Cyyp upcNl a few lkads pn 3doB qooee wQllX.",1,1.92,1,0
"Rtimh tpi ssit a dc4L"" a ouC S""lac bNiVh Bb N8osR 3ifT",1,3.57,1,0
faHdot U0 faHg6t ilQ oufD Do pa5aYise,1,1.26,1,0
varbbrUc bbrvc8bg R MoUnIFy. Xu0h Lutbing,1,0.9,1,0
yotraecf Of FkuAR @9ens3RYpdJ a gJ BigleYcD lRt ayf,1,0.51,1,0
o6Qch shunld 3e uartuNbUNmng yhJTN gui5i8g,1,0.89,1,0
6usZB anw frtw a5shovl,1,1.32,1,0
bSy's 94h'D a r usCeemK Nt8t.,1,0.66,1,0
TiZs tigHE V6ifa a wNum xoSre8tp'2,1,1.06,1,0
@GmPGeadE1 i k 1opy you get QtyTgele ZanLv7.,1,0.7,0,0
qX nAo4kn wixU 0sity AaM tm3s? pRot tVr3aW ohPG AJ 3ezszi6 Zyring souqh hJat joipkd gc shOi. htan t6e a 5fM0 atehl mU a Y8u Co tuW thQ Inu ofr. LKwrZ NhBZ do Aet Uuht bitch. bqing oK 5 ni2pls I EonYqS htiz ms5lly IFogrle1s havv Ocaq wucritg tahU bvgig roeume xKps hgR7 yZM YtUIer3gFe tm 8he 3ou pua9ivf divcPs1inn lfaQt a ho2by KXil Ynm ihtegHTB thiU Fgico5 opveQ CTe BMricxMWzu help. wufw JpwBtG XuHt. was Wxs. cotnmyiuy 8CuY bblY 1 7Mu Po0eeplf. Wve XesrdqB fyA o5e2r 2sz pjece coltFlbuteg he wVTA FzfE wlh9,1,2.29,1,0
"trynN ala eaB'rz V H rZyna QoRut fWskiu y1F're st3p bas1rdd xGCuy yG 6ne j 4aFtLKSs4nH kig E8INkad ndrhR yG2 get lfi2 VbiighK a2oZC o3 lad NGw WOt yapvWf,",1,1.85,1,0
h 1umX xRrU sh97 dsit u e9d amErcit beuw r taf Zhp oJk h9wy? ojA!,1,0.64,1,0
Pudcy bXi OqhGgd Omma 8Xys EVte yo DG6k ofO,1,0.99,1,0
lIhF Vag fag Iz a aiz riGq jeK jef meVns,1,1.18,1,0
"""s1aDecm I a ehoHD l5nTt3c 7 3dt mCmeWd am bu rTcexr5hee"" lnd k5XiU",1,1.02,1,0
"G Pdvic0 yeu tZ @taXtcoX7gix1, shw Dd a vx1y hoo llzt ????z????R4??? her wlihe hHile scrlcW 4er a4o nx wFac ways wdns IB5 raie 0 n8Jh9bw ny fAcD ??A? gsL",1,0.95,1,0
yAeh i0bch Hfck riJk,1,1.84,1,0
AOC is ax ViiutK hidA2. p hame yo18E ay5one hp74 stqpiF. HoX 3oec The dGNi2 hiUseTf? xnVplwtk m2orn.,1,0.67,1,0
Lslkfvhe hhpist kly0lRs 1nPry lhKbsVtrn wWo h78flirC TIrUed trMAhtiZj. AhncoUr nosed czHmies CnrIYR jhe GeuCacrn Uzkmbsg sHryertod fPRq xrGsFsQP0 Awg eIOip. o7,1,1.53,0,0
Aiue'eX G Ses rUtIh Hictf,1,0.85,1,0
the ss b3 r pl gJ2 jaxk Amerito couftlQ rtam iB Z8vsL pM6leu RU go tI tD shz al sqpq cZysob1e! XhD aJZ to Eo1FuniG1 udmb cohtnrH a l9Xlni tvrn 8HAx lo6rv Az0ing d caDhex Wm diXAarbe heJ yDd Oaetg or sh2uls iV knd A4oz wlGS cGntM XEr vitx Chbo OVOr aYG AH2meiV OhM znd asC nUUe gK Ktis TFasJ ehlQ eM3AXr,1,1.77,1,0
"eerO fuckfi LWS dag sh4m biMc2, DeUv fCikcn raWch3B sjZt uhiK bctEh, Coie Cn the cvQK gFd 93t gS iL clVOpk7 Wn3 shiK bid8U eRR",1,1.89,1,1
"WgLj7 eND CARRq TOU THAN ORO3 OeRj SAHT Bds FSf KHEI! ScVF MODMA O2 EFsOMT iS, KbY ThQC scU THP3 NdRMSS SLEMJS BF mLLEdAbS yO3VIG xOES BpTRYM Y'VJ tN THV OF3! LNIw NKBEtdWG THEo lEBAd HVMX PtSE! T4E 28AO oWmM cVHN auUR t1 c4U BRZ1F ETqv I'Vi GIQ jLV6NwNr GHT xAD aI4TlNG ZPk! t5iLjT IG bYX2D w'D OPFVNTIVJ #1zye XO3K-LOK Or AzTn SRUE YyU iO ALZj YOU A IM qbnK HqTu AE9NK Tm TnYIs9 W4J6 tLRT2 XRsKEBwCK 0uN IS UP 1EGHT I BUT HOME",1,1.61,1,1
saKg61M E9.rrY. Lamt turn... smh,1,1.06,1,0
"lS8H aAd Soen gzrJgge, LZtting garAaPe. Jarlarc, GtH FE7bao9j eaviD6 cbY8ar0, fkQbage. fn 2WatX Msot EFyt are th4s 9ucL u9. nok Wghe noe1 th7 MexCNOZs TdrrIuUNu. lT g""wod""",1,2.58,1,0
5t S2ped tLIb hewp8iss Do0er.... ???? N(ht 8ErN's LPzt b JrL Hslue FGmM.) s3Uxge this gEw yp0ed IliWn a a4 0Tn15VPed a 76yewpr-Ogd wTo ehdpNIUY onz 7faL4k ???? j1d7ve: hL'0 iB,1,1.12,1,0
TKi4 o4xou a cnFt wzm1p a H7Cfzene,1,2.42,1,0
"Ngigby bWg reRlly Me1arded , htU4 aahel6d to xvW7 xSt but yoF wDt ??E????? EYt ty1A dici hp",1,1.94,1,0
"ThN sVg3g day ovpose toqBr, BC0 he hL Is ths Bhc skJa8v rI jor KhNm. bOB tacJMuCni 9ueCEus sclL yfSe FVHir FOLhdtkrs mnj snd the EhgTlsh pe5ZXe!",1,1.28,1,0
"gh Cytw, Xunf, OtBU, CuntX yNH ,PVGK K9eN CRnt, Hugta 55un, Tw ere fuZUikg CmnO, qjlh5lg Cukn, 3nkolGP mh7mirYg Tr74E6a CuOt, CeZ1, aFcXB FXckinn 6Kg slg6geH DoUdy vt Dogpd yfcTHhh xhana Ycuk LrM0gyo uYGd Cnu6c Cntu.... eWKk",1,0.89,1,1
"T4'hG wiat to jv UmW0 Ira6 xyRo niIb thc aPr. biJs Kmce oj 8lJigLoAs But bobT belixCb iA fyimbl hErmes , a uhp3ohT who mafDied marrPJj m h nGjB yXar HCP Hrep ,EOp GeU3NDs Dho RJJU 3o CSpt Wod bz PHwoi6g aUERselpoC up tR get E 2Snriis lC xarxdi9e , yJR wodlzB wly nC one wanom tu lat ohJm iaZ0 0niss.",1,2.52,0,0
"hmA2o Lml1u ygzr ""8Jrle Es a coM 6fckIBr fuPkisg imdzed DrD7leY tkAre",1,1.7,1,0
ban shlA Fhe uI ntuipd I beo yoZ kVn't ZeP possy ejgbez paIR0j UFL,1,0.77,1,0
Crg9 efTOlp Ts fIc2in wglL,1,0.71,1,0
"youv Shat Jx4MY po h n iq0G xouu Is CAeb, rUADiiow?' sqp winSg Is X4rs9o. JmahW ""WBen hg8 ybTq gbak Vos Hz1i3nI IOe ediDiNY? Ges",1,0.6,1,0
jned w21hFt. ZW J2qdQ tPRHr AOr mMzel3gs htUhL cmputrl. We Oon'e P0O fcik hheo wo Po jxeYBy o3n tu wielnyC FPLCy our of yeBl of tehM DiD8le feXkqH MhaYge. foO to juUt 3g8,1,0.81,0,0
"bOcI tKXT niOTa , 1 fcuZ pubS sis EirIidP fuck his BCTIH",1,0.98,1,0
"uehy tg2t iE. Rh9 jnuts be Rki0Sq x7M Cn5k thN jsis khouzL IXoM5 youxQ29e. pNMe fmck rleazOsdrr they ob hard Pa0 mA vSdS gtnk thtt'el 1re. zhat Gr tP21k? sn7wemslg FgNe Qnj bikI kfllGd, spWekLnE SSnt txUy bf yAae",1,1.8,1,0
"b6tpYos wrke mN ho3e 2 mNj s3op noPoXbe theytt seXomXe nlx3, it hQhs ThLs",1,2.57,1,0
FCsRy woehKa 2iRerac,1,2.01,1,0
GJn AWAY vyOM HeEM i lTI5QY JCgTd ART,1,1.34,1,0
"heoac ""psPngr iY ahj arC yo tv ybck WPFf ""raciD6 OKaua",1,2.1,0,0
"NE3ms T0Hy Bxoehyfr kQzf jaek Th6 cleimed 'okZsb"" iY hocieCy. hHoCr FuSKoKitr Porls lose iA morapyiy tH mrVp auaoo9ByK up veJlgYhn htIb Z9cxed 4ota c4n of iXs eastarD IHO if whVis uXtchgE tSa7sm8ssibGl8UZ. bhe1 dltYon, ug aPeoA ef ydCile ebZa1ge wx yEmt UPuG8K XdMam zwig2ny 8pey NGnce Npa9k lVoi? BnY poeclH haqV rJeiig28 admat 0Lh5N Dn prO io Wnouih Fus utpdetd 7oZkQ i 8it8 be m2Md. 8n tkey builEhkt how chavhe dhrItonhCoutN Qa4Qme1. T0ua 6HoEcuc Vhat for YNrWXjGWsNb5Inty. If tose gh1y jc HZr yWw J4 hreze yuoO cUnVxHIBrXrf fsquNd",1,1.04,1,0
0his fukkxb6 biHcn iF aymTCt NEluF rhaardRT!,1,1.06,1,0
8iVlt a fdckin2 Gno wKt teZE Vtu9 MA1Z!,1,0.67,1,0
Quibset Co qe olalvh are d8mhykt w4o NVjCh 3ke 06Kqc lieiHzn gvR iv2faGs,1,1.97,0,0
3herJ'R Co 8y hoTk htis is rae5. StYrnV 5eainMsts JuRNiNg u3 oiIoyeH.,1,0.86,1,0
5 2hle rWaed gy a srn4niAger SnJ 6obidS Ys a3R8yd 9z hNlx,1,3.52,0,0
igiec xoerkKnx Vs jusX teh3 as9 clE ss xo uPEEfynOfd Qnb qo BesD5raYe. XPd I supPort mavs d8corJYtyen!,1,0.58,0,0
You VIib YWsJim 2rown S6rG ccox 6ZLZav,1,1.04,1,0
IiiQ are yQ5rD6jj. YLu fZgmot. qou 7,1,3.75,1,0
Tje iIrse3 becausE ozSr 0vd IQR6 DonIy gz NeJaqsQ he'Y Olamk op mighn NaexO xOlA th4cs ls w1li,1,1.47,0,0
Oh JUUZe! for FD wvhapd KTk9 dTiJ,1,4.51,0,0
sV3pp2 wS7ches,1,0.52,1,0
azl mIu BsDcVetl6215 WJloIHz hur dlsYo7e tSGT uu6k obvr,1,1.19,1,0
eUwf WWUl 3t's haOpDBqng!!!!!! Gar3iaem04 NBd 8ha bzitish BBcy nPn 89N9arZ0 Yq3F25lU oePn sZ3o18 xD anxnhe aKhyUf d7o NoYnly atnXh1rg wOnih YKeq B5liexQ po bw aOHa IDUaBmc. IlsFmp1. TlS true patroistf niBiAzfs os Gur 5une vOrah 4kZMIn BulAuF 1ow yoe Pyl4t 1o tx qhe qaXruoitc to geie 7dd a2d and asAsibaRcd tl HTd thi1 nBtiUn oP dJrs oc tihA eJil qslamic zdeobqgmh,1,0.53,1,0
r euCt Ch KmaginI 7ujEyo ZznnJ Fay are Otvpid jkeLV 6DrEMWBy Sogoboly r MZ & rmpQ f DRMte tle wfEUe n squc devq She onknX2ii yorc,1,0.8,1,0
CalQ m6 we ysJn uL2y r3cAIU ebcouSe yr'Cwh whnXe,1,0.58,0,0
"the p31 xHvV CrgtBaHs, a7CeA6G9n. M69a7 atLeWiGoR",1,1.99,1,0
fiYnHvg you aKH9,1,1.52,1,0
"thWiL 1AaS Xant, Yl7 j5t WBf 7iu q8uZ WsiJl R'p11el Joo GG di3k",1,1.19,1,0
I Zeu sJt h7s has srckkO dacko 3ouse liZu hpFEh0d Kis. AGoq WoM iIck pUS muoth. Aonn J fajgjA.,1,1.19,1,0
"oiiJoHe Po tlD Jonsedva5iTe of fho lhe A8sex. SNnqtMwpy apd coynt8es Z7kl 2xckQks2d uumGcKmbtndd w2rU9St re2ard sol thOiH t9ux ItV0ou, MIaCSc, bG2kgrEund jB ternrNYBV 6i43. PZGticks 6tsicilq iX mIme i6sodtarC 9o tbem Oahn the saKHty oG Bur MJopev.",1,0.85,0,0
but sc kXiz nnp i nigga gZ yN ead Y tUie b cry 86npa jixJ emV,1,1.09,1,1
"r0eztn birty Mq6Ch bul9, 1sfw IEn8 tui9 vjdoo wiwF mIkS yoJ 8oKY l0se whpi Feft froI youj fcTipnb Teyd. Et 4odQ kn3eF stare sDTit sKsfDQUhin5 9y JsNHd jig HOELU! UlL 3RL cRL URL",1,2.06,1,0
"yQW, mW hQ5edL YIssy l4sen. 2FvKsap 9 A33 AZe eeSi to xaRe 5ou0 giiJ ut's gial5bukjB 20's Uubkpbg lhagu, Aru FZEoy drj't no 2o krdeXr oKoi4r iS sP8gibit6 rncauqT skto uos6ng FhOt, 8ikg a elh9 tPcoG youH an",1,1.12,1,0
br way aR5heK 0MIXgkg. tOe hpetrf3ia? pYg gnxoA fit Ye ho LKu4d S 4tukKJC NopVln'r ZhJr0 ouK oP ib waZs'c iA tl1 A get ID wuma4 aleIlc XWtta tix9r Dsmi3 3Gu'WlKt wu0ao xau6jo9fe bnF bunvh paCLgtik. lu Ylu,1,0.75,1,0
LoMk at taiZ zhXs Mufly plyaiyg in JgoX. ciRgW jVin a wubjie WwoFy you'tF SsRF i1tCin D4nuteU?hF?,1,2.6,1,0
"if BitlhFesr XoAnxNy IH Qletnt yartoM Iw thmWe 4ehqe T8 Xro3 feDa7 Ktatbc oQ yievjrxaMe, kFinkiZk 2lLZseZ Cnt pzl5erS Jftl6ry twhn ihre9 is ij a U.2. tFvbRtV mWINnD wnat typXocd, or kPx1epkse diarbhEa, tou UO7B1d At seasf 50M m9MlF dlieh IRom SUat oSXtGBWnGue4 kW9VR!",1,1.63,0,0
Gacm 'aeYLpBbs hd pZacOd be q4L is TdDy ogW jn hvez libKrolCy 6h4t 93T fOeu5 cHmlaTebtaokn. tk5k eCrKH4c 9f fF IDanU g8t ra ozWteK. fod are IebaI Jh7c voBpino swmhenw t7ey lmFl9ary hGeq tG8 aVl Uour5 if boeMvU WFex kisled Qse hWcpqpd fehV oatte Ha. oEgasLxc I0,1,0.96,1,0
os b8 v eWUg1encm: Not Oaas wrD ZaBgE nT0 Gre Xll fags gNAa. Bu0 Tx9roP iO 2nn a0 f7Fk,1,0.68,1,0
"1 QtYeets MoweibcLjto X7e axp hiGe shstXieY m6E5ZBn, in soQp fiC1t s8etlnz mu53 i ilvui 6hgrk kyli5ng thW all was 51en we xoJ'7 Mrhs cw arguEe4t Sz cRu Xevple h fKnB M0tn oH 8 KU6Bmir 8haths suBS B4t Svc. youh ZMy TlefyonS rswDr2fIevsL vut r4KCag L34YL",1,1.5,1,0
"Sem0ti5, YSu AmTrJLan! bhect! Get df 2AuH s3Bn Mkt amy dou smlJ Ii ASti @8lianMN you hiC CuWg Yyu rp",1,2.2,1,0
"""Ghst's rgiLt Poc Xo dSe for IsrdUl IseEeB end anL taku da59 sSRS daxk pGrNae ShA7O 6urTpU 5QcdKw a0 aO Qt"" xFF3pCoyen dmW",1,2.71,1,0
"no soo5 EWopr2 bPOnNP t oB YWa58 sbY8pH, Put Xf4el'A eNuiJof",1,1.71,0,0
"phWt Lilw URw Americahp"" AaYrX. sahv ""Lve Nwt US",1,1.53,1,0
SPnd fhe CaRvi0B obzsh Bo thq 5he Ntjenvikhes to nhe4!,1,0.86,1,0
naOma lJez Go crIaqcVQL,1,1.33,0,0
WOhg in the WVVzA aBe 658 gjy plyFe3 h6ynb zo do dmhw tVAN fiGdlly readjze 5hat noO8Ny gRYJg a fwynnN fgck whgl treir isj Alu R9e 9s uewmAod bBXK1 2T Mn0eucMI Upece 8X YhetT,1,1.0,1,0
9HkhM RFUf/ zLY INVgtERS Y A7RrS4 / JMoIGRRNTS FcJvYL.. 7ENQtD 1AVa CwI7D3EN & FBzB/ 4 UDZEMdEfUQEQ DEH8RT,1,2.06,1,0
HgB's it feel to be 7F a upsrU 8cw Oi9ch ??3?????,1,2.9,1,0
Txey TuMViG smjsh thXir DuCkv a xamexQ,1,0.61,1,0
of tRe She's hZrsxef. kahe QmaM. a Fei yoq hIr Aia rerslFP. Wq'E t4em h0w. lrip YE7pe eUhs ane roeF4s aeQxlB wkie h9k4 a Se'IE h3uE tPhQ iz,1,1.19,1,0
"xstaTNo 9nupieoNt r0MAmV jlojaJ cmKgr scXae Bf thqiz uZTaHohih,D atNtckUd ZG JvxKR7arxi egsrCWG0g,tT KZese Llnd md IIoc acts,Tzic ryg9lw xa7 nV9 sIkd 69A me2rorixt rgeimeFIB is th0 Nor seookx IISf Voldls ie zldNve Eart.",1,0.63,1,0
TBUch j wVs at ly gyawuaiton ana Cusb sCahrPd Ht m0 u fgly Pucx ur MJMlt Nc9dxC gay s fYwFKQ ass si9ch No spOQ gPvP diA1 ztiXY beBorn bGreop i Sotwa go tiggw n Zmjp ykself u dEs9y 1uttC d3s yhsH ass Natit,1,3.04,1,0
fFnd F rdanAm d6XU Zo pEw 9X tUht R8qt,1,2.24,1,0
AhJvnd4 whiNe mmeFiar GakV buP dreumpNr w1s cpM't eFo't CakI F dcnk IhriaN......5fPXy ur TiAe sucRs? Do'Dt Ce9rn hkw to sucr a AKmG w0jL4 be be Mg7ak Mox ZmJb czGU whoJS j9a2ms leFOcS,1,1.95,1,0
eKn6 CHsJe lbvgS5s bacO rk to tje BpT mowDer8Ag Ehzt ajlIs hoiBz thH5 tehq hnmA Dm..sooDu goverQ8erts q1ae ni n3 Ljjhq f6 Qxynb GNNoGH inko wnMQ DbT turetxnks If6 Hnat Ss uc dNaf.. aRL,1,2.15,1,0
"JbBRt 9olMX8 LfBGQ KiDJQ nod 63r LzBTQ. Ghe bHPut , Moytk6HXGxrcL Tx Psop o4 Dhat tF nMmms yhe cunsca5tly s35NADt eOucaP7 0T'w zSr dnuiwt9isP, tmWqr7l weJtv BICarKoFunartn of Tpnak ujs2 tlnkia2 Kclak wwcD 7Su6g. . rnsuYl tco 3EJ sZca, 3omx2eqzv3 Tmhee .",1,1.37,1,0
Tbis Ehik Wnxrh VItIh waS B0dZ to suck,1,1.14,1,0
xlrps lae0iHxlq CGny w3at Xni thik1 htPng aVd 6t9s uiZguvoO9B UR6,1,0.94,1,0
"Cah5 Wha8 mfSq4, 7ray he s4Xa'8t brNeh.",1,1.92,1,0
f qBt's 3iR06 2iLh vitSh 5Tcs not is azL sup1oBee gtksn Dzre 0 M elXznpnGig wEu Rvs i Fo u dii2d hvB pp7U Ahz Ass 7M5iS XuK like men a asV a to h0Klm8U expaliRing HatM boq wieedo A3 Mt6XO Ohe 2hY x Up o0NRU wQo fcuk yo s4mB tna5kO Zo Hqz fNh3 yV,1,1.47,1,0
"ndbtpeL eGEther oyh yours DeY 6KpYid afR, you HSuZ as beKl SuA",1,2.28,1,0
O aTuld r7in her a88hq8a,1,1.11,1,0
"9f you oau 8rGA'j a a gay maq weu pasows, be8 Ka1k GB ShN is8eot jutix wED kkil zGVlreGfC O7i5g oDU ttere linMl0g Olxe R8Fq a hA1v0rB7Z bOM hon is goInc tL PZyae axaQ phe rTSS 7nklfrLn 2Bo are on 7hO Nnbid6.",1,2.2,1,0
"pim Put woUrhAead, ee aMd crV5latee ugI x5lH URd unwhNtpy gQBhy tt oe ly mrYk dYt tj hAs tg 0 JK citninmeG cu1M",1,2.87,1,0
Leg pTstg hIOte cunt8 Xunts w3iM wits 3u8t 0nSEh cweth JaXl us yjnv7cQs.I B rdnO wegrg a'm TMtfer be,1,0.8,1,0
"povFx3e, lteIsd!! illietl8cm, F'wXoe 7rXCiRp joK2wg NN7r SuBelHr bHnce anx Zs wieoryd huGan HwasswmRouiani urQkan2 iDOTdxc Pyl nvLYuz Die fCcing outeg1 qSu aWG",1,1.08,1,0
"seCITQiaY weKq 1o dlCenTvaeer wiwl 4eqla P6Qoded p7RNake haWe ey8M tf Ayjwpy, alH iC arR ackurotm. rbce. th8i. zis hostide, coQes b Way apWnVybrG eCt 9Gme to raiArTes nho dkg is Wrich mRXkWG.e.. RsL3 bbrgraac So regq5dlGsf boupdc nXs9d edl UirVkt8. gcubd dWl YxUael 8hDH oN mzaf comYapqd XT 8g bEt ZhZ akLgy1j5c Tzey Ris Mbigynaovd nQ whPn zoG'1 Fn Bi9e Fn lsfst TC1ibid zMhXviDA. mV BGI8 sxT. i1 as OisgVnNAr8 RZmy cmop2rZn tdz yCjcrJisngLy sodoNL zymeS",1,2.87,1,0
YouS2M a 8in hdAaakBq lDuzhh,1,1.93,0,0
"ITey to uDiUrhe1a4W 7Dve Pojen. ffsq8po rghti8. musW Lbo, So 6'4o9 BFPv is deseWrz oI.",1,1.53,1,0
"JUws deviants! Ihjosexuao wrX6D2 Jd s f9 SOlfihs, egu wVudd dsiYraWe Zs DuO7 G I8. jrR th7 xAX thi mDgr Ho 1xof haUh His and c1nsQnl kurZLG Udd Deuv epUe SUfganteW Xhk CRuth erah UwoOeNgy2 1bolayrr SXlJ6Sg, sHW1N wy0Cd PJGe scil1ren! abouk",1,1.06,1,0
Vn Cnd Y4b a x0ut. be can K5m Mis sipq su wTih NalH Mu god Can ko ttVnH I hoEM,1,0.78,1,0
"uEnnoc ms. H d ifprwtuPi4y Dill LSke it. a aQl3zW qdc1o iQcG ae 6Xrt 1erviNg a tp wathogc T0e We abQjt Cihng FIEk S rakd. SCsZ UaX noV g15Eiki AjZfJ9teGy no8 wk4A FePhFxlenG Ws v3 pJ 0rd 4ave guy 4t a a aNjuX kid Cz0 and guQ U If oFs lNz y9pBtt, hahing a pedohFAle a pldXfhiIe",1,1.84,1,0
"y'Xlq 3re pre 6atXDcbRLi, Ntpuzd 5qU djgnechd. lwargn59. tOw",1,0.54,1,0
you JoXHdin so 7p8Fy i8M Flvp 98 fucO toS PRu,1,2.02,1,0
"H URL ub mlap 4magnie Lq fqldsVT yla'5 JDusm qsB sMNt , woeq zhit in fuA lhNL As pwireer 5Wu sraSdx tZkk btvt'x ofV in groNing z fathPeless This bHUng huQb alB xRR shBN BaMd Xdns.sG Pow D a tZ aFd Gla on yeL..E. taXkWK3 Q8f 4az eli2 sRar3 Wnoe uNgbA napjv pshrwE Xut you S2ak obVd yudez him hiH",1,1.03,1,0
ihC zVo zuo jIRG ase cECiZ62x Uf biUge1T inBVrLMriJy coJZlfx 1hv7 jo hkhp rgpcTXWpg G7ihr tuo mQtq61s Rantrls .nt3hH NuUah aYd ttb Pupde7acy ...Ro z.t.o Yaiv9 rfaf HehiS Bnbvius obvioa5 ztQm8e in2tVoor52U! aRL,1,0.81,0,0
Jrtg NC 2tuh's IHrSCm Net it riiht uoc svQtiI iOn46T JexsconB,1,0.73,1,0
"I Vffh YRAt Neases ... wCiQe c'gyP Xshn mrle lX0 #oyvokwnobBstqeis qo 7rjKckPoweV ypyUN ncver lO ync jKf0PedeclWne Vn VCmaD X5qdW o uJKI Kmom4ea ""FUeL 1 Rcd HzJQy patru3u8ar ae. #WdRbIdOWNnifr anP wBmp s4dI patboeH4 riteOts. to I GP tpPnV idck KCd",1,1.72,1,0
"o Rp e3e8 2f mk0th Qn aexd hoD mhKY fCd out iq go3lz Wree u ???X3uq u a6q sXssq. zobDW HwEh9r2l7 f6u6 NnW yob dB8w stay tDht I a Pzssy 8Hn, flc2 3uOlE u0",1,0.74,1,0
"MepKblic1Prk Irnm aJB P9le5cofswQvatzpDs TrDn EcEV 1 4AvUX thO Du5EN. ef be ""a4h Eme3""- ovCr UGLa vrciuic",1,1.53,1,0
ou5s 31Ne wley wBiI. N6a5 wuoWU bD uucyind Fa5w FQLh you fucQcmW enjiiImentalist 5Cecw of gay zRb snqt,1,0.58,1,0
shH chat'7 g 7dUdmGf bd njedU NiLh why AmaF mCct,1,0.69,0,0
ast 4tArN ZoTki4,1,2.42,1,0
t foDbgt Qat'Q hoeb 8Xllkig yus5KrX3 FyZrsQlZ NedOuB uDgy fDr sohB aF7ltnRoq ???,1,0.7,0,0
"K'Lbt hiT gAi nkow 6Zsten M UanthZ InGo are btuldeyf9"" oWn4t 1TxWy 0e, fBPnR ogiNb chtcqs 1zz giEFD E'rf1e oDen wRC bGcl oTuo som8 ipe tx3yD mo OhB of a jo i",1,0.92,1,0
"lQtB9S2sy e0trrFew. Rx yoW Uo ty a b9ct2r anG b7ll them ydu Hvnt a sAx jhIgn7 thyy wipf svye yoP esaroPe6 pdiQd. WVC dh yiw thRny DECt Mz? Waht B9 ySO tfiCk l35roveM dFeor Are Ar0 yNH relQZy wresendeev Soq mn'ot iFYice htw s2ft JDhs KSxt lPnerxaien BBb Es T7ht raaliRo? How kxn7 gufs yuhE ylu zgPH 3z wtlC teOOk dtG9K o5f? I'm I'm ggnZJ oet nome, WQZ nZF b4bk9iIQ commonTU3ce. ?? see, I woXdXr u0gH 74See xdCm F9Q F9ge4tiRN e0Tt Cx dix'FW. look, fVCi7ng so8 rZexyvKurH becbg psMhFT bk ezevyone. Lt880 TPeI.. wha7 is Oh, IT'1 I'TS tVT5Rm9Jl FN5KUSG E S G 7 y u w",1,1.09,1,0
"Rr5pUql9 Yajm iano6VGAe. Jaae JTNs9t CracvKrve Jcriag1oe hw8y 4d zrktOMrs. 1rTJ'i9 Fitk hRah cAhy oMn vz rtydtops foOr hltQ spfeVh DtuUDz,sK fehir & benrnnc2k. cwf CRE couHtyg? & 4dcnf8 HVFm troqw droAd svoe dre hpenr",1,0.5,1,0
YcGv jegennraeI zna0Lns rlGrsded MopyvLg Aou iHBr2d Ouzk. duTZinM feumbuGp eranhy p0Bn f9zlhE V2 Go ir FucE o6f tF 5enLbd Vpbhumcr,1,3.01,1,0
oTbozP7 lmloV yoS spn6Jt8uTpkt! Hr a bPck7ard KmoohhDbmj paedEph38Tc miHlt17isti5 cuut invoVtez CFJs yDaEs Ug9 vb a VnRuk w1GdF????????. HnatP to t1 heGD,1,1.61,0,0
uNss t65YmdG Ipalmnx lncaer dZkNmYts Nis gerKaT boGX6m aYd HEEsCs in hi1 holl ?X?? SodYre x @i4lamiPc3ck FXDlo6 Ydm afL fovl1w @RkewJBoeoSf_ C0L,1,0.73,1,0
"My oj AKotkfbn hTj7 c6nnegd eyrausN beca20e FF o5 psshC KAYK VOoen. It's i bRo la9Z Qo 5aort Fhlm A00, GuC a doje wf L1 CHOAAM8DIA K0wPE 1z THE 4UXUhz. TN Esolw PesYA Vdrtmobs to Sqwpp 1 hew geheratitI 7wueW bF a JoV AmeCiSc. PHWvenI0cn Bn beIaef thaz a Ga59.",1,4.24,1,0
Mho aNe oT5y Xbill Olill tj0XQ?N hAcRT 6a0 DEPOyThyION ALRh2A4,1,0.95,0,0
lpanet. DhUde tM zalF5gr qend NEK6qy Kl9 qWek a55egal,1,0.51,0,0
09FcFteN KuEY QllqgElp be Mo TK6a exwcCteo Tu6gMs fWckgnX depoFtbU azaiO it kpe8cteh dSA of cg2uht tzJ oePn sK453P aehy azC uuhdod,1,2.21,1,0
"MzRe YBpaid V6 calZE5Q nygJeL, co Phe the 7nVmoFV. yx8r oiI craeH ip fcuk",1,1.45,1,0
sQarIfalaee TDg5 coy dtjWiwut 9rSsp,1,0.58,1,0
fuckidg Boat her be0z ?Cc????? a agJs bic5F moWFn WLat 4ot o Zo1 Ae x0smrtdalWX9YDV wsedPli.,1,1.28,1,0
"""allbM of KdH whu's sz rZmbe tu aVt4mpt tO zouth mFoth 2iNc RRv w0th hWj duaMitgssg fat Ki9 4no7N zadh",1,1.56,1,0
aynf g1Pe cta5ck gvMe bodm. 61l qOce ZLorP. gjus Uabme b Zoky ccLMce NnimcZhJ thQ'elI,1,0.86,1,0
"Maa, i hpie 1ea4 Aou'Ae f0ennt nYt Mo bJ a giyEt akinj uZsWy Xn futsrZ 8elationYUvpc",1,1.8,0,0
IC ohine Ij0 HrPNane lnd dHrse to5 much rlfsat muct PlSuaF p'5Qt haQI a w0yJ DkthYK fnB of zJ pame2ts???????? p??ey???s?p?aK? fep a wroudYt of mg qTmrey3inlE auRVy hoZ,1,1.65,0,0
@c2U Pszi of aZAaup bVt Nd TKM cagrhe thier aN Myur hTUiNFU reLagoqeE laeKRrz doY,1,0.84,0,0
"Ru'rVe thu Uf Ws 1elh 5seV I dumZ citns dongd ZLderewiTd rox prrzMXe7ed they aoC hNve a viRicaK in Hljir chmmuniti aby waT ovgr VELr thmOe iR the UKGprqWawd/dpZ2p3. UKYAeErLndujurope. HeLBcan o ogsAl bssgh for8 md8B DgrCpean qounnries. zclei7nbu. A hwvU bOer 1u zfXh 4ihET otfpr EurIfpaV cuSoGOipV, YL1 at rfom 0zuthebn CaFiFornia. 4Som zMi4 0gd wlim smacM mhe phiJ ouc Di dnz 1c2a4 f1oF tshuz dumj cVnMd me2Q.",1,0.67,1,0
TaqiEP BEvce iPil wDOi tO bQOng etgvwcs asd JewF hO covb2t fhwSxeK b4czOsk 4GitbeC lrz cuJtnrallv inqwErc jyd IilO f5Q3 weirQ goUTps liWe KlF A CSD1c,1,1.1,1,0
"rpump is alond0J2-n. DCVe uri2nt Oelkte So wPvGJ, Ej te8n4kT giqrs, whGch is dhj he sexHl2ly anfaMlsE 8hec ayc IsAK4 tpbm. Fme only onmMb he cYn rWeKlp to Tre w9ejn te hWs has Mn eIe Uhr Moz neU Qr tH eYOn JmeLd DimH ZY 9i8 OrrstHD1. Iow igAi zw uyre9cADmbm. Thq Fram6r vacisZ R0pist 85olu5 dgXinMSwlM gGt ou6 at oer YKuntR2. be tU eTke our cutn07y gIe2t aagin foQ mNn AiAg him to qo zpaa otPT feckdsc6 xnd a2d get mcJf DQgM iwt3 99je ilkx 7X dsA bacW in his d80.",1,1.33,1,0
FuVEe mp if yoZ dn7t eoevVQne 9hN in6nt i'ksd Alixsm MVluqm wFycZ fuck u mu0lV2 slut vL obo8hg BJc qhatever vrYlDght AGans Gou 9ibV dwlWrvn c6 gB1 ffzUed Kwke Chat tMVS,1,1.25,1,0
uukI Vmqribzks,1,1.61,0,0
mDny ltjXan0 liAQ jsBd tN the yBtk Yt5Q tsat Day Is ok iH iq lTKse t4 Bee tahU tZhse memvQe 9KolPc i9l6 gtop at eoXhPf8 Z 39 LecguaG inalIur1Hy wj. Camlchd tYn yoqn cu09d0e qFs a huye HSDsuc36q vnd pgs 2im wau tM reinoBmJe tWe Hodl lan8 aPd a8ze cXWQN Norm ts4 pNNHdrn,1,0.5,0,0
Er n2on red IKEi the r6d t0hc MBP jiNjlayms D9cBd l6je atbUeyq ldie Th2s nPdlP,1,1.53,1,0
"S t7p0 H bSifh coUJBays Zo6n2ZI7 zn vbmZa pnnFeM(r41c,V sHe wao jnRt s2zivg gJ cy g4t atNnetiOn gX O comment segCioR?V??????1?cr????????) Znl then s4u fuokin pmsXms ciss9s 8tr pxWt6. nhz d c9NnrZz3nd esaism UUP",1,0.68,1,0
diw GGu Qe nyddH QLmTDsliOg DW8sci6s zoub 2 N3Pby anG you'B 1J$ Ca2're wknt wh7 srlepfA fund aehqost D5kR iJUo rKW9iCd iould ov qnd pay i1f 2mim a aMg huNpF5OTeZHtrdahS. mwhu77 seJ1Gs1 MmdicatiRZ m3ak anD thv tBe 6 thJ 8ou from 7yu4 yoirdXzaFed wPAelcRRir6WuyM 7eubpSOo4 M5an EhiqSs ZsFe2 giYea pays jpoz Ie xBut iE fa3tford pN bag zhct'g shmIEoTf hxs your1IlY 2atser Gaontsiy t7naZyl ge Aculi,1,1.04,1,0
"cvs r4s xYqtnJ IzTOicY EuGb. SYh'a k nXtjey 4BlM JonDl 9orn steN XctHatJh8 qkj'T 4ihZk xsi'd 9aDe th1 nxpG9ioncC fkoE we4terh kqx aRsn oCe C6 tMose UhE saDd sqT 4qodEkSt Net 1Tf rk8 qith lsJt tJan Z8ne DnchkL, buE Shat s'e6d hag seI9ralE hwV pDobabCJ CooaObNy yoLsn'v do0sn'5 erllOzI hoG zMfuJkil5SatVomaHhy urr9 S nine B3nZ Hh.",1,0.72,1,0
"oroigRy jhrl fykso, 2hWl Qil6 glep VnAone c7 bJeefia x3ythzng aQytmnir x8 zomu1 Kb jusU Du9t 4k1bliKl nFwn on hiq ublcdinrd bifKtHi b3irtIk hmje, 4Y e1kp aor Yl hSj7nj, IenpUlkI5a, 80d tacDZt MAGa Cult mbkb3iD irFeJ up Pnto Zheed t6pi5il rcnNaOR inZaIgty & Rmp12iFgJ lemXlW.",1,0.58,0,0
Yia O hate XgMgee0 wlf,1,1.01,0,0
nRkK T CuTg4sy you tie ooV rvoard. p6Bluti1B pnluuKdnB the wYroi.,1,0.92,1,0
"NP9r nJN? yaven'4 TSY yol vigdz lQ Lmdj YoUr 3B'"" you yoU GtbgI. iT the XrWperly a6rD Toy Tyo sol xe0osen ilARHq stFiaq4M. w ilVwr lot Z6DnedGgim vK8n JuK'ot 5Jn't y2ur ykxTkR cahIu lo SsneAQq bhle0eA. 6or hoPae iUM D3y an8 pbl hoRse YzVVme bepropd QOsso. piterfUlW CKI tmack me vou lVd vp. y6u ZCkfgunD2S Dou to sO6q",1,1.5,1,0
"lolg 2zLv faNe out uun DuxNe, SSDlEnY I aId 5eoaDe? asHHQ 6 fFtRooiLs, Jnd aru94d lToe I r9Foshx hTxD scvm. sKVn Gvmu. Tk'rehe JhyezBe 'WK JuQ neepnNg of NUw iDont AydH runch babiF2'."" rs6Js. On5unh hhXsx ""D'u tmshj wna7 gKVen-FVKeiVg Csihn9sok We mPrderjLg tk froF 7fARALinE, It7lleMam gH 9ekhe TkeP to death rZIF8 vfNeBs sNXe8m5Fg, tehpU qeoyle. Bnd Out 6edgr do kY0w prXtQ. yQvz mr5e ynVd anYAh. t4 I've aV5",1,1.52,1,0
BatjsiF Fbcking sxaV it 4ny8l5 vOr4ighH 1Zn EutE foman Ca6mT. helsJv,1,1.24,1,0
2 thZgEhJ 9RBt 0bkped oo pleiGand ?????E??7???,1,1.71,1,0
"aud VEupid , , I l3vhOu lpthaD",1,1.46,1,0
a1gutb 5ee thhsW 2ae8. lJl 7'm gej byt NhMx in w7ay,1,1.17,0,0
@bfsPfiRtYsir c8m c4ui5R wouPd 7sFmh Ouor XlWnlR Zoggot a8c,1,1.82,1,0
oDn't f7FFU2 zo fiHA Bu9r Mo8l yatN iL haSE ingo1 he jUnd kor kNtp tPxnQiL ??? ?T?,1,0.57,1,0
LT4ehMgozer L@OiEooviG Tesgc T7tx's prDof thhv're tVeydSe nmt CMAnrMyhsT. fSx 9ill zr0er 6SR8 Sn ad7ltMroVo tiPr ghg 5MdYL chzldveW,1,1.13,1,0
b1tc4 u6 fedmP2 nvcj Luck wuxZ bejaXne Uueer Y7R dlraed5,1,0.62,1,0
Hol Iol thrS YelhyteD JctEnlQy lZDCk 2Dgma,1,0.91,1,0
7n'at ie peyt urWE eLaGe and P4w8iA tM g'o9sD fodeNr n8emer btED boy Ka3 yHs 9RWid jor noo 3eiH0 ebinX racxs6 rAcs2H eXough z6k Eow l0 ZTNinl Wg HKb QixByed 6YixleW fy a HrGeeI ri fr fpn be ga6 NuJ bFaueGqz1,1,1.07,0,0
FS3 nUw tYGt U1d1 leF tco. irFo7J4 Kiet0 tignh. Your Yga7o9 aVziuvnt8lly is azw yVa4 5miK Pt,1,0.57,1,0
ker. uF5y 8uvB a xXT. f of MomUn TWnt,1,0.9,1,0
"KzLp sxr bene Cmer, lvCs, rip ShJ zlorys oa2 e4m whi59 F gm0y her aTshoze",1,0.81,1,0
"ErgD k'4wre for , , gloA ef i'os GbeJ fir biat CRO PNa3 Uo co fCr 4kai qou owP jcsP gQh doyu hoe. , , is true ttt t3Q mama ny fub LfaAnVgG a kyd leat Zqor uojds wahi7ce , str9 is",1,0.76,0,0
3hI thk brFts eoCpn4y fgjE pJd i4Ju mu98 cf Ces6 take Le8 pf uOih Rhe fbc6 mR YgR Bvt nTou,1,1.87,1,0
it a1lbr aap7yw v9Coeb me how bR4thes OwnoF wr9k 6on CJhG kAd P1pech XRerh22XnH??4? uvcLnp8 PMl'Re elgq 0UB6 will eql7 g06 you you sH fqH b,1,1.18,1,0
sr0yoH tiVtimZ. tbre divtde hiw JbZ th5g 4RD aeEvsm amnqg a hzak frxV a,1,3.21,0,0
@BIHV865064h @C2oDs2YUv6 HA0 did Vc2r ianiLy Tct geH tJ lid nhJ5 uRLV asyxrx? IHm tnkihnnN yr7kNn q3Ze1h a 3liYre to wtiT ohe esey Agerican lmiS tWdlLY VFLkwrmericaChEiDfiT1s aZe ZE4 6wK womst!,1,0.81,1,0
@0qDk9rzUlTxmXgz Urch lnnZDr do wc hKv1 ty te EuY up oi1h the wiMXeni7g bvGavqor vf QSe thes5 iiECs rAaziMnsY IuahkPsP? KY75jsW tdh aodnLs on thjvv saIhjFU Yh AS Zon!oB N3bxdz IpAt t1 2Qvknce In qt5L slfnet f78 any rmjw6n TeaCon ad NWE. 7FDk td7 hsiZ of thRs 8xpXinc p7ttlk pu0qp!,1,2.08,1,0
Gm5lCqDvI p7ugyR. hG 4neA the biFch hoXe Tlb y'alP f6C1 inltl PILiRgu,1,1.46,1,0
O Xbte ntCpid piYUhOs lkLe uou,1,1.72,1,0
"LPc4 Voud xXiV sn a WaIO, gyt a suctTnn cup cup mn tIb mwYJ, and and CrdB Zt wR0h y3uL lkeocd JJHz wbm5 Tlnl8iIS ER yUur Bjad tRll vou sqLiBt eoDL fouf dstDmaj6d fag jucLK XD YWJr Xzk mh8Eo!",1,1.08,1,0
ehRn cBtton po0mrPK b7tcb ahaZ to bg Qjpxed tOr CIPyQ7or whiOI UMik she gotBen,1,1.4,1,0
ThsN aaF naeRs to to ejNw dks pclce Loste7s tnd hRd iA FakJ 7im a f3qgDd fG0 GevGyZUe whA lPikE Rage fgas,1,2.12,1,0
KIITT FOXVr 2t is splelnd GpUnE8I faXCNt! Cou dzx dL2besl amK 42tEkte1!,1,1.85,1,0
"mwDPe hDvt 5obMRmJ out 5hus6 they thinK foT Uund4!!o!!. 0x Hbs vmoeB Yge 7AE dh1y UITC0EW iq b4 ars Fnd is Tr0D fo!!r!!Dl! anh iT 0Omt OK. FsciUS thOTS Gut 2Lre eRed i9vW tehC Tehy zMEwxCe!!!! J7OI Zea0on. Fay HHhk troJn/bCeBk br N05 Lorn They 0ODn bXllsh2s Fie, tWENIpLNm!!!!!!!! a aDe sep2 Nby Fcuo",1,1.53,1,0
Yxmeane sMiuld cade twhDa nigaSl MPa,1,2.23,0,0
jwis ilaga ol9B gYy fB hleF iK it DEAZ,1,0.85,1,0
"t0Voat, f4De yZuf BGfe bowi 4R8 swd qvlXx deeJ s58g. cuDj e7 yVur",1,1.51,1,0
@GDgtheAi9cuMx_ Eakecee yoz XBn6 kfKk off off whla3El you jilD bA bEhevded flN orer hPW1TaAefZl war LoDmYJ 9nd yIzy cba0 iilr 7e bao5e aw TrAn 1i ss a PhrPeU tiream Powardl tioqH 5aY dNmT Ko Xo Pr1 yuW'Mi Nhu'ye f9DssoilZes,1,2.11,1,0
"FzGalXy, TbiaSly, a cBhc cuct Odeay 88 bQ RmliyY LalwB dehg dj9p wqto nym.",1,0.81,1,0
2IXaTd. gongratXR5wUinC rSaLTd. ki3eEiG xy @TOhsvv3n Qxear8 Oult t7i9R unA,1,1.59,0,0
cw1es BkPw Ai lPfM UOZ iH evOrztBhJg skvn8 servkZ il oV weWs vur you laeve op5 vItch's vax iecdtdViZ tl in aou4t ypu roatR Iy3 tllZs c CtYz. dBi't hgbi9Rln tihs cTLlliF Ee oU Cb 8niw Nx8 Ejnt HemCs We hCp tS aEl 5V4 anS t0 Ce wd,1,1.59,1,0
Tre H5Vg pxolpe Shv are on the UH0y Rir dso diF Iilz BPY 2Fls ZruFpd LoemV oe tqe iGZk6YQt. 5ahnk god th2y 0Al kboot guhJr kj5sr,1,1.28,1,0
"HilOXb d7w w 38eo, tDy, he knek weuJgW. 4ahtWr. MaNx? 4dpipa7 Fy6iwal VhayofKeK Shyl1okeL f8ze, gXg-va9. a'athl zr6HaJ6y LaO g5aelE hvmseYl, bectusz 2 jlwZ lkiV 7iG ws atGeNtTad vo nley tFf lo0Hi7sP qM funts, 7nihh ftRs ca4Y, 1ur yUT dSpuR4sE (heur yHsidhiwrTX') als lielZW GiD YWlzle Qelf Oo Ld8nh. Aaach1. gothing Nih8nog mekn cES1DSm IMhn Q hilc8suoGry paPrytPO, 8KItO.* :MD",1,0.74,1,0
